config,arm,merge_id,scenario_id,outcome,reject_reason,classification,oracle,rt
bare-git,pos,ahome-it_lienzo-core__bf4b253816,ahome-it_lienzo-core__bf4b253816__src_main_java_com_ait_lienzo_client_core_shape_wires_WiresShape.java,clean,,FP,test-label,0.037
bare-git,pos,alesaudate_kickstart-springjerseyhibernate__feb36bfc8e,alesaudate_kickstart-springjerseyhibernate__feb36bfc8e__src_main_java_com_alesaudate_samples_springjersey_example_People.java,conflict,textual,TN,dev-match,0.001
bare-git,pos,apache_commons-lang__53184369d0,apache_commons-lang__53184369d0__src_main_java_org_apache_commons_lang3_builder_ReflectionToStringBuilder.java,clean,,FP,test-label,0.002
bare-git,pos,apache_olingo-odata4__820b462f49,apache_olingo-odata4__820b462f49__lib_client-core_src_main_java_org_apache_olingo_client_core_serialization_JsonSerializer.java,clean,,FP,test-label,0.001
bare-git,pos,apache_olingo-odata4__cf731c2cb8,apache_olingo-odata4__cf731c2cb8__lib_client-core_src_main_java_org_apache_olingo_client_core_serialization_JsonSerializer.java,clean,,FP,test-label,0.001
bare-git,pos,apache_olingo-odata4__cf731c2cb8,apache_olingo-odata4__cf731c2cb8__lib_client-core_src_test_java_org_apache_olingo_client_core_JSONTest.java,conflict,textual,TN,dev-match,0.002
bare-git,pos,apache_shiro__13806fc623,apache_shiro__13806fc623__web_src_test_java_org_apache_shiro_web_mgt_CookieRememberMeManagerTest.java,clean,,FP,test-label,0.001
bare-git,pos,atam4j_atam4j__71fcecb071,atam4j_atam4j__71fcecb071__acceptance-tests_src_test_java_me_atam_atam4jsampleapp_PassingTestAcceptanceTest.java,conflict,textual,TN,dev-match,0.001
bare-git,pos,atam4j_atam4j__71fcecb071,atam4j_atam4j__71fcecb071__acceptance-tests_src_test_java_me_atam_atam4jsampleapp_testsupport_AcceptanceTest.java,conflict,textual,TN,dev-match,0.001
bare-git,pos,azuread_azure-activedirectory-library-for-java__d3f143872b,azuread_azure-activedirectory-library-for-java__d3f143872b__src_test_java_com_microsoft_aad_adal4j_AuthenticationContextTest.java,clean,,FP,test-label,0.001
bare-git,pos,bedatadriven_jackson-datatype-jts__1416f1af06,bedatadriven_jackson-datatype-jts__1416f1af06__src_main_java_com_bedatadriven_jackson_datatype_jts_GeometryDeserializer.java,conflict,textual,TN,dev-match,0.001
bare-git,pos,bguerout_jongo__3aaaf0e4c7,bguerout_jongo__3aaaf0e4c7__src_main_java_org_jongo_Jongo.java,conflict,textual,TN,dev-match,0.001
bare-git,pos,blockchain_api-v1-client-java__abdf54e6ab,blockchain_api-v1-client-java__abdf54e6ab__src_main_java_info_blockchain_api_HttpClient.java,conflict,textual,TN,dev-match,0.001
bare-git,pos,blockchain_api-v1-client-java__e349598f95,blockchain_api-v1-client-java__e349598f95__src_main_java_info_blockchain_api_HttpClient.java,conflict,textual,TN,dev-match,0.001
bare-git,pos,buddycloud_buddycloud-server-java__33ec3ec7cd,buddycloud_buddycloud-server-java__33ec3ec7cd__src_main_java_org_buddycloud_channelserver_packetprocessor_iq_namespace_pubsub_set_UnsubscribeSet.java,clean,,FP,test-label,0.001
bare-git,pos,buddycloud_buddycloud-server-java__33ec3ec7cd,buddycloud_buddycloud-server-java__33ec3ec7cd__src_test_java_org_buddycloud_channelserver_packetprocessor_iq_namespace_pubsub_set_UnsubscribeSetTest.java,clean,,FP,test-label,0.001
bare-git,pos,buddycloud_buddycloud-server-java__43c8b054e9,buddycloud_buddycloud-server-java__43c8b054e9__src_main_java_org_buddycloud_channelserver_packetprocessor_iq_namespace_pubsub_set_NodeDelete.java,clean,,TP,dev-match,0.001
bare-git,pos,buddycloud_buddycloud-server-java__43c8b054e9,buddycloud_buddycloud-server-java__43c8b054e9__src_test_java_org_buddycloud_channelserver_packetprocessor_iq_namespace_pubsub_get_SubscriptionsGetTest.java,clean,,FP,test-label,0.001
bare-git,pos,buddycloud_buddycloud-server-java__48e4675ee2,buddycloud_buddycloud-server-java__48e4675ee2__src_main_java_org_buddycloud_channelserver_packetprocessor_iq_namespace_pubsub_get_RepliesGet.java,clean,,FP,test-label,0.001
bare-git,pos,buddycloud_buddycloud-server-java__48e4675ee2,buddycloud_buddycloud-server-java__48e4675ee2__src_test_java_org_buddycloud_channelserver_packetprocessor_iq_namespace_pubsub_get_RepliesGetTest.java,conflict,textual,TN,dev-match,0.001
bare-git,pos,buschmais_extended-objects__46ec306cf6,buschmais_extended-objects__46ec306cf6__neo4j_remote_src_main_java_com_buschmais_xo_neo4j_remote_impl_datastore_RemoteDatastoreEntityManager.java,clean,,FP,test-label,0.001
bare-git,pos,camsys_onebusaway-application-modules__915e2f3ffe,camsys_onebusaway-application-modules__915e2f3ffe__onebusaway-transit-data-federation_src_main_java_org_onebusaway_transit_data_federation_impl_beans_StopWithArrivalsAndDeparturesBeanServiceImpl.java,clean,,FP,test-label,0.001
bare-git,pos,camsys_onebusaway-application-modules__e779e9fce1,camsys_onebusaway-application-modules__e779e9fce1__onebusaway-transit-data_src_main_java_org_onebusaway_transit_data_model_ArrivalsAndDeparturesQueryBean.java,conflict,textual,FN,dev-match,0.001
bare-git,pos,clojure_clojure__77342d2e35,clojure_clojure__77342d2e35__src_jvm_clojure_lang_Compiler.java,conflict,textual,TN,dev-match,0.006
bare-git,pos,cloudfoundry_cf-java-client__80d0a0dff9,cloudfoundry_cf-java-client__80d0a0dff9__cloudfoundry-operations_src_main_java_org_cloudfoundry_operations_serviceadmin_DefaultServiceAdmin.java,clean,,FP,test-label,0.002
bare-git,pos,cloudfoundry_cf-java-client__933add90ad,cloudfoundry_cf-java-client__933add90ad__cloudfoundry-operations_src_main_java_org_cloudfoundry_operations_useradmin_DefaultUserAdmin.java,clean,,FP,test-label,0.001
bare-git,pos,cloudfoundry_cf-java-client__9f6b79e294,cloudfoundry_cf-java-client__9f6b79e294__cloudfoundry-operations_src_main_java_org_cloudfoundry_operations_applications_DefaultApplications.java,clean,,FP,test-label,0.002
bare-git,pos,cloudfoundry_cf-java-client__a69078adc8,cloudfoundry_cf-java-client__a69078adc8__cloudfoundry-operations_src_main_java_org_cloudfoundry_operations__DefaultCloudFoundryOperations.java,clean,,FP,test-label,0.001
bare-git,pos,cloudfoundry_cf-java-client__a69078adc8,cloudfoundry_cf-java-client__a69078adc8__integration-test_src_test_java_org_cloudfoundry_IntegrationTestConfiguration.java,clean,,FP,test-label,0.001
bare-git,pos,cloudfoundry_cf-java-client__a9d35d542d,cloudfoundry_cf-java-client__a9d35d542d__cloudfoundry-operations_src_main_java_org_cloudfoundry_operations_routes_DefaultRoutes.java,conflict,textual,TN,dev-match,0.001
bare-git,pos,cloudfoundry_cf-java-client__a9d35d542d,cloudfoundry_cf-java-client__a9d35d542d__integration-test_src_test_java_org_cloudfoundry_operations_RoutesTest.java,clean,,FP,test-label,0.002
bare-git,pos,cloudfoundry_cf-java-client__b0add1ef2a,cloudfoundry_cf-java-client__b0add1ef2a__cloudfoundry-operations_src_main_java_org_cloudfoundry_operations_services_DefaultServices.java,conflict,textual,TN,dev-match,0.002
bare-git,pos,cloudfoundry_cf-java-client__be097d5860,cloudfoundry_cf-java-client__be097d5860__cloudfoundry-client-reactor_src_main_java_org_cloudfoundry_reactor__DefaultConnectionContext.java,clean,,FP,test-label,0.001
bare-git,pos,cloudfoundry_cf-java-client__be097d5860,cloudfoundry_cf-java-client__be097d5860__cloudfoundry-client-reactor_src_main_java_org_cloudfoundry_reactor_util_DefaultSslCertificateTruster.java,conflict,textual,TN,dev-match,0.001
bare-git,pos,cloudfoundry_cf-java-client__eb3b2f5beb,cloudfoundry_cf-java-client__eb3b2f5beb__cloudfoundry-operations_src_main_java_org_cloudfoundry_operations__DefaultCloudFoundryOperations.java,clean,,FP,test-label,0.001
bare-git,pos,cloudslang_score__66ba4f51e3,cloudslang_score__66ba4f51e3__score-api_src_main_java_io_cloudslang_score_lang_ExecutionRuntimeServices.java,clean,,TP,dev-match,0.001
bare-git,pos,comatoes_ftl-profile-editor__e87fe65818,comatoes_ftl-profile-editor__e87fe65818__src_main_java_net_blerf_ftl_parser_SavedGameParser.java,conflict,textual,TN,dev-match,0.001
bare-git,pos,cribbstechnologies_java-mandrill-wrapper__0cf79745f1,cribbstechnologies_java-mandrill-wrapper__0cf79745f1__src_main_java_com_cribbstechnologies_clients_mandrill_model_MandrillMessage.java,conflict,textual,TN,dev-match,0.001
bare-git,pos,cribbstechnologies_java-mandrill-wrapper__0cf79745f1,cribbstechnologies_java-mandrill-wrapper__0cf79745f1__src_test_java_com_cribbstechnologies_clients_mandrill_request_MandrillRESTRequestTest.java,conflict,textual,TN,dev-match,0.002
bare-git,pos,cternes_openkeepass__bb53512ab2,cternes_openkeepass__bb53512ab2__src_main_java_de_slackspace_openkeepass_KeePassDatabase.java,clean,,FP,test-label,0.001
bare-git,pos,cternes_openkeepass__bb53512ab2,cternes_openkeepass__bb53512ab2__src_test_java_de_slackspace_openkeepass_reader_KeepassDatabaseReaderTest.java,conflict,textual,TN,dev-match,0.001
bare-git,pos,dabsquared_gitlab-plugin__d555b8773d,dabsquared_gitlab-plugin__d555b8773d__src_main_java_com_dabsquared_gitlabjenkins_connection_GitLabConnectionConfig.java,clean,,FP,test-label,0.001
bare-git,pos,datastax_java-driver__0dd96ea21f,datastax_java-driver__0dd96ea21f__driver-core_src_main_java_com_datastax_driver_core_TableMetadata.java,conflict,textual,TN,dev-match,0.002
bare-git,pos,datastax_java-driver__1f25c7e3a0,datastax_java-driver__1f25c7e3a0__driver-core_src_main_java_com_datastax_driver_core_Cluster.java,clean,,FP,test-label,0.002
bare-git,pos,datastax_java-driver__1f25c7e3a0,datastax_java-driver__1f25c7e3a0__driver-core_src_main_java_com_datastax_driver_core_TypeCodec.java,conflict,textual,TN,dev-match,0.002
bare-git,pos,datastax_java-driver__3eb34e6785,datastax_java-driver__3eb34e6785__driver-core_src_main_java_com_datastax_driver_core_TableMetadata.java,conflict,textual,TN,dev-match,0.002
bare-git,pos,datastax_java-driver__725b790a79,datastax_java-driver__725b790a79__driver-core_src_main_java_com_datastax_driver_core_Cluster.java,conflict,textual,TN,dev-match,0.002
bare-git,pos,datastax_java-driver__7ff4958746,datastax_java-driver__7ff4958746__driver-core_src_main_java_com_datastax_driver_core_Cluster.java,clean,,FP,test-label,0.002
bare-git,pos,datastax_java-driver__7ff4958746,datastax_java-driver__7ff4958746__driver-core_src_main_java_com_datastax_driver_core_ControlConnection.java,clean,,FP,test-label,0.001
bare-git,pos,datastax_java-driver__e1535e89ad,datastax_java-driver__e1535e89ad__driver-core_src_main_java_com_datastax_driver_core_HostConnectionPool.java,clean,,FP,test-label,0.001
bare-git,pos,deemopen_zkui__2843e7c28f,deemopen_zkui__2843e7c28f__src_main_java_com_deem_zkui_controller_Import.java,clean,,FP,test-label,0.001
bare-git,pos,deemopen_zkui__2843e7c28f,deemopen_zkui__2843e7c28f__src_main_java_com_deem_zkui_vo_LeafBean.java,conflict,textual,TN,dev-match,0.001
bare-git,pos,digidotcom_xbeejavalibrary__6279f85f74,digidotcom_xbeejavalibrary__6279f85f74__src_com_digi_xbee_api_XBeeDevice.java,conflict,textual,TN,dev-match,0.002
bare-git,pos,dius_java-faker__4c61966b1c,dius_java-faker__4c61966b1c__src_main_java_com_github_javafaker_Faker.java,clean,,FP,test-label,0.001
bare-git,pos,dtrules_dtrules__505c5cbf82,dtrules_dtrules__505c5cbf82__compilerutil_src_main_java_com_dtrules_trace_Trace.java,clean,,FP,test-label,0.001
bare-git,pos,elisarver_selophane__4ecc600017,elisarver_selophane__4ecc600017__src_test_java_org_selophane_elements_FormTest.java,clean,,FP,test-label,0.001
bare-git,pos,elisarver_selophane__4ecc600017,elisarver_selophane__4ecc600017__src_test_java_org_selophane_elements_helpers_FormTestObject.java,clean,,FP,test-label,0.001
bare-git,pos,erudika_para__a9e67cc8b3,erudika_para__a9e67cc8b3__para-server_src_main_java_com_erudika_para_aop_IndexAndCacheAspect.java,conflict,textual,TN,dev-match,0.001
bare-git,pos,fasterxml_jackson-core__2572819ed9,fasterxml_jackson-core__2572819ed9__src_test_java_com_fasterxml_jackson_core_sym_TestSymbolTables.java,clean,,FP,test-label,0.001
bare-git,pos,fasterxml_jackson-datatype-joda__4e6c266339,fasterxml_jackson-datatype-joda__4e6c266339__src_test_java_com_fasterxml_jackson_datatype_joda_JodaSerializationTest.java,clean,,FP,test-label,0.001
bare-git,pos,feroult_yawp__141f79a8e9,feroult_yawp__141f79a8e9__src_main_java_endpoint_repository_IdRef.java,clean,,FP,test-label,0.001
bare-git,pos,feroult_yawp__1723236a65,feroult_yawp__1723236a65__src_main_java_endpoint_actions_RepositoryActions.java,clean,,FP,test-label,0.001
bare-git,pos,frankbille_scoreboard__890ecd0bdb,frankbille_scoreboard__890ecd0bdb__src_main_java_dk_frankbille_scoreboard_domain_Player.java,conflict,textual,TN,dev-match,0.001
bare-git,pos,garbagemule_mobarena__b34dc0d5ac,garbagemule_mobarena__b34dc0d5ac__src_main_java_com_garbagemule_MobArena_MASpawnThread.java,clean,,FP,test-label,0.001
bare-git,pos,google_compile-testing__608e1cb92a,google_compile-testing__608e1cb92a__src_test_java_com_google_testing_compile_JavaSourcesSubjectFactoryTest.java,conflict,textual,FN,dev-match,0.001
bare-git,pos,google_truth__2e4a23bebb,google_truth__2e4a23bebb__core_src_main_java_org_truth0_subjects_StringSubject.java,clean,,FP,test-label,0.001
bare-git,pos,google_truth__2e4a23bebb,google_truth__2e4a23bebb__core_src_test_java_org_truth0_subjects_StringTest.java,clean,,FP,test-label,0.001
bare-git,pos,google_truth__9289ed34ae,google_truth__9289ed34ae__src_main_java_org_junit_contrib_truth_subjects_IterableSubject.java,conflict,textual,TN,dev-match,0.001
bare-git,pos,google_truth__9289ed34ae,google_truth__9289ed34ae__src_test_java_org_junit_contrib_truth_IterableTest.java,conflict,textual,TN,dev-match,0.001
bare-git,pos,greese_dasein-cloud-core__6c37152e5f,greese_dasein-cloud-core__6c37152e5f__src_main_java_org_dasein_cloud_network_LoadBalancerHealthCheck.java,conflict,textual,FN,dev-match,0.001
bare-git,pos,guhilling_cdi-test__f3f8094c67,guhilling_cdi-test__f3f8094c67__cdi-test-jpa_src_test_java_de_hilling_junit_cdi_jee_EntityManagerLifecycleTest.java,conflict,textual,TN,dev-match,0.001
bare-git,pos,gwtbootstrap3_gwtbootstrap3__5c0d1eab79,gwtbootstrap3_gwtbootstrap3__5c0d1eab79__gwtbootstrap3_src_main_java_org_gwtbootstrap3_client_ui_base_form_AbstractForm.java,clean,,FP,test-label,0.001
bare-git,pos,haraldwalker_user-agent-utils__eaaaa1488b,haraldwalker_user-agent-utils__eaaaa1488b__src_main_java_eu_bitwalker_useragentutils_Browser.java,clean,,FP,test-label,0.001
bare-git,pos,haraldwalker_user-agent-utils__eaaaa1488b,haraldwalker_user-agent-utils__eaaaa1488b__src_main_java_eu_bitwalker_useragentutils_OperatingSystem.java,clean,,FP,test-label,0.001
bare-git,pos,ignorance77_transformiceapi__9a65b8374f,ignorance77_transformiceapi__9a65b8374f__src_main_java_ee_ignorance_transformiceapi_processors_MouseDeathProcessor.java,clean,,FP,test-label,0.001
bare-git,pos,imixs_imixs-workflow__23b86de5b4,imixs_imixs-workflow__23b86de5b4__imixs-workflow-index-lucene_src_main_java_org_imixs_workflow_engine_lucene_LuceneIndexService.java,clean,,FP,test-label,0.001
bare-git,pos,imixs_imixs-workflow__23b86de5b4,imixs_imixs-workflow__23b86de5b4__imixs-workflow-index-lucene_src_main_java_org_imixs_workflow_engine_lucene_LuceneUpdateService.java,conflict,textual,TN,dev-match,0.001
bare-git,pos,iryndin_jdbf__9853124d73,iryndin_jdbf__9853124d73__src_main_java_net_iryndin_jdbf_util_DbfMetadataUtils.java,clean,,FP,test-label,0.001
bare-git,pos,j256_ormlite-core__2c159335d4,j256_ormlite-core__2c159335d4__src_main_java_com_j256_ormlite_stmt_mapped_MappedCreate.java,clean,,FP,test-label,0.001
bare-git,pos,j256_ormlite-core__606986f118,j256_ormlite-core__606986f118__src_main_java_com_j256_ormlite_field_FieldType.java,clean,,FP,test-label,0.002
bare-git,pos,jacquesberger_jsonparsingexample__ac521954c2,jacquesberger_jsonparsingexample__ac521954c2__src_main_java_org_jberger_jsonparsingexample_json_JSON.java,conflict,textual,TN,dev-match,0.001
bare-git,pos,jadler-mocking_jadler__294a06c3fc,jadler-mocking_jadler__294a06c3fc__jadler-core_src_main_java_net_jadler_JadlerMocker.java,clean,,FP,test-label,0.001
bare-git,pos,javamoney_jsr354-api__6d2356a153,javamoney_jsr354-api__6d2356a153__money-api_provider_src_test_java_javax_money_provider_MonetaryTest.java,conflict,textual,TN,dev-match,0.001
bare-git,pos,javaparser_javaparser__41a398414f,javaparser_javaparser__41a398414f__javaparser-symbol-solver-core_src_main_java_com_github_javaparser_symbolsolver_javaparsermodel_JavaParserFacade.java,clean,,FP,test-label,0.002
bare-git,pos,javaparser_javaparser__41a398414f,javaparser_javaparser__41a398414f__javaparser-symbol-solver-core_src_main_java_com_github_javaparser_symbolsolver_javaparsermodel_TypeExtractor.java,clean,,FP,test-label,0.001
bare-git,pos,javaparser_javaparser__91ebf36c06,javaparser_javaparser__91ebf36c06__javaparser-symbol-solver-core_src_main_java_com_github_javaparser_symbolsolver_javassistmodel_JavassistClassDeclaration.java,conflict,textual,TN,dev-match,0.001
bare-git,pos,javaparser_javaparser__91ebf36c06,javaparser_javaparser__91ebf36c06__javaparser-symbol-solver-testing_src_test_java_com_github_javaparser_symbolsolver_resolution_AnalyseJavaSymbolSolver060Test.java,clean,,FP,test-label,0.001
bare-git,pos,javaparser_javaparser__a23c6aa3b8,javaparser_javaparser__a23c6aa3b8__javaparser-testing_src_test_java_com_github_javaparser_bdd_steps_DumpingSteps.java,conflict,textual,TN,dev-match,0.001
bare-git,pos,javaparser_javaparser__dc6254f1bf,javaparser_javaparser__dc6254f1bf__javaparser-symbol-solver-core_src_main_java_com_github_javaparser_symbolsolver_javaparsermodel_declarations_JavaParserSymbolDeclaration.java,conflict,textual,TN,dev-match,0.001
bare-git,pos,javaparser_javaparser__ff91564b7f,javaparser_javaparser__ff91564b7f__javaparser-core-testing_src_test_java_com_github_javaparser_modules_ModuleDeclarationTest.java,clean,,FP,test-label,0.001
bare-git,pos,jboss-msc_jboss-msc__1d9b8d45ff,jboss-msc_jboss-msc__1d9b8d45ff__src_main_java_org_jboss_msc_service_BatchInjectionBuilderImpl.java,conflict,textual,FN,dev-match,0.001
bare-git,pos,jboss-msc_jboss-msc__a4e21a3b10,jboss-msc_jboss-msc__a4e21a3b10__src_main_java_org_jboss_msc_service_ServiceContainerImpl.java,clean,,FP,test-label,0.002
bare-git,pos,jboss-remoting_jboss-remoting__66a0631d13,jboss-remoting_jboss-remoting__66a0631d13__src_main_java_org_jboss_remoting3_RemotingXmlParser.java,clean,,FP,test-label,0.001
bare-git,pos,jcabi_jcabi-github__27cc460e3c,jcabi_jcabi-github__27cc460e3c__src_main_java_com_jcabi_github_Gist.java,clean,,FP,test-label,0.001
bare-git,pos,jcabi_jcabi-github__27cc460e3c,jcabi_jcabi-github__27cc460e3c__src_test_java_com_jcabi_github_RtGistITCase.java,conflict,textual,TN,dev-match,0.001
bare-git,pos,jcabi_jcabi-github__b13d2596ba,jcabi_jcabi-github__b13d2596ba__src_test_java_com_jcabi_github_RtIssueITCase.java,conflict,textual,TN,dev-match,0.001
bare-git,pos,jcabi_jcabi-github__b13d2596ba,jcabi_jcabi-github__b13d2596ba__src_test_java_com_jcabi_github_RtMilestonesITCase.java,conflict,textual,TN,dev-match,0.001
bare-git,pos,jcabi_jcabi-github__e18a8ffd16,jcabi_jcabi-github__e18a8ffd16__src_test_java_com_jcabi_github_RtHooksITCase.java,conflict,textual,TN,dev-match,0.001
bare-git,pos,jcabi_jcabi-http__0c63dd0c75,jcabi_jcabi-http__0c63dd0c75__src_main_java_com_jcabi_http_mock_MkQueryMatchers.java,clean,,TP,dev-match,0.001
bare-git,pos,jdupl_lancoder__407742ea19,jdupl_lancoder__407742ea19__src_main_java_org_lancoder_Main.java,clean,,FP,test-label,0.001
bare-git,pos,jdupl_lancoder__407742ea19,jdupl_lancoder__407742ea19__src_main_java_org_lancoder_master_api_web_ApiServer.java,conflict,textual,FN,dev-match,0.001
bare-git,pos,jenkinsci_coverity-plugin__2fb8690816,jenkinsci_coverity-plugin__2fb8690816__src_main_java_jenkins_plugins_coverity_CoverityTool_CoverityToolHandler.java,clean,,FP,test-label,0.001
bare-git,pos,jenkinsci_coverity-plugin__62bdb6232e,jenkinsci_coverity-plugin__62bdb6232e__src_main_java_jenkins_plugins_coverity_ws_DefectReader.java,clean,,FP,test-label,0.001
bare-git,pos,jenkinsci_coverity-plugin__62bdb6232e,jenkinsci_coverity-plugin__62bdb6232e__src_test_java_jenkins_plugins_coverity_ws_DefectReaderTest.java,clean,,FP,test-label,0.001
bare-git,pos,jenkinsci_credentials-plugin__b9cb5f9d1b,jenkinsci_credentials-plugin__b9cb5f9d1b__src_test_java_com_cloudbees_plugins_credentials_casc_CredentialsCategoryTest.java,conflict,textual,TN,dev-match,0.001
bare-git,pos,jenkinsci_docker-build-publish-plugin__59faa9673c,jenkinsci_docker-build-publish-plugin__59faa9673c__src_main_java_com_cloudbees_dockerpublish_DockerBuilder.java,clean,,FP,test-label,0.002
bare-git,pos,jenkinsci_email-ext-plugin__4def0e56a8,jenkinsci_email-ext-plugin__4def0e56a8__src_test_java_hudson_plugins_emailext_recipients_EmailRecipientUtilsTest.java,clean,,FP,test-label,0.001
bare-git,pos,jenkinsci_jira-plugin__0eec353cb5,jenkinsci_jira-plugin__0eec353cb5__src_main_java_hudson_plugins_jira_JiraSite.java,clean,,FP,test-label,0.001
bare-git,pos,jenkinsci_jira-plugin__6ad78581c9,jenkinsci_jira-plugin__6ad78581c9__src_main_java_hudson_plugins_jira_JiraChangeLogAnnotator.java,clean,,FP,test-label,0.001
bare-git,pos,jenkinsci_jira-plugin__6ad78581c9,jenkinsci_jira-plugin__6ad78581c9__src_main_java_hudson_plugins_jira_JiraSite.java,clean,,FP,test-label,0.001
bare-git,pos,jenkinsci_ldap-plugin__3eee59e25a,jenkinsci_ldap-plugin__3eee59e25a__src_main_java_hudson_security_LDAPSecurityRealm.java,conflict,textual,TN,dev-match,0.002
bare-git,pos,jenkinsci_ui-samples-plugin__81bf937a3d,jenkinsci_ui-samples-plugin__81bf937a3d__src_main_java_io_jenkins_plugins_designlibrary_Root.java,conflict,textual,TN,dev-match,0.001
bare-git,pos,jline_jline2__348cb9dada,jline_jline2__348cb9dada__src_main_java_jline_console_ConsoleReader.java,clean,,FP,test-label,0.003
bare-git,pos,jline_jline2__348cb9dada,jline_jline2__348cb9dada__src_test_java_jline_console_ConsoleReaderTestSupport.java,clean,,FP,test-label,0.001
bare-git,pos,jline_jline2__5869eaa93a,jline_jline2__5869eaa93a__src_main_java_jline_console_ConsoleReader.java,conflict,textual,TN,dev-match,0.002
bare-git,pos,jmetal_jmetal__162d1a63b7,jmetal_jmetal__162d1a63b7__jmetal-core_src_main_java_org_uma_jmetal_util_SolutionListUtils.java,clean,,FP,test-label,0.001
bare-git,pos,jmetal_jmetal__162d1a63b7,jmetal_jmetal__162d1a63b7__jmetal-core_src_main_java_org_uma_jmetal_util_neighborhood_impl_AdaptiveRandomNeighborhood.java,clean,,FP,test-label,0.001
bare-git,pos,jmetal_jmetal__7d9295f890,jmetal_jmetal__7d9295f890__jmetal-problem_src_main_java_org_uma_jmetal_problem_multiobjective_MultiobjectiveTSP.java,conflict,textual,TN,dev-match,0.001
bare-git,pos,jmetal_jmetal__b4630972a8,jmetal_jmetal__b4630972a8__jmetal-auto_src_main_java_org_uma_jmetal_auto_parameter_Parameter.java,conflict,textual,TN,dev-match,0.001
bare-git,pos,jnr_jnr-unixsocket__467698b6bd,jnr_jnr-unixsocket__467698b6bd__src_main_java_jnr_unixsocket_Native.java,conflict,textual,TN,dev-match,0.001
bare-git,pos,jnr_jnr-unixsocket__467698b6bd,jnr_jnr-unixsocket__467698b6bd__src_main_java_jnr_unixsocket_UnixSocketChannel.java,clean,,FP,test-label,0.001
bare-git,pos,jnr_jnr-unixsocket__f8f34e5634,jnr_jnr-unixsocket__f8f34e5634__src_main_java_jnr_unixsocket_Native.java,clean,,FP,test-label,0.001
bare-git,pos,joel-costigliola_assertj-core__1b4ad829f3,joel-costigliola_assertj-core__1b4ad829f3__src_test_java_org_assertj_core_api_SoftAssertionsTest.java,conflict,textual,TN,dev-match,0.001
bare-git,pos,joel-costigliola_assertj-core__74baae279d,joel-costigliola_assertj-core__74baae279d__src_main_java_org_assertj_core_api_AbstractMapAssert.java,clean,,FP,test-label,0.002
bare-git,pos,joel-costigliola_assertj-core__74baae279d,joel-costigliola_assertj-core__74baae279d__src_main_java_org_assertj_core_api_AbstractObjectAssert.java,clean,,TP,dev-match,0.001
bare-git,pos,jparsec_jparsec__ef02642abd,jparsec_jparsec__ef02642abd__src_main_java_org_codehaus_jparsec_Parser.java,conflict,textual,TN,dev-match,0.001
bare-git,pos,jsprit_jsprit__5cf6758085,jsprit_jsprit__5cf6758085__jsprit-core_src_test_java_jsprit_core_analysis_SolutionAnalyserTest.java,clean,,FP,test-label,0.003
bare-git,pos,jwtk_jjwt__ff932e9838,jwtk_jjwt__ff932e9838__src_main_java_io_jsonwebtoken_impl_DefaultJwtParser.java,conflict,textual,TN,dev-match,0.001
bare-git,pos,k3po_k3po__084cc0b426,k3po_k3po__084cc0b426__specification_wse_src_test_java_org_kaazing_specification_wse_data_BinaryAsEscapedTextIT.java,conflict,textual,TN,dev-match,0.001
bare-git,pos,kaazing_k3po__084cc0b426,kaazing_k3po__084cc0b426__specification_wse_src_test_java_org_kaazing_specification_wse_data_BinaryAsEscapedTextIT.java,conflict,textual,TN,dev-match,0.001
bare-git,pos,kaazing_robot__084cc0b426,kaazing_robot__084cc0b426__specification_wse_src_test_java_org_kaazing_specification_wse_data_BinaryAsEscapedTextIT.java,conflict,textual,TN,dev-match,0.001
bare-git,pos,kohsuke_github-api__4e56b8bb78,kohsuke_github-api__4e56b8bb78__src_main_java_org_kohsuke_github_GHRepository.java,conflict,textual,TN,dev-match,0.002
bare-git,pos,kohsuke_github-api__4e56b8bb78,kohsuke_github-api__4e56b8bb78__src_main_java_org_kohsuke_github_Requester.java,clean,,FP,test-label,0.002
bare-git,pos,kongchen_swagger-maven-plugin__1e61731653,kongchen_swagger-maven-plugin__1e61731653__src_main_java_com_github_kongchen_swagger_docgen_reader_SpringMvcApiReader.java,clean,,FP,test-label,0.001
bare-git,pos,kongchen_swagger-maven-plugin__3d2ea22d07,kongchen_swagger-maven-plugin__3d2ea22d07__src_main_java_com_github_kongchen_swagger_docgen_reader_AbstractReader.java,clean,,FP,test-label,0.001
bare-git,pos,learning-layers_socialsemanticserver__4ada3cddc3,learning-layers_socialsemanticserver__4ada3cddc3__serv_serv.custom_serv.custom.caller_src_main_java_at_tugraz_sss_serv_caller_SSServCaller.java,conflict,textual,TN,dev-match,0.003
bare-git,pos,learning-layers_socialsemanticserver__4ada3cddc3,learning-layers_socialsemanticserver__4ada3cddc3__serv_serv.custom_serv.custom.ops_src_main_java_at_tugraz_sss_serv_SSServOpE.java,clean,,FP,test-label,0.001
bare-git,pos,lwhite1_tablesaw__13178c81a1,lwhite1_tablesaw__13178c81a1__core_src_main_java_tech_tablesaw_api_DateTimeColumn.java,clean,,FP,test-label,0.001
bare-git,pos,mashape_unirest-java__121f85b819,mashape_unirest-java__121f85b819__src_test_java_com_mashape_unirest_test_http_UnirestTest.java,conflict,textual,TN,dev-match,0.001
bare-git,pos,mashape_unirest-java__b43fb95f4a,mashape_unirest-java__b43fb95f4a__src_test_java_com_mashape_unirest_test_http_UnirestTest.java,conflict,textual,TN,dev-match,0.002
bare-git,pos,mbosecke_pebble__617aab328f,mbosecke_pebble__617aab328f__src_main_java_com_mitchellbosecke_pebble_extension_core_CoreExtension.java,clean,,FP,test-label,0.001
bare-git,pos,mbosecke_pebble__617aab328f,mbosecke_pebble__617aab328f__src_test_java_com_mitchellbosecke_pebble_CoreTagsTest.java,clean,,FP,test-label,0.001
bare-git,pos,mercadopago_sdk-java__b7498c6f9d,mercadopago_sdk-java__b7498c6f9d__src_main_java_com_mercadopago_client_payment_PaymentRefundClient.java,clean,,FP,test-label,0.001
bare-git,pos,mikera_vectorz__d93ef1b341,mikera_vectorz__d93ef1b341__src_test_java_mikera_matrixx_TestMatrices.java,clean,,FP,test-label,0.001
bare-git,pos,mitre_http-proxy-servlet__b7a68118f2,mitre_http-proxy-servlet__b7a68118f2__src_main_java_org_mitre_dsmiley_httpproxy_ProxyServlet.java,clean,,FP,test-label,0.001
bare-git,pos,mixpanel_mixpanel-java__bcdd1ed28f,mixpanel_mixpanel-java__bcdd1ed28f__src_main_java_com_mixpanel_mixpanelapi_MixpanelAPI.java,conflict,textual,TN,dev-match,0.001
bare-git,pos,monitorjbl_excel-streaming-reader__8698befdf4,monitorjbl_excel-streaming-reader__8698befdf4__src_main_java_com_monitorjbl_xlsx_impl_StreamingRow.java,clean,,TP,dev-match,0.001
bare-git,pos,monitorjbl_excel-streaming-reader__8698befdf4,monitorjbl_excel-streaming-reader__8698befdf4__src_test_java_com_monitorjbl_xlsx_StreamingReaderTest.java,conflict,textual,TN,dev-match,0.001
bare-git,pos,movsim_movsim__00d5222b61,movsim_movsim__00d5222b61__src_main_java_org_movsim_simulator_roadSection_impl_RoadSectionImpl.java,conflict,textual,TN,dev-match,0.001
bare-git,pos,movsim_movsim__6dae25caf7,movsim_movsim__6dae25caf7__core_src_main_java_org_movsim_SimulationScan.java,conflict,textual,TN,dev-match,0.001
bare-git,pos,movsim_movsim__6dae25caf7,movsim_movsim__6dae25caf7__core_src_main_java_org_movsim_simulator_roadnetwork_RoadSegment.java,conflict,textual,TN,dev-match,0.002
bare-git,pos,msopentech_azure-activedirectory-library-for-java__d3f143872b,msopentech_azure-activedirectory-library-for-java__d3f143872b__src_test_java_com_microsoft_aad_adal4j_AuthenticationContextTest.java,clean,,FP,test-label,0.002
bare-git,pos,named-data_jndn__3d47402192,named-data_jndn__3d47402192__src_net_named_data_jndn_NetworkNack.java,clean,,FP,test-label,0.001
bare-git,pos,named-data_jndn__e0db451bf1,named-data_jndn__e0db451bf1__src_net_named_data_jndn_Face.java,clean,,FP,test-label,0.002
bare-git,pos,ninjaframework_ninja__31737c1a10,ninjaframework_ninja__31737c1a10__ninja-servlet_src_main_java_ninja_servlet_ContextImpl.java,clean,,FP,test-label,0.001
bare-git,pos,ninjaframework_ninja__31737c1a10,ninjaframework_ninja__31737c1a10__ninja-servlet_src_test_java_ninja_servlet_ContextImplTest.java,clean,,FP,test-label,0.001
bare-git,pos,ninjaframework_ninja__45bb542cb4,ninjaframework_ninja__45bb542cb4__ninja-core_src_main_java_ninja_AssetsController.java,conflict,textual,TN,dev-match,0.001
bare-git,pos,ninjaframework_ninja__45bb542cb4,ninjaframework_ninja__45bb542cb4__ninja-demo-application_src_test_java_controllers_ApplicationControllerTest.java,conflict,textual,TN,dev-match,0.001
bare-git,pos,ninjaframework_ninja__663883c228,ninjaframework_ninja__663883c228__ninja-core_src_main_java_ninja_utils_NinjaProperties.java,clean,,FP,test-label,0.001
bare-git,pos,ninjaframework_ninja__663883c228,ninjaframework_ninja__663883c228__ninja-core_src_main_java_ninja_utils_NinjaPropertiesImpl.java,clean,,FP,test-label,0.001
bare-git,pos,ninjaframework_ninja__94b2365be3,ninjaframework_ninja__94b2365be3__ninja-core_src_main_java_ninja_Context.java,clean,,FP,test-label,0.001
bare-git,pos,ninjaframework_ninja__94b2365be3,ninjaframework_ninja__94b2365be3__ninja-core_src_main_java_ninja_ContextImpl.java,clean,,FP,test-label,0.001
bare-git,pos,northlander_a__c3f2865b88,northlander_a__c3f2865b88__src_test_java_co_nordlander_a_BaseTest.java,conflict,textual,TN,dev-match,0.001
bare-git,pos,nuodb_migration-tools__2e1f6973c4,nuodb_migration-tools__2e1f6973c4__src_test_java_com_nuodb_tools_migration_jdbc_metamodel_DatabaseIntrospectorTest.java,conflict,textual,TN,dev-match,0.001
bare-git,pos,nurkiewicz_java8-workshop__f5918aa79c,nurkiewicz_java8-workshop__f5918aa79c__src_main_java_com_nurkiewicz_java8_holidays_PolishHolidays.java,clean,,FP,test-label,0.001
bare-git,pos,nysenate_openlegislation__9c7cf034c1,nysenate_openlegislation__9c7cf034c1__src_main_java_gov_nysenate_openleg_search_committee_ElasticCommitteeSearchDao.java,conflict,textual,TN,dev-match,0.001
bare-git,pos,okleine_ncoap__99de16a6d2,okleine_ncoap__99de16a6d2__src_main_java_de_uniluebeck_itm_spitfire_nCoap_message_CoapRequest.java,clean,,FP,test-label,0.002
bare-git,pos,onebusaway_onebusaway-application-modules__915e2f3ffe,onebusaway_onebusaway-application-modules__915e2f3ffe__onebusaway-transit-data-federation_src_main_java_org_onebusaway_transit_data_federation_impl_beans_StopWithArrivalsAndDeparturesBeanServiceImpl.java,clean,,FP,test-label,0.001
bare-git,pos,onebusaway_onebusaway-application-modules__e779e9fce1,onebusaway_onebusaway-application-modules__e779e9fce1__onebusaway-transit-data_src_main_java_org_onebusaway_transit_data_model_ArrivalsAndDeparturesQueryBean.java,conflict,textual,FN,dev-match,0.001
bare-git,pos,openhft_chronicle-bytes__5bad7e86ea,openhft_chronicle-bytes__5bad7e86ea__src_main_java_net_openhft_chronicle_bytes_NativeBytes.java,clean,,FP,test-label,0.001
bare-git,pos,openhft_chronicle-bytes__a9e7269a84,openhft_chronicle-bytes__a9e7269a84__src_main_java_net_openhft_chronicle_bytes_MappedFile.java,conflict,textual,TN,dev-match,0.001
bare-git,pos,openhft_chronicle-bytes__e3ac571d25,openhft_chronicle-bytes__e3ac571d25__src_test_java_net_openhft_chronicle_bytes_BytesTest.java,conflict,textual,TN,dev-match,0.002
bare-git,pos,openhft_chronicle-network__fb39c8ca3b,openhft_chronicle-network__fb39c8ca3b__src_main_java_net_openhft_chronicle_network_cluster_Cluster.java,conflict,textual,TN,dev-match,0.001
bare-git,pos,openpnp_openpnp__93126880a6,openpnp_openpnp__93126880a6__src_main_java_org_openpnp_gui_MainFrame.java,clean,,FP,test-label,0.002
bare-git,pos,openpnp_openpnp__a3cca4daba,openpnp_openpnp__a3cca4daba__src_main_java_org_openpnp_machine_reference_ReferenceNozzle.java,conflict,textual,TN,dev-match,0.002
bare-git,pos,openpnp_openpnp__a3cca4daba,openpnp_openpnp__a3cca4daba__src_main_java_org_openpnp_machine_reference_ReferenceNozzleTip.java,clean,,FP,test-label,0.002
bare-git,pos,openpnp_openpnp__fb30708fe0,openpnp_openpnp__fb30708fe0__src_main_java_org_openpnp_machine_reference_driver_GcodeDriver.java,clean,,FP,test-label,0.002
bare-git,pos,prism_prism-bukkit__15140fadb2,prism_prism-bukkit__15140fadb2__src_main_java_me_botsko_prism_Prism.java,clean,,FP,test-label,0.001
bare-git,pos,prism_prism-bukkit__6dfb9ef0cf,prism_prism-bukkit__6dfb9ef0cf__src_main_java_me_botsko_prism_commands_NearCommand.java,clean,,FP,test-label,0.001
bare-git,pos,prism_prism-bukkit__74927cacad,prism_prism-bukkit__74927cacad__src_main_java_me_botsko_prism_actionlibs_ActionsQuery.java,conflict,textual,TN,dev-match,0.001
bare-git,pos,prism_prism-bukkit__74927cacad,prism_prism-bukkit__74927cacad__src_main_java_me_botsko_prism_database_DeleteQuery.java,clean,,FP,test-label,0.001
bare-git,pos,progether_jadventure__9ce4a7106c,progether_jadventure__9ce4a7106c__src_main_java_com_jadventure_game_navigation_LocationType.java,conflict,textual,TN,dev-match,0.001
bare-git,pos,progether_jadventure__9ce4a7106c,progether_jadventure__9ce4a7106c__src_main_java_com_jadventure_game_prompts_CommandCollection.java,clean,,FP,test-label,0.001
bare-git,pos,progether_jadventure__e28401af85,progether_jadventure__e28401af85__src_main_java_com_jadventure_game_prompts_CommandParser.java,conflict,textual,FN,dev-match,0.001
bare-git,pos,projectblueshift_blueshiftapi__004679e5bb,projectblueshift_blueshiftapi__004679e5bb__src_main_java_net_tridentsdk_chat_ChatComponent.java,clean,,FP,test-label,0.002
bare-git,pos,recruit-tech_redpen__58d3096f6c,recruit-tech_redpen__58d3096f6c__redpen-core_src_test_java_cc_redpen_parser_SentenceExtractorTest.java,clean,,FP,test-label,0.001
bare-git,pos,relayrides_pushy__6badde9538,relayrides_pushy__6badde9538__src_main_java_com_relayrides_pushy_apns_PushManager.java,conflict,textual,TN,dev-match,0.001
bare-git,pos,sailthru_sailthru-java-client__ee1f917600,sailthru_sailthru-java-client__ee1f917600__src_main_com_sailthru_client_exceptions_ApiException.java,conflict,textual,TN,dev-match,0.001
bare-git,pos,samskivert_jmustache__940af397c4,samskivert_jmustache__940af397c4__src_main_java_com_samskivert_mustache_Mustache.java,clean,,FP,test-label,0.002
bare-git,pos,sander2798_enderstone__3de930e0ed,sander2798_enderstone__3de930e0ed__src_org_enderstone_server_entity_EnderPlayer.java,clean,,FP,test-label,0.001
bare-git,pos,sander2798_enderstone__b515bac1b0,sander2798_enderstone__b515bac1b0__src_org_enderstone_server_packet_codec_MinecraftServerCodex.java,conflict,textual,FN,dev-match,0.001
bare-git,pos,sandergielisse_enderstone__3de930e0ed,sandergielisse_enderstone__3de930e0ed__src_org_enderstone_server_entity_EnderPlayer.java,clean,,FP,test-label,0.002
bare-git,pos,sandergielisse_enderstone__b515bac1b0,sandergielisse_enderstone__b515bac1b0__src_org_enderstone_server_packet_codec_MinecraftServerCodex.java,conflict,textual,FN,dev-match,0.001
bare-git,pos,segmentio_analytics-java__0d4a7b4e69,segmentio_analytics-java__0d4a7b4e69__analytics_src_main_java_com_segment_analytics_internal_AnalyticsClient.java,clean,,FP,test-label,0.001
bare-git,pos,segmentio_analytics-java__0d4a7b4e69,segmentio_analytics-java__0d4a7b4e69__analytics_src_test_java_com_segment_analytics_internal_AnalyticsClientTest.java,conflict,textual,TN,dev-match,0.001
bare-git,pos,skyscreamer_nevado__cdc23cde46,skyscreamer_nevado__cdc23cde46__nevado-jms_src_main_java_org_skyscreamer_nevado_jms_connector_amazonaws_AmazonAwsSQSConnectorFactory.java,conflict,textual,TN,dev-match,0.001
bare-git,pos,softinstigate_restheart__98dda32101,softinstigate_restheart__98dda32101__graphql_src_main_java_org_restheart_graphql_GraphQLService.java,conflict,textual,TN,dev-match,0.001
bare-git,pos,softinstigate_restheart__b196d4fc15,softinstigate_restheart__b196d4fc15__graphql_src_main_java_org_restheart_graphql_scalars_BsonScalars.java,conflict,textual,TN,dev-match,0.001
bare-git,pos,softinstigate_restheart__d8673744dc,softinstigate_restheart__d8673744dc__src_main_java_org_restheart_handlers_RequestContext.java,clean,,FP,test-label,0.002
bare-git,pos,softinstigate_restheart__d8673744dc,softinstigate_restheart__d8673744dc__src_main_java_org_restheart_handlers_RequestDispatcherHandler.java,conflict,textual,TN,dev-match,0.002
bare-git,pos,sps_pushover4j__88cd636fab,sps_pushover4j__88cd636fab__src_main_java_net_pushover_client_PushoverResponseFactory.java,conflict,textual,TN,dev-match,0.001
bare-git,pos,sps_pushover4j__88cd636fab,sps_pushover4j__88cd636fab__src_test_java_net_pushover_client_PushoverResponseFactoryTest.java,clean,,FP,test-label,0.001
bare-git,pos,square_javapoet__d019b6f624,square_javapoet__d019b6f624__src_main_java_com_squareup_javawriter_JavaWriter.java,clean,,FP,test-label,0.001
bare-git,pos,square_javapoet__d019b6f624,square_javapoet__d019b6f624__src_test_java_com_squareup_javawriter_JavaWriterTest.java,clean,,FP,test-label,0.001
bare-git,pos,sstrickx_yahoofinance-api__216ad70070,sstrickx_yahoofinance-api__216ad70070__src_main_java_stockagent_RuleBasedAgent.java,clean,,FP,test-label,0.001
bare-git,pos,steveice10_mcprotocollib__5c8a435832,steveice10_mcprotocollib__5c8a435832__src_main_java_com_github_steveice10_mc_protocol_data_message_style_MessageStyle.java,clean,,FP,test-label,0.001
bare-git,pos,steveice10_packetlib__295cf3e47a,steveice10_packetlib__295cf3e47a__src_main_java_com_github_steveice10_packetlib_tcp_TcpClientSession.java,conflict,textual,TN,dev-match,0.001
bare-git,pos,swagger-api_swagger-parser__41ccee4da3,swagger-api_swagger-parser__41ccee4da3__modules_swagger-parser-v3_src_test_java_io_swagger_v3_parser_test_OpenAPIV3ParserTest.java,conflict,textual,TN,dev-match,0.003
bare-git,pos,swagger-api_swagger-parser__59a85a29da,swagger-api_swagger-parser__59a85a29da__modules_swagger-parser-v3_src_test_java_io_swagger_v3_parser_test_OpenAPIV3ParserTest.java,conflict,textual,TN,dev-match,0.003
bare-git,pos,tabulapdf_tabula-java__767699f3aa,tabulapdf_tabula-java__767699f3aa__src_main_java_technology_tabula_detectors_RegexSearch.java,conflict,textual,TN,dev-match,0.002
bare-git,pos,tabulapdf_tabula-java__767699f3aa,tabulapdf_tabula-java__767699f3aa__src_test_java_technology_tabula_TestRegexSearch.java,clean,,FP,test-label,0.002
bare-git,pos,tcurdt_jdeb__77d052996a,tcurdt_jdeb__77d052996a__src_main_java_org_vafer_jdeb_DataBuilder.java,conflict,textual,TN,dev-match,0.001
bare-git,pos,tcurdt_jdeb__77d052996a,tcurdt_jdeb__77d052996a__src_test_java_org_vafer_jdeb_DataBuilderTestCase.java,clean,,FP,test-label,0.001
bare-git,pos,thenewcircle_spring-hibernate-20120924__7ec9c1b4bb,thenewcircle_spring-hibernate-20120924__7ec9c1b4bb__src_main_java_com_marakana_contacts_controllers_ContactController.java,conflict,textual,TN,dev-match,0.001
bare-git,pos,tridentsdk_tridentsdk__004679e5bb,tridentsdk_tridentsdk__004679e5bb__src_main_java_net_tridentsdk_chat_ChatComponent.java,clean,,FP,test-label,0.002
bare-git,pos,tumblr_jumblr__31bd6f8335,tumblr_jumblr__31bd6f8335__src_main_java_com_tumblr_jumblr_exceptions_JumblrException.java,clean,,FP,test-label,0.001
bare-git,pos,tumblr_jumblr__31bd6f8335,tumblr_jumblr__31bd6f8335__src_main_java_com_tumblr_jumblr_request_RequestBuilder.java,clean,,FP,test-label,0.001
bare-git,pos,urbanairship_datacube__b8bef94f4d,urbanairship_datacube__b8bef94f4d__src_main_java_com_urbanairship_datacube_DataCubeIo.java,clean,,FP,test-label,0.001
bare-git,pos,urbanairship_datacube__b8bef94f4d,urbanairship_datacube__b8bef94f4d__src_main_java_com_urbanairship_datacube_dbharnesses_HBaseDbHarness.java,conflict,textual,TN,dev-match,0.001
bare-git,pos,urbanairship_java-library__bbe0297a10,urbanairship_java-library__bbe0297a10__src_test_java_com_urbanairship_api_customevents_model_CustomEventPayloadTest.java,clean,,FP,test-label,0.001
bare-git,pos,urbanairship_java-library__bbe0297a10,urbanairship_java-library__bbe0297a10__src_test_java_com_urbanairship_api_customevents_parse_CustomEventPayloadSerializerTest.java,conflict,textual,TN,dev-match,0.001
bare-git,pos,uwolfer_gerrit-rest-java-client__8e688db702,uwolfer_gerrit-rest-java-client__8e688db702__src_main_java_com_urswolfer_gerrit_client_rest_http_GerritRestClient.java,conflict,textual,TN,dev-match,0.002
bare-git,pos,vkostyukov_la4j__d216aa8928,vkostyukov_la4j__d216aa8928__src_main_java_org_la4j_vector_AbstractVector.java,clean,,FP,test-label,0.001
bare-git,pos,vkostyukov_la4j__d216aa8928,vkostyukov_la4j__d216aa8928__src_test_java_org_la4j_vector_sparse_SparseVectorTest.java,clean,,FP,test-label,0.001
bare-git,pos,vojtechhabarta_typescript-generator__51835d3c16,vojtechhabarta_typescript-generator__51835d3c16__typescript-generator-spring_src_test_java_cz_habarta_typescript_generator_spring_SpringTest.java,clean,,FP,test-label,0.001
bare-git,pos,warmuuh_libsass-maven-plugin__5ca7b3f086,warmuuh_libsass-maven-plugin__5ca7b3f086__src_main_java_wrm_CompilationMojo.java,conflict,textual,TN,dev-match,0.001
bare-git,pos,winder_universal-g-code-sender__84d687330a,winder_universal-g-code-sender__84d687330a__ugs-core_src_com_willwinder_universalgcodesender_model_GUIBackend.java,clean,,FP,test-label,0.002
bare-git,pos,winder_universal-g-code-sender__84d687330a,winder_universal-g-code-sender__84d687330a__ugs-core_src_com_willwinder_universalgcodesender_utils_ControllerSettings.java,conflict,textual,TN,dev-match,0.001
bare-git,pos,winder_universal-g-code-sender__bc742cb4c4,winder_universal-g-code-sender__bc742cb4c4__ugs-core_src_com_willwinder_universalgcodesender_GrblController.java,clean,,FP,test-label,0.002
bare-git,pos,winder_universal-g-code-sender__c93fec43ee,winder_universal-g-code-sender__c93fec43ee__ugs-core_src_com_willwinder_universalgcodesender_gcode_util_CommandProcessorLoader.java,conflict,textual,TN,dev-match,0.001
bare-git,pos,xebia_xebium__2808ba14a8,xebia_xebium__2808ba14a8__src_main_java_com_xebia_incubator_xebium_SeleniumDriverFixture.java,clean,,FP,test-label,0.001
bare-git,pos,xebia_xebium__a82603c978,xebia_xebium__a82603c978__src_main_java_com_xebia_incubator_xebium_SeleniumDriverFixture.java,conflict,textual,TN,dev-match,0.001
bare-git,ctl,adoptopenjdk_mjprof__44b7a2b3db,adoptopenjdk_mjprof__44b7a2b3db__src_main_java_com_performizeit_mjstack_MJStack.java,clean,,TP,test-label,0.001
bare-git,ctl,aerospike_aerospike-client-java__b77316ac92,aerospike_aerospike-client-java__b77316ac92__proxy_src_com_aerospike_client_proxy_grpc_GrpcChannelExecutor.java,clean,,TP,test-label,0.001
bare-git,ctl,aerospike_aerospike-client-java__b77316ac92,aerospike_aerospike-client-java__b77316ac92__proxy_src_com_aerospike_client_proxy_grpc_GrpcStreamingCall.java,clean,,TP,test-label,0.001
bare-git,ctl,aerospike_aerospike-client-java__dfa7c50814,aerospike_aerospike-client-java__dfa7c50814__test_src_com_aerospike_test_util_Args.java,clean,,TP,test-label,0.001
bare-git,ctl,aleksandr-m_gitflow-maven-plugin__7482fdb5b6,aleksandr-m_gitflow-maven-plugin__7482fdb5b6__src_main_java_com_amashchenko_maven_plugin_gitflow_AbstractGitFlowMojo.java,clean,,TP,test-label,0.002
bare-git,ctl,alexcojocaru_elasticsearch-maven-plugin__6c23c6286d,alexcojocaru_elasticsearch-maven-plugin__6c23c6286d__src_main_java_com_github_alexcojocaru_mojo_elasticsearch_v2_StopMojo.java,clean,,TP,test-label,0.001
bare-git,ctl,alibaba_canal__10930b9e3d,alibaba_canal__10930b9e3d__parse_src_main_java_com_alibaba_otter_canal_parse_inbound_mysql_dbsync_LogEventConvert.java,clean,,TP,test-label,0.001
bare-git,ctl,alibaba_canal__10930b9e3d,alibaba_canal__10930b9e3d__parse_src_main_java_com_alibaba_otter_canal_parse_inbound_mysql_dbsync_SimpleDdlParser.java,clean,,TP,test-label,0.001
bare-git,ctl,andrewphorn_classicube-client__645941b423,andrewphorn_classicube-client__645941b423__src_main_java_com_mojang_minecraft_gui_FontRenderer.java,clean,,TP,test-label,0.001
bare-git,ctl,anjuke_hwi__93f975a6d0,anjuke_hwi__93f975a6d0__src_main_java_org_apache_hadoop_hive_hwi_servlet_RQuery.java,clean,,TP,test-label,0.001
bare-git,ctl,apache_commons-csv__2e851bc960,apache_commons-csv__2e851bc960__src_test_java_org_apache_commons_csv_CSVParserTest.java,clean,,TP,test-label,0.002
bare-git,ctl,apache_commons-ognl__c1132d8fb3,apache_commons-ognl__c1132d8fb3__src_main_java_org_apache_commons_ognl_internal_entry_PropertyDescriptorCacheEntryFactory.java,clean,,TP,test-label,0.001
bare-git,ctl,apache_maven-enforcer__f4f8c2559e,apache_maven-enforcer__f4f8c2559e__enforcer-rules_src_main_java_org_apache_maven_plugins_enforcer_AbstractBanDependencies.java,clean,,TP,test-label,0.001
bare-git,ctl,apache_metamodel__f9f2bc07f3,apache_metamodel__f9f2bc07f3__core_src_main_java_org_apache_metamodel_query_parser_QueryPartParser.java,clean,,TP,test-label,0.001
bare-git,ctl,apache_metamodel__f9f2bc07f3,apache_metamodel__f9f2bc07f3__core_src_test_java_org_apache_metamodel_query_parser_QueryParserTest.java,clean,,TP,test-label,0.001
bare-git,ctl,apache_roller__d362f5d1ee,apache_roller__d362f5d1ee__app_src_main_java_org_apache_roller_weblogger_business_search_IndexManagerImpl.java,clean,,TP,test-label,0.001
bare-git,ctl,apache_tomcat-maven-plugin__74e25e53e8,apache_tomcat-maven-plugin__74e25e53e8__tomcat7-war-runner_src_main_java_org_apache_tomcat_maven_runner_Tomcat7Runner.java,clean,,TP,test-label,0.002
bare-git,ctl,apache_tomcat-maven-plugin__74e25e53e8,apache_tomcat-maven-plugin__74e25e53e8__tomcat7-war-runner_src_main_java_org_apache_tomcat_maven_runner_Tomcat7RunnerCli.java,clean,,TP,test-label,0.001
bare-git,ctl,bronx_saci-vraptor__cb9355ed08,bronx_saci-vraptor__cb9355ed08__src_main_java_net_diegomaia_vraptor_saci_component_startup_PageHandler.java,clean,,TP,test-label,0.001
bare-git,ctl,brunoribeiro_sql-parser__a1ddf59b7c,brunoribeiro_sql-parser__a1ddf59b7c__src_main_java_com_akiban_sql_unparser_NodeToString.java,clean,,TP,test-label,0.001
bare-git,ctl,bserdar_jcliff__206c63ba6f,bserdar_jcliff__206c63ba6f__src_main_java_com_redhat_jcliff_Main.java,clean,,TP,test-label,0.001
bare-git,ctl,buddycloud_buddycloud-server-java__e05c0ee54a,buddycloud_buddycloud-server-java__e05c0ee54a__src_main_java_org_buddycloud_channelserver_packetprocessor_iq_namespace_pubsub_set_Publish.java,clean,,TP,test-label,0.001
bare-git,ctl,chrsan_css-selectors__0f725a05d1,chrsan_css-selectors__0f725a05d1__src_main_java_se_fishtank_css_selectors_dom_internal_PseudoContainsSpecifierChecker.java,clean,,TP,test-label,0.001
bare-git,ctl,citytechinc_cq-component-maven-plugin__2fb3c23f39,citytechinc_cq-component-maven-plugin__2fb3c23f39__cq-component-maven-plugin_src_main_java_com_citytechinc_cq_component_dialog_impl_SelectionWidget.java,clean,,TP,test-label,0.001
bare-git,ctl,citytechinc_cq-component-maven-plugin__2fb3c23f39,citytechinc_cq-component-maven-plugin__2fb3c23f39__cq-component-maven-plugin_src_main_java_com_citytechinc_cq_component_dialog_maker_impl_SelectionWidgetMaker.java,clean,,TP,test-label,0.001
bare-git,ctl,citytechinc_cq-component-maven-plugin__79dfb91780,citytechinc_cq-component-maven-plugin__79dfb91780__cq-component-maven-plugin_src_main_java_com_citytechinc_cq_component_dialog_impl_SelectionWidget.java,clean,,TP,test-label,0.001
bare-git,ctl,clickntap_vimeo__85bd093b58,clickntap_vimeo__85bd093b58__src_main_java_com_clickntap_vimeo_Vimeo.java,clean,,TP,test-label,0.001
bare-git,ctl,clickntap_vimeo__cedaf74fc7,clickntap_vimeo__cedaf74fc7__src_main_java_com_clickntap_vimeo_Vimeo.java,clean,,TP,test-label,0.001
bare-git,ctl,clojure_clojure__c862603a33,clojure_clojure__c862603a33__src_jvm_clojure_lang_Compiler.java,clean,,TP,test-label,0.005
bare-git,ctl,cloudfoundry_cf-java-client__0d588aa1e7,cloudfoundry_cf-java-client__0d588aa1e7__cloudfoundry-client-reactor_src_main_java_org_cloudfoundry_reactor_util_Operator.java,clean,,TP,test-label,0.001
bare-git,ctl,cloudfoundry_cf-java-client__f994a25985,cloudfoundry_cf-java-client__f994a25985__cloudfoundry-client-reactor_src_main_java_org_cloudfoundry_reactor_util_Operator.java,clean,,TP,test-label,0.001
bare-git,ctl,cloudfoundry_cf-java-client__f994a25985,cloudfoundry_cf-java-client__f994a25985__cloudfoundry-client-reactor_src_test_java_org_cloudfoundry_reactor_util_ErrorPayloadMappersTest.java,clean,,TP,test-label,0.001
bare-git,ctl,cloudslang_score__49b00c4bf9,cloudslang_score__49b00c4bf9__runtime-management_runtime-management-impl_src_main_java_io_cloudslang_runtime_impl_python_PythonExecutor.java,clean,,TP,test-label,0.001
bare-git,ctl,coutume_imageonmap__20d2a60d29,coutume_imageonmap__20d2a60d29__src_main_java_fr_moribus_imageonmap_ui_MapItemManager.java,clean,,TP,test-label,0.001
bare-git,ctl,dankurka_gwtphonegap__e19aa67e33,dankurka_gwtphonegap__e19aa67e33__src_main_java_com_googlecode_gwtphonegap_client_notification_NotificationBrowserImpl.java,clean,,TP,test-label,0.001
bare-git,ctl,davidmoten_rxjava-slf4j__fbe2fde40f,davidmoten_rxjava-slf4j__fbe2fde40f__src_test_java_com_github_davidmoten_rx_slf4j_LoggingTest.java,conflict,textual,TN,dev-match,0.001
bare-git,ctl,douglasrodrigo_bfmapper__b0056fd6f8,douglasrodrigo_bfmapper__b0056fd6f8__src_main_java_br_com_bfmapper_Mapping.java,clean,,TP,test-label,0.001
bare-git,ctl,dspace_dspace__0a0cf18c36,dspace_dspace__0a0cf18c36__dspace-server-webapp_src_test_java_org_dspace_app_rest_ExternalSourcesRestControllerIT.java,clean,,TP,test-label,0.001
bare-git,ctl,dspace_dspace__2e3c4f033d,dspace_dspace__2e3c4f033d__dspace-api_src_main_java_org_dspace_curate_CitationPage.java,clean,,TP,test-label,0.001
bare-git,ctl,dspace_dspace__eb28c639a0,dspace_dspace__eb28c639a0__dspace-server-webapp_src_main_java_org_dspace_app_rest_repository_DiscoveryRestRepository.java,clean,,TP,test-label,0.001
bare-git,ctl,dtrules_dtrules__621afc4ef5,dtrules_dtrules__621afc4ef5__compilerutil_src_main_java_com_dtrules_compiler_decisiontables_DTCompiler.java,clean,,TP,test-label,0.001
bare-git,ctl,dtrules_dtrules__621afc4ef5,dtrules_dtrules__621afc4ef5__dsl_el_src_main_java_com_dtrules_compiler_el_EL.java,clean,,TP,test-label,0.001
bare-git,ctl,eirslett_frontend-maven-plugin__3e67ca8791,eirslett_frontend-maven-plugin__3e67ca8791__frontend-plugin-core_src_main_java_com_github_eirslett_maven_plugins_frontend_lib_NodeAndNPMInstaller.java,clean,,TP,test-label,0.001
bare-git,ctl,ekryd_sortpom__b918df820e,ekryd_sortpom__b918df820e__sorter_src_main_java_sortpom_wrapper_content_ChildElementSorter.java,clean,,TP,test-label,0.001
bare-git,ctl,farin_jcloisterzone__4a38e3b926,farin_jcloisterzone__4a38e3b926__src_main_java_com_jcloisterzone_engine_Engine.java,clean,,TP,test-label,0.001
bare-git,ctl,fasseg_exp4j__184e5535f9,fasseg_exp4j__184e5535f9__src_main_java_de_congrace_exp4j_Tokenizer.java,clean,,TP,test-label,0.001
bare-git,ctl,fasseg_exp4j__184e5535f9,fasseg_exp4j__184e5535f9__src_test_java_de_congrace_exp4j_ExpressionBuilderTest.java,clean,,TP,test-label,0.002
bare-git,ctl,fasterxml_jackson-core__be2854d5c6,fasterxml_jackson-core__be2854d5c6__src_test_java_com_fasterxml_jackson_core_filter_BasicParserFilteringTest.java,clean,,TP,test-label,0.001
bare-git,ctl,fernandezpablo85_scribe-java__33d45e1797,fernandezpablo85_scribe-java__33d45e1797__scribejava-core_src_main_java_com_github_scribejava_core_oauth_OAuth10aService.java,clean,,TP,test-label,0.001
bare-git,ctl,fiji_trackmate__1792dcc505,fiji_trackmate__1792dcc505__src_main_java_fiji_plugin_trackmate_io_TmXmlReader.java,clean,,TP,test-label,0.002
bare-git,ctl,fiji_trackmate__97cfa79dd2,fiji_trackmate__97cfa79dd2__src_main_java_fiji_plugin_trackmate_action_CopyOverlayAction.java,clean,,TP,test-label,0.001
bare-git,ctl,fiji_trackmate__97cfa79dd2,fiji_trackmate__97cfa79dd2__src_main_java_fiji_plugin_trackmate_gui_TrackMateGUIController.java,clean,,TP,test-label,0.002
bare-git,ctl,fincatto_nfe__6758366981,fincatto_nfe__6758366981__src_main_java_com_fincatto_documentofiscal_nfe400_classes_lote_envio_NFLoteEnvioRetorno.java,clean,,TP,test-label,0.001
bare-git,ctl,fincatto_nfe__bd66db2a72,fincatto_nfe__bd66db2a72__src_main_java_com_fincatto_documentofiscal_utils_DFSocketFactory.java,clean,,TP,test-label,0.001
bare-git,ctl,findwise_hydra__76fe21c315,findwise_hydra__76fe21c315__admin-service_src_main_java_com_findwise_hydra_admin_rest_ConfigurationController.java,clean,,TP,test-label,0.001
bare-git,ctl,flaxsearch_luwak__2805c0447a,flaxsearch_luwak__2805c0447a__luwak_src_main_java_uk_co_flax_luwak_util_SpanExtractor.java,conflict,textual,TN,dev-match,0.001
bare-git,ctl,fluentlenium_fluentlenium__2cd4ecb82f,fluentlenium_fluentlenium__2cd4ecb82f__fluentlenium-core_src_main_java_org_fluentlenium_core_inject_FluentInjector.java,clean,,TP,test-label,0.001
bare-git,ctl,fluentlenium_fluentlenium__d88fff0f59,fluentlenium_fluentlenium__d88fff0f59__fluentlenium-core_src_test_java_org_fluentlenium_integration_FluentLeniumWaitTest.java,conflict,textual,TN,dev-match,0.001
bare-git,ctl,flyingsaucerproject_flyingsaucer__5a2a7d36a1,flyingsaucerproject_flyingsaucer__5a2a7d36a1__flying-saucer-core_src_main_java_org_xhtmlrenderer_css_newmatch_Condition.java,clean,,TP,test-label,0.001
bare-git,ctl,flyingsaucerproject_flyingsaucer__9b83c56a8c,flyingsaucerproject_flyingsaucer__9b83c56a8c__flying-saucer-pdf_src_main_java_org_xhtmlrenderer_pdf_ITextRenderer.java,clean,,TP,test-label,0.001
bare-git,ctl,flyingsaucerproject_flyingsaucer__b2ef06a76f,flyingsaucerproject_flyingsaucer__b2ef06a76f__flying-saucer-pdf-itext5_src_main_java_org_xhtmlrenderer_pdf_ITextOutputDevice.java,clean,,TP,test-label,0.002
bare-git,ctl,forcedotcom_wsc__332e09483d,forcedotcom_wsc__332e09483d__src_main_java_com_sforce_ws_bind_TypeMapper.java,clean,,TP,test-label,0.001
bare-git,ctl,fusesource_jansi__f4065227fc,fusesource_jansi__f4065227fc__src_main_java_org_fusesource_jansi_WindowsAnsiOutputStream.java,conflict,textual,FN,dev-match,0.001
bare-git,ctl,galenframework_galen__7567dd8d2f,galenframework_galen__7567dd8d2f__galen-core_src_main_java_com_galenframework_speclang2_specs_SpecImageProcessor.java,clean,,TP,test-label,0.001
bare-git,ctl,galenframework_galen__7567dd8d2f,galenframework_galen__7567dd8d2f__galen-core_src_test_java_com_galenframework_tests_speclang2_SpecsReaderV2Test.java,clean,,TP,test-label,0.002
bare-git,ctl,gitools_gitools__8f2043e3c5,gitools_gitools__8f2043e3c5__org.gitools.ui.app_src_main_java_org_gitools_ui_app_fileimport_wizard_text_ListItemTransferHandler.java,clean,,TP,test-label,0.001
bare-git,ctl,gitools_gitools__9f09acdad0,gitools_gitools__9f09acdad0__org.gitools.ui.app_src_main_java_org_gitools_ui_app_actions_Actions.java,clean,,TP,test-label,0.001
bare-git,ctl,glenkpeterson_j-sicle__8ad8d6f00e,glenkpeterson_j-sicle__8ad8d6f00e__src_test_java_org_organicdesign_fp_permanent_SequenceTest.java,clean,,TP,test-label,0.001
bare-git,ctl,google_truth__2bb82cafdf,google_truth__2bb82cafdf__src_main_java_org_junit_contrib_truth_subjects_IterableSubject.java,clean,,TP,test-label,0.001
bare-git,ctl,google_truth__6bba06199f,google_truth__6bba06199f__core_src_main_java_com_google_common_truth_Truth.java,clean,,TP,test-label,0.001
bare-git,ctl,googlecloudplatform_gcloud-java__1fa53a817a,googlecloudplatform_gcloud-java__1fa53a817a__gcloud-java-storage_src_main_java_com_google_gcloud_storage_StorageImpl.java,clean,,TP,test-label,0.001
bare-git,ctl,googlecloudplatform_gcloud-maven-plugin__990444129c,googlecloudplatform_gcloud-maven-plugin__990444129c__src_main_java_com_google_appengine_gcloudapp_AbstractGcloudMojo.java,clean,,TP,test-label,0.001
bare-git,ctl,graphity_graphity-client__2a8e8c75e9,graphity_graphity-client__2a8e8c75e9__src_main_java_org_graphity_util_XSLTBuilder.java,conflict,textual,TN,dev-match,0.001
bare-git,ctl,greese_dasein-cloud-core__5fe1190801,greese_dasein-cloud-core__5fe1190801__src_main_java_org_dasein_cloud_compute_MachineImageSupport.java,clean,,TP,test-label,0.002
bare-git,ctl,gwtbootstrap3_gwtbootstrap3__d558959ad2,gwtbootstrap3_gwtbootstrap3__d558959ad2__gwtbootstrap3_src_main_java_org_gwtbootstrap3_client_ui_SimpleCheckBox.java,clean,,TP,test-label,0.001
bare-git,ctl,gwtbootstrap3_gwtbootstrap3__d558959ad2,gwtbootstrap3_gwtbootstrap3__d558959ad2__gwtbootstrap3_src_main_java_org_gwtbootstrap3_client_ui_SimpleRadioButton.java,clean,,TP,test-label,0.001
bare-git,ctl,hdrhistogram_hdrhistogram__4faeeb6c17,hdrhistogram_hdrhistogram__4faeeb6c17__src_main_java_org_HdrHistogram_HistogramLogProcessor.java,conflict,textual,TN,dev-match,0.001
bare-git,ctl,hdrhistogram_hdrhistogram__6debea175f,hdrhistogram_hdrhistogram__6debea175f__src_main_java_org_HdrHistogram_AbstractHistogram.java,clean,,TP,test-label,0.002
bare-git,ctl,hdrhistogram_hdrhistogram__6debea175f,hdrhistogram_hdrhistogram__6debea175f__src_main_java_org_HdrHistogram_DoubleHistogram.java,clean,,TP,test-label,0.002
bare-git,ctl,hdrhistogram_hdrhistogram__beadadbe25,hdrhistogram_hdrhistogram__beadadbe25__src_main_java_org_HdrHistogram_AbstractHistogram.java,clean,,TP,test-label,0.002
bare-git,ctl,imixs_imixs-workflow__dfb841cc6c,imixs_imixs-workflow__dfb841cc6c__imixs-workflow-index-lucene_src_main_java_org_imixs_workflow_engine_lucene_LuceneIndexService.java,clean,,TP,test-label,0.001
bare-git,ctl,jalkanen_speed4j__18370b9544,jalkanen_speed4j__18370b9544__src_main_java_com_ecyrd_speed4j_log_PeriodicalLog.java,clean,,TP,test-label,0.001
bare-git,ctl,jasig_java-cas-client__9714053f07,jasig_java-cas-client__9714053f07__cas-client-core_src_main_java_org_jasig_cas_client_util_CommonUtils.java,clean,,TP,test-label,0.001
bare-git,ctl,jasig_java-cas-client__9714053f07,jasig_java-cas-client__9714053f07__cas-client-core_src_test_java_org_jasig_cas_client_util_CommonUtilsTests.java,clean,,TP,test-label,0.001
bare-git,ctl,javaparser_javaparser__091c0fab6e,javaparser_javaparser__091c0fab6e__javaparser-core_src_main_java_com_github_javaparser_PositionUtils.java,clean,,TP,test-label,0.001
bare-git,ctl,javaparser_javaparser__8ca0e9b6ea,javaparser_javaparser__8ca0e9b6ea__javaparser-symbol-solver-core_src_main_java_com_github_javaparser_symbolsolver_javaparsermodel_JavaParserFacade.java,clean,,TP,test-label,0.001
bare-git,ctl,jboss-remoting_jboss-remoting__1f07248ce4,jboss-remoting_jboss-remoting__1f07248ce4__src_main_java_org_jboss_remoting3_remote_RemoteConnection.java,clean,,TP,test-label,0.001
bare-git,ctl,jcabi_jcabi-aspects__5780cbf85c,jcabi_jcabi-aspects__5780cbf85c__src_main_java_com_jcabi_aspects_aj_MethodCacher.java,clean,,TP,test-label,0.001
bare-git,ctl,jcabi_jcabi-github__512102da91,jcabi_jcabi-github__512102da91__src_main_java_com_jcabi_github_RtReleaseAsset.java,clean,,TP,test-label,0.001
bare-git,ctl,jdatepicker_jdatepicker__cc3905a9c7,jdatepicker_jdatepicker__cc3905a9c7__src_main_java_org_jdatepicker_impl_JDatePickerImpl.java,clean,,TP,test-label,0.001
bare-git,ctl,jdatepicker_jdatepicker__cc74e94ac3,jdatepicker_jdatepicker__cc74e94ac3__src_main_java_org_jdatepicker_ComponentTextDefaults.java,clean,,TP,test-label,0.001
bare-git,ctl,jdatepicker_jdatepicker__cc74e94ac3,jdatepicker_jdatepicker__cc74e94ac3__src_main_java_org_jdatepicker_JDatePanel.java,clean,,TP,test-label,0.002
bare-git,ctl,jdeparser_jdeparser2__1da0e2349a,jdeparser_jdeparser2__1da0e2349a__src_main_java_org_jboss_jdeparser_FormatPreferences.java,clean,,TP,test-label,0.001
bare-git,ctl,jenkinsci_ant-plugin__7025e65f06,jenkinsci_ant-plugin__7025e65f06__src_main_java_hudson_tasks_Ant.java,clean,,TP,test-label,0.001
bare-git,ctl,jenkinsci_ant-plugin__7025e65f06,jenkinsci_ant-plugin__7025e65f06__src_test_java_hudson_tasks_AntTest.java,clean,,TP,test-label,0.001
bare-git,ctl,jenkinsci_coverity-plugin__7ce14e1f97,jenkinsci_coverity-plugin__7ce14e1f97__src_test_java_jenkins_plugins_coverity_CoverityTool_CovBuildCommandTest.java,conflict,textual,TN,dev-match,0.001
bare-git,ctl,jenkinsci_coverity-plugin__bd192d7108,jenkinsci_coverity-plugin__bd192d7108__src_main_java_jenkins_plugins_coverity_CoverityPublisher.java,clean,,TP,test-label,0.002
bare-git,ctl,jenkinsci_coverity-plugin__db750a7a69,jenkinsci_coverity-plugin__db750a7a69__src_main_java_jenkins_plugins_coverity_CIMStream.java,clean,,TP,test-label,0.001
bare-git,ctl,jenkinsci_coverity-plugin__db750a7a69,jenkinsci_coverity-plugin__db750a7a69__src_main_java_jenkins_plugins_coverity_CoverityPublisher.java,clean,,TP,test-label,0.001
bare-git,ctl,jenkinsci_credentials-plugin__ccd45a5263,jenkinsci_credentials-plugin__ccd45a5263__src_main_java_com_cloudbees_plugins_credentials_CredentialsSelectHelper.java,conflict,textual,TN,dev-match,0.002
bare-git,ctl,jenkinsci_email-ext-plugin__312def504a,jenkinsci_email-ext-plugin__312def504a__src_test_java_hudson_plugins_emailext_ExtendedEmailPublisherDescriptorJCasCTest.java,clean,,TP,test-label,0.001
bare-git,ctl,jenkinsci_email-ext-plugin__9cc2357cac,jenkinsci_email-ext-plugin__9cc2357cac__src_main_java_hudson_plugins_emailext_EmailThrottler.java,clean,,TP,test-label,0.001
bare-git,ctl,jenkinsci_email-ext-plugin__9cc2357cac,jenkinsci_email-ext-plugin__9cc2357cac__src_test_java_hudson_plugins_emailext_ExtendedEmailPublisherTest.java,clean,,TP,test-label,0.002
bare-git,ctl,jenkinsci_jira-plugin__09485920f4,jenkinsci_jira-plugin__09485920f4__src_main_java_hudson_plugins_jira_JiraSite.java,clean,,TP,test-label,0.002
bare-git,ctl,jenkinsci_junit-plugin__2f4179baf2,jenkinsci_junit-plugin__2f4179baf2__src_main_java_hudson_tasks_junit_CaseResult.java,clean,,TP,test-label,0.001
bare-git,ctl,jenkinsci_ldap-plugin__744083390f,jenkinsci_ldap-plugin__744083390f__src_main_java_hudson_security_LDAPSecurityRealm.java,clean,,TP,test-label,0.002
bare-git,ctl,jenkinsci_mailer-plugin__67ab48f1a6,jenkinsci_mailer-plugin__67ab48f1a6__src_test_java_hudson_tasks_MailerTest.java,clean,,TP,test-label,0.001
bare-git,ctl,jenkinsci_maven-hpi-plugin__cfbf819e58,jenkinsci_maven-hpi-plugin__cfbf819e58__src_main_java_org_jenkinsci_maven_plugins_hpi_RunMojo.java,conflict,textual,TN,dev-match,0.001
bare-git,ctl,jenkinsci_ui-samples-plugin__179ee92cdf,jenkinsci_ui-samples-plugin__179ee92cdf__src_main_java_jenkins_plugins_ui_samples_Select.java,clean,,TP,test-label,0.001
bare-git,ctl,jgralab_jgralab__d631209030,jgralab_jgralab__d631209030__src_de_uni_koblenz_jgralab_greql2_funlib_FunLib.java,conflict,textual,TN,dev-match,0.001
bare-git,ctl,jgralab_jgralab__d631209030,jgralab_jgralab__d631209030__src_de_uni_koblenz_jgralab_greql2_funlib_schema_HasType.java,clean,,TP,test-label,0.001
bare-git,ctl,jmetal_jmetal__4edc74bc22,jmetal_jmetal__4edc74bc22__jmetal-lab_src_main_java_org_uma_jmetal_lab_experiment_studies_PPSN20203DStudy.java,clean,,TP,test-label,0.001
bare-git,ctl,jmetal_jmetal__d8ececa506,jmetal_jmetal__d8ececa506__jmetal-exec_src_main_java_org_uma_jmetal_runner_multiobjective_WASFGAMeasuresRunner.java,clean,,TP,test-label,0.001
bare-git,ctl,jparsec_jparsec__a1fac0af65,jparsec_jparsec__a1fac0af65__jparsec_src_main_java_org_codehaus_jparsec_ScannerState.java,clean,,TP,test-label,0.001
bare-git,ctl,jri_deepamehta__03658cb2e9,jri_deepamehta__03658cb2e9__modules_dm4-geomaps_src_main_java_de_deepamehta_plugins_geomaps_GeomapsPlugin.java,conflict,textual,TN,dev-match,0.001
bare-git,ctl,jruby_bytelist__989a36efd0,jruby_bytelist__989a36efd0__src_org_jruby_util_ByteList.java,clean,,TP,test-label,0.002
bare-git,ctl,jruby_bytelist__989a36efd0,jruby_bytelist__989a36efd0__test_org_jruby_util_ByteListTest.java,clean,,TP,test-label,0.001
bare-git,ctl,jsprit_jsprit__7834e66d7c,jsprit_jsprit__7834e66d7c__jsprit-io_src_main_java_com_graphhopper_jsprit_io_algorithm_VehicleRoutingAlgorithms.java,clean,,TP,test-label,0.002
bare-git,ctl,jsprit_jsprit__a6726537e9,jsprit_jsprit__a6726537e9__jsprit-core_src_test_java_jsprit_core_problem_vehicle_VehicleImplTest.java,conflict,textual,FN,dev-match,0.001
bare-git,ctl,julianhyde_linq4j__c0f3b4a744,julianhyde_linq4j__c0f3b4a744__src_main_java_net_hydromatic_linq4j_QueryableFactory.java,clean,,TP,test-label,0.002
bare-git,ctl,julianhyde_linq4j__c0f3b4a744,julianhyde_linq4j__c0f3b4a744__src_main_java_net_hydromatic_linq4j_QueryableRecorder.java,clean,,TP,test-label,0.002
bare-git,ctl,julietkilo_canbabel__ea550c2876,julietkilo_canbabel__ea550c2876__src_main_java_com_github_canbabel_canio_dbc_DbcReader.java,clean,,TP,test-label,0.002
bare-git,ctl,kevinbayes_vest__3209c8480f,kevinbayes_vest__3209c8480f__src_main_java_me_bayes_vertx_vest_VestApplication.java,clean,,TP,test-label,0.001
bare-git,ctl,khmarbaise_iterator-maven-plugin__99d1681276,khmarbaise_iterator-maven-plugin__99d1681276__src_main_java_com_soebes_maven_plugins_iterator_IteratorMojo.java,clean,,TP,test-label,0.001
bare-git,ctl,killbilling_recurly-java-library__fafb064903,killbilling_recurly-java-library__fafb064903__src_main_java_com_ning_billing_recurly_model_RecurlyObject.java,clean,,TP,test-label,0.001
bare-git,ctl,killme2008_aviator__eb6c698603,killme2008_aviator__eb6c698603__src_main_java_com_googlecode_aviator_utils_Env.java,clean,,TP,test-label,0.001
bare-git,ctl,kohsuke_github-api__432585cb75,kohsuke_github-api__432585cb75__src_main_java_org_kohsuke_github_GitHub.java,conflict,textual,FN,dev-match,0.002
bare-git,ctl,kohsuke_github-api__432585cb75,kohsuke_github-api__432585cb75__src_test_java_org_kohsuke_github_GitHubTest.java,clean,,TP,test-label,0.001
bare-git,ctl,kohsuke_github-api__5ea8638369,kohsuke_github-api__5ea8638369__src_test_java_org_kohsuke_github_GHRepositoryTest.java,clean,,TP,test-label,0.001
bare-git,ctl,kohsuke_github-api__f6674a9aef,kohsuke_github-api__f6674a9aef__src_main_java_org_kohsuke_github_GHWorkflowJob.java,clean,,TP,test-label,0.001
bare-git,ctl,kongchen_swagger-maven-plugin__335021b217,kongchen_swagger-maven-plugin__335021b217__src_main_java_com_github_kongchen_swagger_docgen_mustache_MustacheDocument.java,clean,,TP,test-label,0.001
bare-git,ctl,kongchen_swagger-maven-plugin__335021b217,kongchen_swagger-maven-plugin__335021b217__src_main_java_com_github_kongchen_swagger_docgen_mustache_OutputTemplate.java,clean,,TP,test-label,0.001
bare-git,ctl,kongchen_swagger-maven-plugin__5060afbf1d,kongchen_swagger-maven-plugin__5060afbf1d__src_main_java_com_github_kongchen_swagger_docgen_AbstractDocumentSource.java,clean,,TP,test-label,0.001
bare-git,ctl,kongchen_swagger-maven-plugin__5060afbf1d,kongchen_swagger-maven-plugin__5060afbf1d__src_test_java_com_github_kongchen_smp_integration_SwaggerMavenPluginTest.java,clean,,TP,test-label,0.001
bare-git,ctl,koraktor_steam-condenser-java__81c376e088,koraktor_steam-condenser-java__81c376e088__src_main_java_com_github_koraktor_steamcondenser_steam_community_SteamId.java,clean,,TP,test-label,0.002
bare-git,ctl,kvladislav_ticketmanager__0ffb612f18,kvladislav_ticketmanager__0ffb612f18__src_main_java_org_JavaArt_TicketManager_controllers_EventsController.java,clean,,TP,test-label,0.002
bare-git,ctl,lemire_javaewah__5829fc009b,lemire_javaewah__5829fc009b__src_main_java_com_googlecode_javaewah_IteratorAggregation.java,clean,,TP,test-label,0.001
bare-git,ctl,linkedin_camus__288c5aae77,linkedin_camus__288c5aae77__camus-etl-kafka_src_test_java_com_linkedin_camus_etl_kafka_CamusJobTestWithMock.java,clean,,TP,test-label,0.001
bare-git,ctl,linkedin_camus__fd747243ca,linkedin_camus__fd747243ca__camus-etl-kafka_src_main_java_com_linkedin_camus_etl_kafka_mapred_EtlInputFormat.java,clean,,TP,test-label,0.001
bare-git,ctl,lwhite1_tablesaw__86cd643c39,lwhite1_tablesaw__86cd643c39__src_main_java_com_github_lwhite1_tablesaw_io_csv_CsvReader.java,clean,,TP,test-label,0.001
bare-git,ctl,lyncode_xoai__dc7a68da97,lyncode_xoai__dc7a68da97__xoai-service-provider_src_main_java_org_dspace_xoai_serviceprovider_client_HttpOAIClient.java,clean,,TP,test-label,0.001
bare-git,ctl,mambu-gmbh_mambu-apis-java__9975c4d9e5,mambu-gmbh_mambu-apis-java__9975c4d9e5__src_demo_DemoTestLoanService.java,clean,,TP,test-label,0.002
bare-git,ctl,marginallyclever_makelangelo__bfbac0b14d,marginallyclever_makelangelo__bfbac0b14d__src_main_java_com_marginallyclever_makelangelo_Makelangelo.java,clean,,TP,test-label,0.002
bare-git,ctl,marloncarvalho_aliendroid-activerecord__f03a2f645f,marloncarvalho_aliendroid-activerecord__f03a2f645f__src_main_java_org_alienlabs_aliendroid_activerecord_Model.java,clean,,TP,test-label,0.001
bare-git,ctl,maven-nar_nar-maven-plugin__00d2e833de,maven-nar_nar-maven-plugin__00d2e833de__src_main_java_com_github_maven_nar_AbstractNarMojo.java,clean,,TP,test-label,0.001
bare-git,ctl,maven-nar_nar-maven-plugin__bd5a26aed9,maven-nar_nar-maven-plugin__bd5a26aed9__src_main_java_com_github_maven_nar_AbstractNarMojo.java,clean,,TP,test-label,0.001
bare-git,ctl,maven-nar_nar-maven-plugin__bd5a26aed9,maven-nar_nar-maven-plugin__bd5a26aed9__src_main_java_com_github_maven_nar_Msvc.java,clean,,TP,test-label,0.001
bare-git,ctl,maxmind_geoip-api-java__3c90dc1bd7,maxmind_geoip-api-java__3c90dc1bd7__src_main_java_com_maxmind_geoip_LookupService.java,clean,,TP,test-label,0.002
bare-git,ctl,mbosecke_pebble__22c0075ed2,mbosecke_pebble__22c0075ed2__src_main_java_com_mitchellbosecke_pebble_template_EvaluationContext.java,clean,,TP,test-label,0.001
bare-git,ctl,medcl_elasticsearch-analysis-ik__8c50edf0e0,medcl_elasticsearch-analysis-ik__8c50edf0e0__src_main_java_org_wltea_analyzer_help_Sleep.java,clean,,TP,test-label,0.001
bare-git,ctl,medcl_elasticsearch-analysis-pinyin__acdd6eff2a,medcl_elasticsearch-analysis-pinyin__acdd6eff2a__src_main_java_org_elasticsearch_index_analysis_PinyinTokenFilter.java,clean,,TP,test-label,0.001
bare-git,ctl,medcl_elasticsearch-analysis-pinyin__acdd6eff2a,medcl_elasticsearch-analysis-pinyin__acdd6eff2a__src_main_java_org_elasticsearch_index_analysis_PinyinTokenizer.java,clean,,TP,test-label,0.001
bare-git,ctl,mercadopago_sdk-java__540cfa9763,mercadopago_sdk-java__540cfa9763__src_test_java_com_mercadopago_BaseClientIT.java,conflict,textual,TN,dev-match,0.001
bare-git,ctl,mercadopago_sdk-java__540cfa9763,mercadopago_sdk-java__540cfa9763__src_test_java_com_mercadopago_client_cardtoken_CardTokenClientIT.java,clean,,TP,test-label,0.001
bare-git,ctl,mlaccetti_javapns__21e9ae8885,mlaccetti_javapns__21e9ae8885__src_main_java_javapns_notification_transmission_NotificationThreads.java,clean,,TP,test-label,0.001
bare-git,ctl,mmazi_rescu__efdd938e7a,mmazi_rescu__efdd938e7a__src_test_java_si_mazi_rescu_RestInvocationHandlerTest.java,clean,,TP,test-label,0.001
bare-git,ctl,mongobee_mongobee__abf507930c,mongobee_mongobee__abf507930c__src_main_java_com_github_mongobee_Mongobee.java,conflict,textual,TN,dev-match,0.001
bare-git,ctl,mongobee_mongobee__abf507930c,mongobee_mongobee__abf507930c__src_main_java_com_github_mongobee_dao_ChangeEntryDao.java,conflict,textual,TN,dev-match,0.001
bare-git,ctl,mongobee_mongobee__ac5bd40a5a,mongobee_mongobee__ac5bd40a5a__src_main_java_com_github_mongobee_Mongobee.java,conflict,textual,TN,dev-match,0.001
bare-git,ctl,movsim_movsim__393a33e6d0,movsim_movsim__393a33e6d0__core_src_main_java_org_movsim_simulator_vehicles_Vehicle.java,clean,,TP,test-label,0.002
bare-git,ctl,mrcookieslime_slimefun-3.0__6a34470b47,mrcookieslime_slimefun-3.0__6a34470b47__src_main_java_io_github_thebusybiscuit_slimefun4_api_items_SlimefunItem.java,conflict,textual,TN,dev-match,0.002
bare-git,ctl,mtedone_podam__1075ffea79,mtedone_podam__1075ffea79__src_main_java_uk_co_jemos_podam_api_PodamFactoryImpl.java,clean,,TP,test-label,0.003
bare-git,ctl,mtedone_podam__1075ffea79,mtedone_podam__1075ffea79__src_test_java_uk_co_jemos_podam_test_unit_pdm3_Pdm3PojoUnitTest.java,clean,,TP,test-label,0.001
bare-git,ctl,mycila_license-maven-plugin__b28809b593,mycila_license-maven-plugin__b28809b593__license-maven-plugin_src_main_java_com_mycila_maven_plugin_license_header_HeaderParser.java,clean,,TP,test-label,0.001
bare-git,ctl,mycila_license-maven-plugin__b28809b593,mycila_license-maven-plugin__b28809b593__license-maven-plugin_src_test_java_com_mycila_maven_plugin_license_UpdateMojoTest.java,conflict,textual,TN,dev-match,0.001
bare-git,ctl,mycila_license-maven-plugin__d3bf529757,mycila_license-maven-plugin__d3bf529757__license-maven-plugin-git_src_main_java_com_mycila_maven_plugin_license_git_GitLookup.java,clean,,TP,test-label,0.001
bare-git,ctl,named-data_jndn__320742aa20,named-data_jndn__320742aa20__src_net_named_data_jndn_Data.java,clean,,TP,test-label,0.001
bare-git,ctl,named-data_jndn__320742aa20,named-data_jndn__320742aa20__src_net_named_data_jndn_Node.java,clean,,TP,test-label,0.002
bare-git,ctl,nysenate_openlegislation__8645aab4d6,nysenate_openlegislation__8645aab4d6__src_main_java_gov_nysenate_openleg_controller_api_bill_BillGetCtrl.java,clean,,TP,test-label,0.001
bare-git,ctl,omnifaces_omnifaces__2e8d3a4ee3,omnifaces_omnifaces__2e8d3a4ee3__src_main_java_org_omnifaces_util_Components.java,clean,,TP,test-label,0.002
bare-git,ctl,openhft_chronicle-bytes__dc67904a63,openhft_chronicle-bytes__dc67904a63__src_main_java_net_openhft_chronicle_bytes_Bytes.java,clean,,TP,test-label,0.002
bare-git,ctl,openhft_chronicle-bytes__dc67904a63,openhft_chronicle-bytes__dc67904a63__src_test_java_net_openhft_chronicle_bytes_BytesJavaDocComplianceTest.java,conflict,textual,TN,dev-match,0.001
bare-git,ctl,openhft_chronicle-threads__8b940638d7,openhft_chronicle-threads__8b940638d7__src_main_java_net_openhft_chronicle_threads_MonitorEventLoop.java,clean,,TP,test-label,0.001
bare-git,ctl,openpnp_openpnp__17a7443913,openpnp_openpnp__17a7443913__src_main_java_org_openpnp_gui_importer_EagleBoardImporter.java,conflict,textual,TN,dev-match,0.002
bare-git,ctl,openpnp_openpnp__99835c7c58,openpnp_openpnp__99835c7c58__src_main_java_org_openpnp_gui_JobPanel.java,clean,,TP,test-label,0.002
bare-git,ctl,openpnp_openpnp__99835c7c58,openpnp_openpnp__99835c7c58__src_main_java_org_openpnp_gui_support_Icons.java,clean,,TP,test-label,0.001
bare-git,ctl,openpnp_openpnp__e8a35b8e6f,openpnp_openpnp__e8a35b8e6f__src_main_java_org_openpnp_gui_importer_EagleBoardImporter.java,clean,,TP,test-label,0.001
bare-git,ctl,openskynetwork_java-adsb__14f216cddf,openskynetwork_java-adsb__14f216cddf__src_main_java_org_opensky_libadsb_Decoder.java,clean,,TP,test-label,0.002
bare-git,ctl,outbrain_ob1k__8b2c257efe,outbrain_ob1k__8b2c257efe__ob1k-example_src_main_java_com_outbrain_ob1k_example_hello_server_HelloServer.java,conflict,textual,TN,dev-match,0.001
bare-git,ctl,pandcorps_pandam__e736609b61,pandcorps_pandam__e736609b61__game-furguardians_src_main_java_org_pandcorps_furguardians_FurGuardiansGame.java,clean,,TP,test-label,0.003
bare-git,ctl,poetix_protonpack__2ce321af89,poetix_protonpack__2ce321af89__src_main_java_com_codepoetics_protonpack_StreamUtils.java,clean,,TP,test-label,0.002
bare-git,ctl,progether_jadventure__d4407d1e77,progether_jadventure__d4407d1e77__src_main_java_com_jadventure_game_repository_ItemRepository.java,clean,,TP,test-label,0.001
bare-git,ctl,progether_jadventure__d62cfd35b9,progether_jadventure__d62cfd35b9__src_main_java_com_jadventure_game_menus_BattleMenu.java,clean,,TP,test-label,0.001
bare-git,ctl,reckart_shib-http-client__536fe936a3,reckart_shib-http-client__536fe936a3__src_main_java_de_tudarmstadt_ukp_shibhttpclient_ShibHttpClient.java,clean,,TP,test-label,0.001
bare-git,ctl,reckart_shib-http-client__8f3bd71757,reckart_shib-http-client__8f3bd71757__src_main_java_de_tudarmstadt_ukp_shibhttpclient_ShibHttpClient.java,clean,,TP,test-label,0.001
bare-git,ctl,recommenders_rival__aa1752831e,recommenders_rival__aa1752831e__rival-examples_src_main_java_net_recommenders_rival_examples_movielens100k_CrossValidatedMahoutKNNRecommenderEvaluator.java,clean,,TP,test-label,0.001
bare-git,ctl,recommenders_rival__aa1752831e,recommenders_rival__aa1752831e__rival-examples_src_main_java_net_recommenders_rival_examples_movielens100k_TemporalSplitMahoutKNNRecommenderEvaluator.java,clean,,TP,test-label,0.001
bare-git,ctl,relayrides_pushy__43129f9c9a,relayrides_pushy__43129f9c9a__src_main_java_com_relayrides_pushy_apns_PushManager.java,clean,,TP,test-label,0.001
bare-git,ctl,relayrides_pushy__9446136376,relayrides_pushy__9446136376__src_main_java_com_relayrides_pushy_apns_ApnsClientThread.java,clean,,TP,test-label,0.001
bare-git,ctl,renepickhardt_generalized-language-modeling-toolkit__f8105ddc44,renepickhardt_generalized-language-modeling-toolkit__f8105ddc44__src_de_typology_utils_Config.java,clean,,TP,test-label,0.001
bare-git,ctl,richardwarburton_lambda-behave__8695b13525,richardwarburton_lambda-behave__8695b13525__lambda-behave_src_main_java_com_insightfullogic_lambdabehave_BehaveRunner.java,clean,,TP,dev-match,0.001
bare-git,ctl,sachin-handiekar_jinstagram__210897a17d,sachin-handiekar_jinstagram__210897a17d__src_main_java_org_jinstagram_realtime_Constants.java,clean,,TP,test-label,0.001
bare-git,ctl,sachin-handiekar_jinstagram__210897a17d,sachin-handiekar_jinstagram__210897a17d__src_main_java_org_jinstagram_realtime_InstagramSubscription.java,clean,,TP,test-label,0.001
bare-git,ctl,sander2798_enderstone__4cf9ea9f17,sander2798_enderstone__4cf9ea9f17__src_org_enderstone_server_Main.java,clean,,TP,test-label,0.001
bare-git,ctl,sander2798_enderstone__4cf9ea9f17,sander2798_enderstone__4cf9ea9f17__src_org_enderstone_server_packet_NetworkManager.java,clean,,TP,test-label,0.001
bare-git,ctl,sander2798_enderstone__ba66c3e8b2,sander2798_enderstone__ba66c3e8b2__src_org_enderstone_server_Location.java,clean,,TP,test-label,0.001
bare-git,ctl,sander2798_enderstone__bd46a612d1,sander2798_enderstone__bd46a612d1__src_org_enderstone_server_Main.java,clean,,TP,test-label,0.001
bare-git,ctl,sandergielisse_enderstone__272bbb1c0f,sandergielisse_enderstone__272bbb1c0f__src_org_enderstone_server_inventory_CraftingInventory.java,clean,,TP,test-label,0.001
bare-git,ctl,sandergielisse_enderstone__272bbb1c0f,sandergielisse_enderstone__272bbb1c0f__src_org_enderstone_server_inventory_PlayerInventory.java,clean,,TP,test-label,0.001
bare-git,ctl,sandergielisse_enderstone__8e17a2983e,sandergielisse_enderstone__8e17a2983e__src_org_enderstone_server_packet_NetworkManager.java,clean,,TP,test-label,0.001
bare-git,ctl,sandergielisse_enderstone__bae18e3ef8,sandergielisse_enderstone__bae18e3ef8__src_org_enderstone_server_entity_EnderEntity.java,clean,,TP,test-label,0.001
bare-git,ctl,sandergielisse_enderstone__bae18e3ef8,sandergielisse_enderstone__bae18e3ef8__src_org_enderstone_server_entity_EntityMob.java,clean,,TP,test-label,0.001
bare-git,ctl,sd4324530_fastweixin__53b5138ff7,sd4324530_fastweixin__53b5138ff7__src_main_java_com_github_sd4324530_fastweixin_servlet_WeixinSupport.java,clean,,TP,test-label,0.001
bare-git,ctl,sebfz1_wicket-jquery-ui__0f6ed11d6f,sebfz1_wicket-jquery-ui__0f6ed11d6f__wicket-kendo-ui_src_main_java_com_googlecode_wicket_kendo_ui_widget_treeview_AjaxTreeView.java,clean,,TP,test-label,0.001
bare-git,ctl,semanticvectors_semanticvectors__4dbe868ff9,semanticvectors_semanticvectors__4dbe868ff9__src_main_java_pitt_search_semanticvectors_LuceneUtils.java,clean,,TP,test-label,0.002
bare-git,ctl,socialsensor_graphdb-benchmarks__87e995db56,socialsensor_graphdb-benchmarks__87e995db56__src_main_java_eu_socialsensor_graphdatabases_Neo4jGraphDatabase.java,clean,,TP,test-label,0.001
bare-git,ctl,socialsensor_graphdb-benchmarks__87e995db56,socialsensor_graphdb-benchmarks__87e995db56__src_main_java_eu_socialsensor_graphdatabases_TitanGraphDatabase.java,clean,,TP,test-label,0.002
bare-git,ctl,square_javapoet__c0f4a89bc0,square_javapoet__c0f4a89bc0__src_main_java_com_squareup_javawriter_JavaWriter.java,clean,,TP,test-label,0.002
bare-git,ctl,square_javapoet__c0f4a89bc0,square_javapoet__c0f4a89bc0__src_test_java_com_squareup_javawriter_JavaWriterTest.java,clean,,TP,test-label,0.001
bare-git,ctl,srt_asterisk-java__99ba7cc5bd,srt_asterisk-java__99ba7cc5bd__src_main_java_org_asteriskjava_live_internal_AsteriskServerImpl.java,conflict,textual,TN,dev-match,0.002
bare-git,ctl,steveice10_mcprotocollib__ba0c6af56c,steveice10_mcprotocollib__ba0c6af56c__src_main_java_com_github_steveice10_mc_protocol_MinecraftConstants.java,conflict,textual,TN,dev-match,0.001
bare-git,ctl,structr_structr__b0df448496,structr_structr__b0df448496__structr-core_src_main_java_org_structr_common_SecurityContext.java,clean,,TP,test-label,0.002
bare-git,ctl,swagger-api_swagger-parser__2316e42a34,swagger-api_swagger-parser__2316e42a34__modules_swagger-parser_src_test_java_io_swagger_parser_OpenAPIParserTest.java,clean,,TP,test-label,0.002
bare-git,ctl,synbiodex_libsbolj__0ceaff01a9,synbiodex_libsbolj__0ceaff01a9__core2_src_main_java_org_sbolstandard_core2_SBOLDocument.java,clean,,TP,test-label,0.004
bare-git,ctl,syncleus_ferma__dc1fdab4a2,syncleus_ferma__dc1fdab4a2__totorom-tinkerpop2_src_main_java_org_jglue_totorom_FramedGraph.java,clean,,TP,test-label,0.001
bare-git,ctl,t-oster_liblasercut__f64046a00a,t-oster_liblasercut__f64046a00a__src_main_java_de_thomas_oster_liblasercut_drivers_GenericGcodeDriver.java,clean,,TP,test-label,0.002
bare-git,ctl,tabulapdf_tabula-java__c603b0f4aa,tabulapdf_tabula-java__c603b0f4aa__src_main_java_technology_tabula_ObjectExtractorStreamEngine.java,clean,,TP,test-label,0.001
bare-git,ctl,techblue_alfresco-restclient__8e71d5b8d7,techblue_alfresco-restclient__8e71d5b8d7__src_test_java_uk_co_techblue_alfresco_client_test_AlfrescoServiceTest.java,clean,,TP,test-label,0.001
bare-git,ctl,teknux-org_jetty-bootstrap__993299fa8b,teknux-org_jetty-bootstrap__993299fa8b__src_main_java_org_genux_jettybootstrap_JettyBootstrap.java,clean,,TP,test-label,0.001
bare-git,ctl,teknux-org_jetty-bootstrap__993299fa8b,teknux-org_jetty-bootstrap__993299fa8b__src_main_java_org_genux_jettybootstrap_configuration_JettyConfiguration.java,clean,,TP,test-label,0.001
bare-git,ctl,threeten_threeten-extra__419518c223,threeten_threeten-extra__419518c223__src_main_java_org_threeten_extra_chrono_Symmetry010Date.java,clean,,TP,test-label,0.002
bare-git,ctl,threeten_threeten-extra__419518c223,threeten_threeten-extra__419518c223__src_test_java_org_threeten_extra_chrono_TestSymmetry010Chronology.java,clean,,TP,test-label,0.002
bare-git,ctl,threeten_threeten-extra__f0bf686f17,threeten_threeten-extra__f0bf686f17__src_main_java_org_threeten_extra_scale_UtcInstant.java,clean,,TP,test-label,0.002
bare-git,ctl,titokone_titokone__b4ac484b6a,titokone_titokone__b4ac484b6a__src_main_java_fi_helsinki_cs_titokone_Compiler.java,clean,,TP,test-label,0.002
bare-git,ctl,tkelley-eg_collectd-fast-jmx__558343d132,tkelley-eg_collectd-fast-jmx__558343d132__src_main_java_org_collectd_AttributePermutation.java,clean,,TP,test-label,0.002
bare-git,ctl,tupilabs_tap4j__99628e2c44,tupilabs_tap4j__99628e2c44__tap4j-ext_src_main_java_org_tap4j_ext_junit_listener_TapListener.java,clean,,TP,test-label,0.001
bare-git,ctl,uklimaschewski_evalex__15aa26eab7,uklimaschewski_evalex__15aa26eab7__src_com_udojava_evalex_Expression.java,clean,,TP,test-label,0.002
bare-git,ctl,unitsofmeasurement_uom-se__c2ae9d4caa,unitsofmeasurement_uom-se__c2ae9d4caa__src_main_java_tec_uom_se_AbstractUnit.java,clean,,TP,test-label,0.002
bare-git,ctl,unitsofmeasurement_uom-se__c2ae9d4caa,unitsofmeasurement_uom-se__c2ae9d4caa__src_main_java_tec_uom_se_format_SimpleUnitFormat.java,clean,,TP,test-label,0.002
bare-git,ctl,uwolfer_gerrit-rest-java-client__35856ab8bd,uwolfer_gerrit-rest-java-client__35856ab8bd__src_test_java_com_urswolfer_gerrit_client_rest_http_GerritRestClientTest.java,clean,,TP,test-label,0.001
bare-git,ctl,verhas_djcproxy__db3b9bf795,verhas_djcproxy__db3b9bf795__src_main_java_com_javax0_djcproxy_ProxySourceFactory.java,clean,,TP,test-label,0.002
bare-git,ctl,vojtechhabarta_typescript-generator__05aea6d7c1,vojtechhabarta_typescript-generator__05aea6d7c1__typescript-generator-core_src_main_java_cz_habarta_typescript_generator_ext_BeanPropertyPathExtension.java,clean,,TP,test-label,0.001
bare-git,ctl,wokier_teh__4291bbd98f,wokier_teh__4291bbd98f__src_test_java_teh_perf_PerfTest.java,clean,,TP,dev-match,0.001
bare-git,ctl,wvengen_proguard-maven-plugin__1cc9601e1f,wvengen_proguard-maven-plugin__1cc9601e1f__src_main_java_com_github_wvengen_maven_proguard_ProGuardMojo.java,clean,,TP,test-label,0.002
bare-git,ctl,xebia_xebium__817270a3db,xebia_xebium__817270a3db__src_main_java_com_xebia_incubator_xebium_SeleniumDriverFixture.java,conflict,textual,TN,dev-match,0.001
bare-git,ctl,yubico_ykneo-openpgp__2766bd7444,yubico_ykneo-openpgp__2766bd7444__applet_src_openpgpcard_OpenPGPApplet.java,clean,,TP,test-label,0.002
bare-git,ctl,yubico_ykneo-openpgp__2766bd7444,yubico_ykneo-openpgp__2766bd7444__test_test_openpgpcardTest_OpenPGPAppletTest.java,clean,,TP,test-label,0.001
bare-git,ctl,yubico_ykneo-openpgp__b145a6bdbc,yubico_ykneo-openpgp__b145a6bdbc__applet_src_openpgpcard_OpenPGPApplet.java,conflict,textual,FN,dev-match,0.002
bare-git,ctl,yubico_ykneo-openpgp__b145a6bdbc,yubico_ykneo-openpgp__b145a6bdbc__applet_src_openpgpcard_PGPKey.java,clean,,TP,test-label,0.001
bare-mergiraf,pos,ahome-it_lienzo-core__bf4b253816,ahome-it_lienzo-core__bf4b253816__src_main_java_com_ait_lienzo_client_core_shape_wires_WiresShape.java,clean,,FP,test-label,0.0
bare-mergiraf,pos,alesaudate_kickstart-springjerseyhibernate__feb36bfc8e,alesaudate_kickstart-springjerseyhibernate__feb36bfc8e__src_main_java_com_alesaudate_samples_springjersey_example_People.java,conflict,textual,TN,dev-match,0.0
bare-mergiraf,pos,apache_commons-lang__53184369d0,apache_commons-lang__53184369d0__src_main_java_org_apache_commons_lang3_builder_ReflectionToStringBuilder.java,clean,,FP,test-label,0.0
bare-mergiraf,pos,apache_olingo-odata4__820b462f49,apache_olingo-odata4__820b462f49__lib_client-core_src_main_java_org_apache_olingo_client_core_serialization_JsonSerializer.java,clean,,FP,test-label,0.0
bare-mergiraf,pos,apache_olingo-odata4__cf731c2cb8,apache_olingo-odata4__cf731c2cb8__lib_client-core_src_main_java_org_apache_olingo_client_core_serialization_JsonSerializer.java,clean,,FP,test-label,0.0
bare-mergiraf,pos,apache_olingo-odata4__cf731c2cb8,apache_olingo-odata4__cf731c2cb8__lib_client-core_src_test_java_org_apache_olingo_client_core_JSONTest.java,clean,,FP,test-label,0.0
bare-mergiraf,pos,apache_shiro__13806fc623,apache_shiro__13806fc623__web_src_test_java_org_apache_shiro_web_mgt_CookieRememberMeManagerTest.java,clean,,FP,test-label,0.0
bare-mergiraf,pos,atam4j_atam4j__71fcecb071,atam4j_atam4j__71fcecb071__acceptance-tests_src_test_java_me_atam_atam4jsampleapp_PassingTestAcceptanceTest.java,clean,,FP,test-label,0.0
bare-mergiraf,pos,atam4j_atam4j__71fcecb071,atam4j_atam4j__71fcecb071__acceptance-tests_src_test_java_me_atam_atam4jsampleapp_testsupport_AcceptanceTest.java,clean,,FP,test-label,0.0
bare-mergiraf,pos,azuread_azure-activedirectory-library-for-java__d3f143872b,azuread_azure-activedirectory-library-for-java__d3f143872b__src_test_java_com_microsoft_aad_adal4j_AuthenticationContextTest.java,clean,,FP,test-label,0.0
bare-mergiraf,pos,bedatadriven_jackson-datatype-jts__1416f1af06,bedatadriven_jackson-datatype-jts__1416f1af06__src_main_java_com_bedatadriven_jackson_datatype_jts_GeometryDeserializer.java,conflict,textual,TN,dev-match,0.0
bare-mergiraf,pos,bguerout_jongo__3aaaf0e4c7,bguerout_jongo__3aaaf0e4c7__src_main_java_org_jongo_Jongo.java,clean,,FP,test-label,0.0
bare-mergiraf,pos,blockchain_api-v1-client-java__abdf54e6ab,blockchain_api-v1-client-java__abdf54e6ab__src_main_java_info_blockchain_api_HttpClient.java,clean,,FP,test-label,0.0
bare-mergiraf,pos,blockchain_api-v1-client-java__e349598f95,blockchain_api-v1-client-java__e349598f95__src_main_java_info_blockchain_api_HttpClient.java,clean,,FP,test-label,0.0
bare-mergiraf,pos,buddycloud_buddycloud-server-java__33ec3ec7cd,buddycloud_buddycloud-server-java__33ec3ec7cd__src_main_java_org_buddycloud_channelserver_packetprocessor_iq_namespace_pubsub_set_UnsubscribeSet.java,clean,,FP,test-label,0.0
bare-mergiraf,pos,buddycloud_buddycloud-server-java__33ec3ec7cd,buddycloud_buddycloud-server-java__33ec3ec7cd__src_test_java_org_buddycloud_channelserver_packetprocessor_iq_namespace_pubsub_set_UnsubscribeSetTest.java,clean,,FP,test-label,0.0
bare-mergiraf,pos,buddycloud_buddycloud-server-java__43c8b054e9,buddycloud_buddycloud-server-java__43c8b054e9__src_main_java_org_buddycloud_channelserver_packetprocessor_iq_namespace_pubsub_set_NodeDelete.java,clean,,FP,test-label,0.0
bare-mergiraf,pos,buddycloud_buddycloud-server-java__43c8b054e9,buddycloud_buddycloud-server-java__43c8b054e9__src_test_java_org_buddycloud_channelserver_packetprocessor_iq_namespace_pubsub_get_SubscriptionsGetTest.java,clean,,FP,test-label,0.0
bare-mergiraf,pos,buddycloud_buddycloud-server-java__48e4675ee2,buddycloud_buddycloud-server-java__48e4675ee2__src_main_java_org_buddycloud_channelserver_packetprocessor_iq_namespace_pubsub_get_RepliesGet.java,clean,,FP,test-label,0.0
bare-mergiraf,pos,buddycloud_buddycloud-server-java__48e4675ee2,buddycloud_buddycloud-server-java__48e4675ee2__src_test_java_org_buddycloud_channelserver_packetprocessor_iq_namespace_pubsub_get_RepliesGetTest.java,clean,,FP,test-label,0.0
bare-mergiraf,pos,buschmais_extended-objects__46ec306cf6,buschmais_extended-objects__46ec306cf6__neo4j_remote_src_main_java_com_buschmais_xo_neo4j_remote_impl_datastore_RemoteDatastoreEntityManager.java,clean,,FP,test-label,0.0
bare-mergiraf,pos,camsys_onebusaway-application-modules__915e2f3ffe,camsys_onebusaway-application-modules__915e2f3ffe__onebusaway-transit-data-federation_src_main_java_org_onebusaway_transit_data_federation_impl_beans_StopWithArrivalsAndDeparturesBeanServiceImpl.java,clean,,FP,test-label,0.0
bare-mergiraf,pos,camsys_onebusaway-application-modules__e779e9fce1,camsys_onebusaway-application-modules__e779e9fce1__onebusaway-transit-data_src_main_java_org_onebusaway_transit_data_model_ArrivalsAndDeparturesQueryBean.java,clean,,FP,test-label,0.0
bare-mergiraf,pos,clojure_clojure__77342d2e35,clojure_clojure__77342d2e35__src_jvm_clojure_lang_Compiler.java,clean,,FP,test-label,0.0
bare-mergiraf,pos,cloudfoundry_cf-java-client__80d0a0dff9,cloudfoundry_cf-java-client__80d0a0dff9__cloudfoundry-operations_src_main_java_org_cloudfoundry_operations_serviceadmin_DefaultServiceAdmin.java,clean,,FP,test-label,0.0
bare-mergiraf,pos,cloudfoundry_cf-java-client__933add90ad,cloudfoundry_cf-java-client__933add90ad__cloudfoundry-operations_src_main_java_org_cloudfoundry_operations_useradmin_DefaultUserAdmin.java,clean,,FP,test-label,0.0
bare-mergiraf,pos,cloudfoundry_cf-java-client__9f6b79e294,cloudfoundry_cf-java-client__9f6b79e294__cloudfoundry-operations_src_main_java_org_cloudfoundry_operations_applications_DefaultApplications.java,clean,,FP,test-label,0.0
bare-mergiraf,pos,cloudfoundry_cf-java-client__a69078adc8,cloudfoundry_cf-java-client__a69078adc8__cloudfoundry-operations_src_main_java_org_cloudfoundry_operations__DefaultCloudFoundryOperations.java,clean,,FP,test-label,0.0
bare-mergiraf,pos,cloudfoundry_cf-java-client__a69078adc8,cloudfoundry_cf-java-client__a69078adc8__integration-test_src_test_java_org_cloudfoundry_IntegrationTestConfiguration.java,clean,,FP,test-label,0.0
bare-mergiraf,pos,cloudfoundry_cf-java-client__a9d35d542d,cloudfoundry_cf-java-client__a9d35d542d__cloudfoundry-operations_src_main_java_org_cloudfoundry_operations_routes_DefaultRoutes.java,clean,,FP,test-label,0.0
bare-mergiraf,pos,cloudfoundry_cf-java-client__a9d35d542d,cloudfoundry_cf-java-client__a9d35d542d__integration-test_src_test_java_org_cloudfoundry_operations_RoutesTest.java,clean,,FP,test-label,0.0
bare-mergiraf,pos,cloudfoundry_cf-java-client__b0add1ef2a,cloudfoundry_cf-java-client__b0add1ef2a__cloudfoundry-operations_src_main_java_org_cloudfoundry_operations_services_DefaultServices.java,clean,,FP,test-label,0.0
bare-mergiraf,pos,cloudfoundry_cf-java-client__be097d5860,cloudfoundry_cf-java-client__be097d5860__cloudfoundry-client-reactor_src_main_java_org_cloudfoundry_reactor__DefaultConnectionContext.java,clean,,FP,test-label,0.0
bare-mergiraf,pos,cloudfoundry_cf-java-client__be097d5860,cloudfoundry_cf-java-client__be097d5860__cloudfoundry-client-reactor_src_main_java_org_cloudfoundry_reactor_util_DefaultSslCertificateTruster.java,clean,,FP,test-label,0.0
bare-mergiraf,pos,cloudfoundry_cf-java-client__eb3b2f5beb,cloudfoundry_cf-java-client__eb3b2f5beb__cloudfoundry-operations_src_main_java_org_cloudfoundry_operations__DefaultCloudFoundryOperations.java,clean,,FP,test-label,0.0
bare-mergiraf,pos,cloudslang_score__66ba4f51e3,cloudslang_score__66ba4f51e3__score-api_src_main_java_io_cloudslang_score_lang_ExecutionRuntimeServices.java,conflict,textual,TN,dev-match,0.0
bare-mergiraf,pos,comatoes_ftl-profile-editor__e87fe65818,comatoes_ftl-profile-editor__e87fe65818__src_main_java_net_blerf_ftl_parser_SavedGameParser.java,clean,,FP,test-label,0.0
bare-mergiraf,pos,cribbstechnologies_java-mandrill-wrapper__0cf79745f1,cribbstechnologies_java-mandrill-wrapper__0cf79745f1__src_main_java_com_cribbstechnologies_clients_mandrill_model_MandrillMessage.java,conflict,textual,TN,dev-match,0.0
bare-mergiraf,pos,cribbstechnologies_java-mandrill-wrapper__0cf79745f1,cribbstechnologies_java-mandrill-wrapper__0cf79745f1__src_test_java_com_cribbstechnologies_clients_mandrill_request_MandrillRESTRequestTest.java,conflict,textual,TN,dev-match,0.0
bare-mergiraf,pos,cternes_openkeepass__bb53512ab2,cternes_openkeepass__bb53512ab2__src_main_java_de_slackspace_openkeepass_KeePassDatabase.java,clean,,FP,test-label,0.0
bare-mergiraf,pos,cternes_openkeepass__bb53512ab2,cternes_openkeepass__bb53512ab2__src_test_java_de_slackspace_openkeepass_reader_KeepassDatabaseReaderTest.java,clean,,FP,test-label,0.0
bare-mergiraf,pos,dabsquared_gitlab-plugin__d555b8773d,dabsquared_gitlab-plugin__d555b8773d__src_main_java_com_dabsquared_gitlabjenkins_connection_GitLabConnectionConfig.java,clean,,FP,test-label,0.0
bare-mergiraf,pos,datastax_java-driver__0dd96ea21f,datastax_java-driver__0dd96ea21f__driver-core_src_main_java_com_datastax_driver_core_TableMetadata.java,conflict,textual,TN,dev-match,0.0
bare-mergiraf,pos,datastax_java-driver__1f25c7e3a0,datastax_java-driver__1f25c7e3a0__driver-core_src_main_java_com_datastax_driver_core_Cluster.java,clean,,FP,test-label,0.0
bare-mergiraf,pos,datastax_java-driver__1f25c7e3a0,datastax_java-driver__1f25c7e3a0__driver-core_src_main_java_com_datastax_driver_core_TypeCodec.java,conflict,textual,TN,dev-match,0.0
bare-mergiraf,pos,datastax_java-driver__3eb34e6785,datastax_java-driver__3eb34e6785__driver-core_src_main_java_com_datastax_driver_core_TableMetadata.java,conflict,textual,TN,dev-match,0.0
bare-mergiraf,pos,datastax_java-driver__725b790a79,datastax_java-driver__725b790a79__driver-core_src_main_java_com_datastax_driver_core_Cluster.java,conflict,textual,TN,dev-match,0.0
bare-mergiraf,pos,datastax_java-driver__7ff4958746,datastax_java-driver__7ff4958746__driver-core_src_main_java_com_datastax_driver_core_Cluster.java,clean,,FP,test-label,0.0
bare-mergiraf,pos,datastax_java-driver__7ff4958746,datastax_java-driver__7ff4958746__driver-core_src_main_java_com_datastax_driver_core_ControlConnection.java,clean,,FP,test-label,0.0
bare-mergiraf,pos,datastax_java-driver__e1535e89ad,datastax_java-driver__e1535e89ad__driver-core_src_main_java_com_datastax_driver_core_HostConnectionPool.java,clean,,FP,test-label,0.0
bare-mergiraf,pos,deemopen_zkui__2843e7c28f,deemopen_zkui__2843e7c28f__src_main_java_com_deem_zkui_controller_Import.java,clean,,FP,test-label,0.0
bare-mergiraf,pos,deemopen_zkui__2843e7c28f,deemopen_zkui__2843e7c28f__src_main_java_com_deem_zkui_vo_LeafBean.java,clean,,FP,test-label,0.0
bare-mergiraf,pos,digidotcom_xbeejavalibrary__6279f85f74,digidotcom_xbeejavalibrary__6279f85f74__src_com_digi_xbee_api_XBeeDevice.java,conflict,textual,TN,dev-match,0.0
bare-mergiraf,pos,dius_java-faker__4c61966b1c,dius_java-faker__4c61966b1c__src_main_java_com_github_javafaker_Faker.java,clean,,FP,test-label,0.0
bare-mergiraf,pos,dtrules_dtrules__505c5cbf82,dtrules_dtrules__505c5cbf82__compilerutil_src_main_java_com_dtrules_trace_Trace.java,clean,,FP,test-label,0.0
bare-mergiraf,pos,elisarver_selophane__4ecc600017,elisarver_selophane__4ecc600017__src_test_java_org_selophane_elements_FormTest.java,clean,,FP,test-label,0.0
bare-mergiraf,pos,elisarver_selophane__4ecc600017,elisarver_selophane__4ecc600017__src_test_java_org_selophane_elements_helpers_FormTestObject.java,clean,,FP,test-label,0.0
bare-mergiraf,pos,erudika_para__a9e67cc8b3,erudika_para__a9e67cc8b3__para-server_src_main_java_com_erudika_para_aop_IndexAndCacheAspect.java,clean,,FP,test-label,0.0
bare-mergiraf,pos,fasterxml_jackson-core__2572819ed9,fasterxml_jackson-core__2572819ed9__src_test_java_com_fasterxml_jackson_core_sym_TestSymbolTables.java,clean,,FP,test-label,0.0
bare-mergiraf,pos,fasterxml_jackson-datatype-joda__4e6c266339,fasterxml_jackson-datatype-joda__4e6c266339__src_test_java_com_fasterxml_jackson_datatype_joda_JodaSerializationTest.java,clean,,FP,test-label,0.0
bare-mergiraf,pos,feroult_yawp__141f79a8e9,feroult_yawp__141f79a8e9__src_main_java_endpoint_repository_IdRef.java,clean,,FP,test-label,0.0
bare-mergiraf,pos,feroult_yawp__1723236a65,feroult_yawp__1723236a65__src_main_java_endpoint_actions_RepositoryActions.java,clean,,FP,test-label,0.0
bare-mergiraf,pos,frankbille_scoreboard__890ecd0bdb,frankbille_scoreboard__890ecd0bdb__src_main_java_dk_frankbille_scoreboard_domain_Player.java,clean,,FP,test-label,0.0
bare-mergiraf,pos,garbagemule_mobarena__b34dc0d5ac,garbagemule_mobarena__b34dc0d5ac__src_main_java_com_garbagemule_MobArena_MASpawnThread.java,clean,,FP,test-label,0.0
bare-mergiraf,pos,google_compile-testing__608e1cb92a,google_compile-testing__608e1cb92a__src_test_java_com_google_testing_compile_JavaSourcesSubjectFactoryTest.java,clean,,FP,test-label,0.0
bare-mergiraf,pos,google_truth__2e4a23bebb,google_truth__2e4a23bebb__core_src_main_java_org_truth0_subjects_StringSubject.java,clean,,FP,test-label,0.0
bare-mergiraf,pos,google_truth__2e4a23bebb,google_truth__2e4a23bebb__core_src_test_java_org_truth0_subjects_StringTest.java,clean,,FP,test-label,0.0
bare-mergiraf,pos,google_truth__9289ed34ae,google_truth__9289ed34ae__src_main_java_org_junit_contrib_truth_subjects_IterableSubject.java,clean,,FP,test-label,0.0
bare-mergiraf,pos,google_truth__9289ed34ae,google_truth__9289ed34ae__src_test_java_org_junit_contrib_truth_IterableTest.java,clean,,FP,test-label,0.0
bare-mergiraf,pos,greese_dasein-cloud-core__6c37152e5f,greese_dasein-cloud-core__6c37152e5f__src_main_java_org_dasein_cloud_network_LoadBalancerHealthCheck.java,clean,,FP,test-label,0.0
bare-mergiraf,pos,guhilling_cdi-test__f3f8094c67,guhilling_cdi-test__f3f8094c67__cdi-test-jpa_src_test_java_de_hilling_junit_cdi_jee_EntityManagerLifecycleTest.java,clean,,FP,test-label,0.0
bare-mergiraf,pos,gwtbootstrap3_gwtbootstrap3__5c0d1eab79,gwtbootstrap3_gwtbootstrap3__5c0d1eab79__gwtbootstrap3_src_main_java_org_gwtbootstrap3_client_ui_base_form_AbstractForm.java,clean,,FP,test-label,0.0
bare-mergiraf,pos,haraldwalker_user-agent-utils__eaaaa1488b,haraldwalker_user-agent-utils__eaaaa1488b__src_main_java_eu_bitwalker_useragentutils_Browser.java,clean,,FP,test-label,0.0
bare-mergiraf,pos,haraldwalker_user-agent-utils__eaaaa1488b,haraldwalker_user-agent-utils__eaaaa1488b__src_main_java_eu_bitwalker_useragentutils_OperatingSystem.java,clean,,FP,test-label,0.0
bare-mergiraf,pos,ignorance77_transformiceapi__9a65b8374f,ignorance77_transformiceapi__9a65b8374f__src_main_java_ee_ignorance_transformiceapi_processors_MouseDeathProcessor.java,clean,,FP,test-label,0.0
bare-mergiraf,pos,imixs_imixs-workflow__23b86de5b4,imixs_imixs-workflow__23b86de5b4__imixs-workflow-index-lucene_src_main_java_org_imixs_workflow_engine_lucene_LuceneIndexService.java,clean,,FP,test-label,0.0
bare-mergiraf,pos,imixs_imixs-workflow__23b86de5b4,imixs_imixs-workflow__23b86de5b4__imixs-workflow-index-lucene_src_main_java_org_imixs_workflow_engine_lucene_LuceneUpdateService.java,clean,,FP,test-label,0.0
bare-mergiraf,pos,iryndin_jdbf__9853124d73,iryndin_jdbf__9853124d73__src_main_java_net_iryndin_jdbf_util_DbfMetadataUtils.java,clean,,FP,test-label,0.0
bare-mergiraf,pos,j256_ormlite-core__2c159335d4,j256_ormlite-core__2c159335d4__src_main_java_com_j256_ormlite_stmt_mapped_MappedCreate.java,clean,,FP,test-label,0.0
bare-mergiraf,pos,j256_ormlite-core__606986f118,j256_ormlite-core__606986f118__src_main_java_com_j256_ormlite_field_FieldType.java,clean,,FP,test-label,0.0
bare-mergiraf,pos,jacquesberger_jsonparsingexample__ac521954c2,jacquesberger_jsonparsingexample__ac521954c2__src_main_java_org_jberger_jsonparsingexample_json_JSON.java,clean,,FP,test-label,0.0
bare-mergiraf,pos,jadler-mocking_jadler__294a06c3fc,jadler-mocking_jadler__294a06c3fc__jadler-core_src_main_java_net_jadler_JadlerMocker.java,clean,,FP,test-label,0.0
bare-mergiraf,pos,javamoney_jsr354-api__6d2356a153,javamoney_jsr354-api__6d2356a153__money-api_provider_src_test_java_javax_money_provider_MonetaryTest.java,clean,,FP,test-label,0.0
bare-mergiraf,pos,javaparser_javaparser__41a398414f,javaparser_javaparser__41a398414f__javaparser-symbol-solver-core_src_main_java_com_github_javaparser_symbolsolver_javaparsermodel_JavaParserFacade.java,clean,,FP,test-label,0.0
bare-mergiraf,pos,javaparser_javaparser__41a398414f,javaparser_javaparser__41a398414f__javaparser-symbol-solver-core_src_main_java_com_github_javaparser_symbolsolver_javaparsermodel_TypeExtractor.java,clean,,FP,test-label,0.0
bare-mergiraf,pos,javaparser_javaparser__91ebf36c06,javaparser_javaparser__91ebf36c06__javaparser-symbol-solver-core_src_main_java_com_github_javaparser_symbolsolver_javassistmodel_JavassistClassDeclaration.java,clean,,FP,test-label,0.0
bare-mergiraf,pos,javaparser_javaparser__91ebf36c06,javaparser_javaparser__91ebf36c06__javaparser-symbol-solver-testing_src_test_java_com_github_javaparser_symbolsolver_resolution_AnalyseJavaSymbolSolver060Test.java,clean,,FP,test-label,0.0
bare-mergiraf,pos,javaparser_javaparser__a23c6aa3b8,javaparser_javaparser__a23c6aa3b8__javaparser-testing_src_test_java_com_github_javaparser_bdd_steps_DumpingSteps.java,clean,,FP,test-label,0.0
bare-mergiraf,pos,javaparser_javaparser__dc6254f1bf,javaparser_javaparser__dc6254f1bf__javaparser-symbol-solver-core_src_main_java_com_github_javaparser_symbolsolver_javaparsermodel_declarations_JavaParserSymbolDeclaration.java,clean,,FP,test-label,0.0
bare-mergiraf,pos,javaparser_javaparser__ff91564b7f,javaparser_javaparser__ff91564b7f__javaparser-core-testing_src_test_java_com_github_javaparser_modules_ModuleDeclarationTest.java,clean,,FP,test-label,0.0
bare-mergiraf,pos,jboss-msc_jboss-msc__1d9b8d45ff,jboss-msc_jboss-msc__1d9b8d45ff__src_main_java_org_jboss_msc_service_BatchInjectionBuilderImpl.java,clean,,FP,test-label,0.0
bare-mergiraf,pos,jboss-msc_jboss-msc__a4e21a3b10,jboss-msc_jboss-msc__a4e21a3b10__src_main_java_org_jboss_msc_service_ServiceContainerImpl.java,clean,,FP,test-label,0.0
bare-mergiraf,pos,jboss-remoting_jboss-remoting__66a0631d13,jboss-remoting_jboss-remoting__66a0631d13__src_main_java_org_jboss_remoting3_RemotingXmlParser.java,clean,,FP,test-label,0.0
bare-mergiraf,pos,jcabi_jcabi-github__27cc460e3c,jcabi_jcabi-github__27cc460e3c__src_main_java_com_jcabi_github_Gist.java,clean,,FP,test-label,0.0
bare-mergiraf,pos,jcabi_jcabi-github__27cc460e3c,jcabi_jcabi-github__27cc460e3c__src_test_java_com_jcabi_github_RtGistITCase.java,clean,,FP,test-label,0.0
bare-mergiraf,pos,jcabi_jcabi-github__b13d2596ba,jcabi_jcabi-github__b13d2596ba__src_test_java_com_jcabi_github_RtIssueITCase.java,clean,,FP,test-label,0.0
bare-mergiraf,pos,jcabi_jcabi-github__b13d2596ba,jcabi_jcabi-github__b13d2596ba__src_test_java_com_jcabi_github_RtMilestonesITCase.java,clean,,FP,test-label,0.0
bare-mergiraf,pos,jcabi_jcabi-github__e18a8ffd16,jcabi_jcabi-github__e18a8ffd16__src_test_java_com_jcabi_github_RtHooksITCase.java,clean,,FP,test-label,0.0
bare-mergiraf,pos,jcabi_jcabi-http__0c63dd0c75,jcabi_jcabi-http__0c63dd0c75__src_main_java_com_jcabi_http_mock_MkQueryMatchers.java,conflict,textual,TN,dev-match,0.0
bare-mergiraf,pos,jdupl_lancoder__407742ea19,jdupl_lancoder__407742ea19__src_main_java_org_lancoder_Main.java,clean,,FP,test-label,0.0
bare-mergiraf,pos,jdupl_lancoder__407742ea19,jdupl_lancoder__407742ea19__src_main_java_org_lancoder_master_api_web_ApiServer.java,clean,,FP,test-label,0.0
bare-mergiraf,pos,jenkinsci_coverity-plugin__2fb8690816,jenkinsci_coverity-plugin__2fb8690816__src_main_java_jenkins_plugins_coverity_CoverityTool_CoverityToolHandler.java,clean,,FP,test-label,0.0
bare-mergiraf,pos,jenkinsci_coverity-plugin__62bdb6232e,jenkinsci_coverity-plugin__62bdb6232e__src_main_java_jenkins_plugins_coverity_ws_DefectReader.java,clean,,FP,test-label,0.0
bare-mergiraf,pos,jenkinsci_coverity-plugin__62bdb6232e,jenkinsci_coverity-plugin__62bdb6232e__src_test_java_jenkins_plugins_coverity_ws_DefectReaderTest.java,clean,,FP,test-label,0.0
bare-mergiraf,pos,jenkinsci_credentials-plugin__b9cb5f9d1b,jenkinsci_credentials-plugin__b9cb5f9d1b__src_test_java_com_cloudbees_plugins_credentials_casc_CredentialsCategoryTest.java,clean,,FP,test-label,0.0
bare-mergiraf,pos,jenkinsci_docker-build-publish-plugin__59faa9673c,jenkinsci_docker-build-publish-plugin__59faa9673c__src_main_java_com_cloudbees_dockerpublish_DockerBuilder.java,clean,,FP,test-label,0.0
bare-mergiraf,pos,jenkinsci_email-ext-plugin__4def0e56a8,jenkinsci_email-ext-plugin__4def0e56a8__src_test_java_hudson_plugins_emailext_recipients_EmailRecipientUtilsTest.java,clean,,FP,test-label,0.0
bare-mergiraf,pos,jenkinsci_jira-plugin__0eec353cb5,jenkinsci_jira-plugin__0eec353cb5__src_main_java_hudson_plugins_jira_JiraSite.java,clean,,FP,test-label,0.0
bare-mergiraf,pos,jenkinsci_jira-plugin__6ad78581c9,jenkinsci_jira-plugin__6ad78581c9__src_main_java_hudson_plugins_jira_JiraChangeLogAnnotator.java,clean,,FP,test-label,0.0
bare-mergiraf,pos,jenkinsci_jira-plugin__6ad78581c9,jenkinsci_jira-plugin__6ad78581c9__src_main_java_hudson_plugins_jira_JiraSite.java,clean,,FP,test-label,0.0
bare-mergiraf,pos,jenkinsci_ldap-plugin__3eee59e25a,jenkinsci_ldap-plugin__3eee59e25a__src_main_java_hudson_security_LDAPSecurityRealm.java,clean,,FP,test-label,0.0
bare-mergiraf,pos,jenkinsci_ui-samples-plugin__81bf937a3d,jenkinsci_ui-samples-plugin__81bf937a3d__src_main_java_io_jenkins_plugins_designlibrary_Root.java,clean,,FP,test-label,0.0
bare-mergiraf,pos,jline_jline2__348cb9dada,jline_jline2__348cb9dada__src_main_java_jline_console_ConsoleReader.java,clean,,FP,test-label,0.0
bare-mergiraf,pos,jline_jline2__348cb9dada,jline_jline2__348cb9dada__src_test_java_jline_console_ConsoleReaderTestSupport.java,clean,,FP,test-label,0.0
bare-mergiraf,pos,jline_jline2__5869eaa93a,jline_jline2__5869eaa93a__src_main_java_jline_console_ConsoleReader.java,conflict,textual,TN,dev-match,0.0
bare-mergiraf,pos,jmetal_jmetal__162d1a63b7,jmetal_jmetal__162d1a63b7__jmetal-core_src_main_java_org_uma_jmetal_util_SolutionListUtils.java,clean,,FP,test-label,0.0
bare-mergiraf,pos,jmetal_jmetal__162d1a63b7,jmetal_jmetal__162d1a63b7__jmetal-core_src_main_java_org_uma_jmetal_util_neighborhood_impl_AdaptiveRandomNeighborhood.java,clean,,FP,test-label,0.0
bare-mergiraf,pos,jmetal_jmetal__7d9295f890,jmetal_jmetal__7d9295f890__jmetal-problem_src_main_java_org_uma_jmetal_problem_multiobjective_MultiobjectiveTSP.java,clean,,FP,test-label,0.0
bare-mergiraf,pos,jmetal_jmetal__b4630972a8,jmetal_jmetal__b4630972a8__jmetal-auto_src_main_java_org_uma_jmetal_auto_parameter_Parameter.java,clean,,FP,test-label,0.0
bare-mergiraf,pos,jnr_jnr-unixsocket__467698b6bd,jnr_jnr-unixsocket__467698b6bd__src_main_java_jnr_unixsocket_Native.java,clean,,FP,test-label,0.0
bare-mergiraf,pos,jnr_jnr-unixsocket__467698b6bd,jnr_jnr-unixsocket__467698b6bd__src_main_java_jnr_unixsocket_UnixSocketChannel.java,clean,,FP,test-label,0.0
bare-mergiraf,pos,jnr_jnr-unixsocket__f8f34e5634,jnr_jnr-unixsocket__f8f34e5634__src_main_java_jnr_unixsocket_Native.java,clean,,FP,test-label,0.0
bare-mergiraf,pos,joel-costigliola_assertj-core__1b4ad829f3,joel-costigliola_assertj-core__1b4ad829f3__src_test_java_org_assertj_core_api_SoftAssertionsTest.java,clean,,FP,test-label,0.0
bare-mergiraf,pos,joel-costigliola_assertj-core__74baae279d,joel-costigliola_assertj-core__74baae279d__src_main_java_org_assertj_core_api_AbstractMapAssert.java,clean,,FP,test-label,0.0
bare-mergiraf,pos,joel-costigliola_assertj-core__74baae279d,joel-costigliola_assertj-core__74baae279d__src_main_java_org_assertj_core_api_AbstractObjectAssert.java,conflict,textual,TN,dev-match,0.0
bare-mergiraf,pos,jparsec_jparsec__ef02642abd,jparsec_jparsec__ef02642abd__src_main_java_org_codehaus_jparsec_Parser.java,clean,,FP,test-label,0.0
bare-mergiraf,pos,jsprit_jsprit__5cf6758085,jsprit_jsprit__5cf6758085__jsprit-core_src_test_java_jsprit_core_analysis_SolutionAnalyserTest.java,clean,,FP,test-label,0.0
bare-mergiraf,pos,jwtk_jjwt__ff932e9838,jwtk_jjwt__ff932e9838__src_main_java_io_jsonwebtoken_impl_DefaultJwtParser.java,clean,,FP,test-label,0.0
bare-mergiraf,pos,k3po_k3po__084cc0b426,k3po_k3po__084cc0b426__specification_wse_src_test_java_org_kaazing_specification_wse_data_BinaryAsEscapedTextIT.java,clean,,FP,test-label,0.0
bare-mergiraf,pos,kaazing_k3po__084cc0b426,kaazing_k3po__084cc0b426__specification_wse_src_test_java_org_kaazing_specification_wse_data_BinaryAsEscapedTextIT.java,clean,,FP,test-label,0.0
bare-mergiraf,pos,kaazing_robot__084cc0b426,kaazing_robot__084cc0b426__specification_wse_src_test_java_org_kaazing_specification_wse_data_BinaryAsEscapedTextIT.java,clean,,FP,test-label,0.0
bare-mergiraf,pos,kohsuke_github-api__4e56b8bb78,kohsuke_github-api__4e56b8bb78__src_main_java_org_kohsuke_github_GHRepository.java,clean,,FP,test-label,0.0
bare-mergiraf,pos,kohsuke_github-api__4e56b8bb78,kohsuke_github-api__4e56b8bb78__src_main_java_org_kohsuke_github_Requester.java,clean,,FP,test-label,0.0
bare-mergiraf,pos,kongchen_swagger-maven-plugin__1e61731653,kongchen_swagger-maven-plugin__1e61731653__src_main_java_com_github_kongchen_swagger_docgen_reader_SpringMvcApiReader.java,clean,,FP,test-label,0.0
bare-mergiraf,pos,kongchen_swagger-maven-plugin__3d2ea22d07,kongchen_swagger-maven-plugin__3d2ea22d07__src_main_java_com_github_kongchen_swagger_docgen_reader_AbstractReader.java,clean,,FP,test-label,0.0
bare-mergiraf,pos,learning-layers_socialsemanticserver__4ada3cddc3,learning-layers_socialsemanticserver__4ada3cddc3__serv_serv.custom_serv.custom.caller_src_main_java_at_tugraz_sss_serv_caller_SSServCaller.java,conflict,textual,TN,dev-match,0.0
bare-mergiraf,pos,learning-layers_socialsemanticserver__4ada3cddc3,learning-layers_socialsemanticserver__4ada3cddc3__serv_serv.custom_serv.custom.ops_src_main_java_at_tugraz_sss_serv_SSServOpE.java,clean,,FP,test-label,0.0
bare-mergiraf,pos,lwhite1_tablesaw__13178c81a1,lwhite1_tablesaw__13178c81a1__core_src_main_java_tech_tablesaw_api_DateTimeColumn.java,clean,,FP,test-label,0.0
bare-mergiraf,pos,mashape_unirest-java__121f85b819,mashape_unirest-java__121f85b819__src_test_java_com_mashape_unirest_test_http_UnirestTest.java,clean,,FP,test-label,0.0
bare-mergiraf,pos,mashape_unirest-java__b43fb95f4a,mashape_unirest-java__b43fb95f4a__src_test_java_com_mashape_unirest_test_http_UnirestTest.java,clean,,FP,test-label,0.0
bare-mergiraf,pos,mbosecke_pebble__617aab328f,mbosecke_pebble__617aab328f__src_main_java_com_mitchellbosecke_pebble_extension_core_CoreExtension.java,clean,,FP,test-label,0.0
bare-mergiraf,pos,mbosecke_pebble__617aab328f,mbosecke_pebble__617aab328f__src_test_java_com_mitchellbosecke_pebble_CoreTagsTest.java,clean,,FP,test-label,0.0
bare-mergiraf,pos,mercadopago_sdk-java__b7498c6f9d,mercadopago_sdk-java__b7498c6f9d__src_main_java_com_mercadopago_client_payment_PaymentRefundClient.java,clean,,FP,test-label,0.0
bare-mergiraf,pos,mikera_vectorz__d93ef1b341,mikera_vectorz__d93ef1b341__src_test_java_mikera_matrixx_TestMatrices.java,clean,,FP,test-label,0.0
bare-mergiraf,pos,mitre_http-proxy-servlet__b7a68118f2,mitre_http-proxy-servlet__b7a68118f2__src_main_java_org_mitre_dsmiley_httpproxy_ProxyServlet.java,clean,,FP,test-label,0.0
bare-mergiraf,pos,mixpanel_mixpanel-java__bcdd1ed28f,mixpanel_mixpanel-java__bcdd1ed28f__src_main_java_com_mixpanel_mixpanelapi_MixpanelAPI.java,clean,,FP,test-label,0.0
bare-mergiraf,pos,monitorjbl_excel-streaming-reader__8698befdf4,monitorjbl_excel-streaming-reader__8698befdf4__src_main_java_com_monitorjbl_xlsx_impl_StreamingRow.java,conflict,textual,TN,dev-match,0.0
bare-mergiraf,pos,monitorjbl_excel-streaming-reader__8698befdf4,monitorjbl_excel-streaming-reader__8698befdf4__src_test_java_com_monitorjbl_xlsx_StreamingReaderTest.java,clean,,FP,test-label,0.0
bare-mergiraf,pos,movsim_movsim__00d5222b61,movsim_movsim__00d5222b61__src_main_java_org_movsim_simulator_roadSection_impl_RoadSectionImpl.java,conflict,textual,TN,dev-match,0.0
bare-mergiraf,pos,movsim_movsim__6dae25caf7,movsim_movsim__6dae25caf7__core_src_main_java_org_movsim_SimulationScan.java,clean,,FP,test-label,0.0
bare-mergiraf,pos,movsim_movsim__6dae25caf7,movsim_movsim__6dae25caf7__core_src_main_java_org_movsim_simulator_roadnetwork_RoadSegment.java,clean,,FP,test-label,0.0
bare-mergiraf,pos,msopentech_azure-activedirectory-library-for-java__d3f143872b,msopentech_azure-activedirectory-library-for-java__d3f143872b__src_test_java_com_microsoft_aad_adal4j_AuthenticationContextTest.java,clean,,FP,test-label,0.0
bare-mergiraf,pos,named-data_jndn__3d47402192,named-data_jndn__3d47402192__src_net_named_data_jndn_NetworkNack.java,clean,,FP,test-label,0.0
bare-mergiraf,pos,named-data_jndn__e0db451bf1,named-data_jndn__e0db451bf1__src_net_named_data_jndn_Face.java,clean,,FP,test-label,0.0
bare-mergiraf,pos,ninjaframework_ninja__31737c1a10,ninjaframework_ninja__31737c1a10__ninja-servlet_src_main_java_ninja_servlet_ContextImpl.java,clean,,FP,test-label,0.0
bare-mergiraf,pos,ninjaframework_ninja__31737c1a10,ninjaframework_ninja__31737c1a10__ninja-servlet_src_test_java_ninja_servlet_ContextImplTest.java,clean,,FP,test-label,0.0
bare-mergiraf,pos,ninjaframework_ninja__45bb542cb4,ninjaframework_ninja__45bb542cb4__ninja-core_src_main_java_ninja_AssetsController.java,clean,,FP,test-label,0.0
bare-mergiraf,pos,ninjaframework_ninja__45bb542cb4,ninjaframework_ninja__45bb542cb4__ninja-demo-application_src_test_java_controllers_ApplicationControllerTest.java,clean,,FP,test-label,0.0
bare-mergiraf,pos,ninjaframework_ninja__663883c228,ninjaframework_ninja__663883c228__ninja-core_src_main_java_ninja_utils_NinjaProperties.java,clean,,FP,test-label,0.0
bare-mergiraf,pos,ninjaframework_ninja__663883c228,ninjaframework_ninja__663883c228__ninja-core_src_main_java_ninja_utils_NinjaPropertiesImpl.java,clean,,FP,test-label,0.0
bare-mergiraf,pos,ninjaframework_ninja__94b2365be3,ninjaframework_ninja__94b2365be3__ninja-core_src_main_java_ninja_Context.java,clean,,FP,test-label,0.0
bare-mergiraf,pos,ninjaframework_ninja__94b2365be3,ninjaframework_ninja__94b2365be3__ninja-core_src_main_java_ninja_ContextImpl.java,clean,,FP,test-label,0.0
bare-mergiraf,pos,northlander_a__c3f2865b88,northlander_a__c3f2865b88__src_test_java_co_nordlander_a_BaseTest.java,clean,,FP,test-label,0.0
bare-mergiraf,pos,nuodb_migration-tools__2e1f6973c4,nuodb_migration-tools__2e1f6973c4__src_test_java_com_nuodb_tools_migration_jdbc_metamodel_DatabaseIntrospectorTest.java,clean,,FP,test-label,0.0
bare-mergiraf,pos,nurkiewicz_java8-workshop__f5918aa79c,nurkiewicz_java8-workshop__f5918aa79c__src_main_java_com_nurkiewicz_java8_holidays_PolishHolidays.java,clean,,FP,test-label,0.0
bare-mergiraf,pos,nysenate_openlegislation__9c7cf034c1,nysenate_openlegislation__9c7cf034c1__src_main_java_gov_nysenate_openleg_search_committee_ElasticCommitteeSearchDao.java,clean,,FP,test-label,0.0
bare-mergiraf,pos,okleine_ncoap__99de16a6d2,okleine_ncoap__99de16a6d2__src_main_java_de_uniluebeck_itm_spitfire_nCoap_message_CoapRequest.java,clean,,FP,test-label,0.0
bare-mergiraf,pos,onebusaway_onebusaway-application-modules__915e2f3ffe,onebusaway_onebusaway-application-modules__915e2f3ffe__onebusaway-transit-data-federation_src_main_java_org_onebusaway_transit_data_federation_impl_beans_StopWithArrivalsAndDeparturesBeanServiceImpl.java,clean,,FP,test-label,0.0
bare-mergiraf,pos,onebusaway_onebusaway-application-modules__e779e9fce1,onebusaway_onebusaway-application-modules__e779e9fce1__onebusaway-transit-data_src_main_java_org_onebusaway_transit_data_model_ArrivalsAndDeparturesQueryBean.java,clean,,FP,test-label,0.0
bare-mergiraf,pos,openhft_chronicle-bytes__5bad7e86ea,openhft_chronicle-bytes__5bad7e86ea__src_main_java_net_openhft_chronicle_bytes_NativeBytes.java,clean,,FP,test-label,0.0
bare-mergiraf,pos,openhft_chronicle-bytes__a9e7269a84,openhft_chronicle-bytes__a9e7269a84__src_main_java_net_openhft_chronicle_bytes_MappedFile.java,conflict,textual,TN,dev-match,0.0
bare-mergiraf,pos,openhft_chronicle-bytes__e3ac571d25,openhft_chronicle-bytes__e3ac571d25__src_test_java_net_openhft_chronicle_bytes_BytesTest.java,clean,,FP,test-label,0.0
bare-mergiraf,pos,openhft_chronicle-network__fb39c8ca3b,openhft_chronicle-network__fb39c8ca3b__src_main_java_net_openhft_chronicle_network_cluster_Cluster.java,conflict,textual,TN,dev-match,0.0
bare-mergiraf,pos,openpnp_openpnp__93126880a6,openpnp_openpnp__93126880a6__src_main_java_org_openpnp_gui_MainFrame.java,clean,,FP,test-label,0.0
bare-mergiraf,pos,openpnp_openpnp__a3cca4daba,openpnp_openpnp__a3cca4daba__src_main_java_org_openpnp_machine_reference_ReferenceNozzle.java,conflict,textual,TN,dev-match,0.0
bare-mergiraf,pos,openpnp_openpnp__a3cca4daba,openpnp_openpnp__a3cca4daba__src_main_java_org_openpnp_machine_reference_ReferenceNozzleTip.java,clean,,FP,test-label,0.0
bare-mergiraf,pos,openpnp_openpnp__fb30708fe0,openpnp_openpnp__fb30708fe0__src_main_java_org_openpnp_machine_reference_driver_GcodeDriver.java,clean,,FP,test-label,0.0
bare-mergiraf,pos,prism_prism-bukkit__15140fadb2,prism_prism-bukkit__15140fadb2__src_main_java_me_botsko_prism_Prism.java,clean,,FP,test-label,0.0
bare-mergiraf,pos,prism_prism-bukkit__6dfb9ef0cf,prism_prism-bukkit__6dfb9ef0cf__src_main_java_me_botsko_prism_commands_NearCommand.java,clean,,FP,test-label,0.0
bare-mergiraf,pos,prism_prism-bukkit__74927cacad,prism_prism-bukkit__74927cacad__src_main_java_me_botsko_prism_actionlibs_ActionsQuery.java,conflict,textual,TN,dev-match,0.0
bare-mergiraf,pos,prism_prism-bukkit__74927cacad,prism_prism-bukkit__74927cacad__src_main_java_me_botsko_prism_database_DeleteQuery.java,clean,,FP,test-label,0.0
bare-mergiraf,pos,progether_jadventure__9ce4a7106c,progether_jadventure__9ce4a7106c__src_main_java_com_jadventure_game_navigation_LocationType.java,clean,,FP,test-label,0.0
bare-mergiraf,pos,progether_jadventure__9ce4a7106c,progether_jadventure__9ce4a7106c__src_main_java_com_jadventure_game_prompts_CommandCollection.java,clean,,FP,test-label,0.0
bare-mergiraf,pos,progether_jadventure__e28401af85,progether_jadventure__e28401af85__src_main_java_com_jadventure_game_prompts_CommandParser.java,clean,,FP,test-label,0.0
bare-mergiraf,pos,projectblueshift_blueshiftapi__004679e5bb,projectblueshift_blueshiftapi__004679e5bb__src_main_java_net_tridentsdk_chat_ChatComponent.java,clean,,FP,test-label,0.0
bare-mergiraf,pos,recruit-tech_redpen__58d3096f6c,recruit-tech_redpen__58d3096f6c__redpen-core_src_test_java_cc_redpen_parser_SentenceExtractorTest.java,clean,,FP,test-label,0.0
bare-mergiraf,pos,relayrides_pushy__6badde9538,relayrides_pushy__6badde9538__src_main_java_com_relayrides_pushy_apns_PushManager.java,clean,,FP,test-label,0.0
bare-mergiraf,pos,sailthru_sailthru-java-client__ee1f917600,sailthru_sailthru-java-client__ee1f917600__src_main_com_sailthru_client_exceptions_ApiException.java,clean,,FP,test-label,0.0
bare-mergiraf,pos,samskivert_jmustache__940af397c4,samskivert_jmustache__940af397c4__src_main_java_com_samskivert_mustache_Mustache.java,clean,,FP,test-label,0.0
bare-mergiraf,pos,sander2798_enderstone__3de930e0ed,sander2798_enderstone__3de930e0ed__src_org_enderstone_server_entity_EnderPlayer.java,clean,,FP,test-label,0.0
bare-mergiraf,pos,sander2798_enderstone__b515bac1b0,sander2798_enderstone__b515bac1b0__src_org_enderstone_server_packet_codec_MinecraftServerCodex.java,clean,,FP,test-label,0.0
bare-mergiraf,pos,sandergielisse_enderstone__3de930e0ed,sandergielisse_enderstone__3de930e0ed__src_org_enderstone_server_entity_EnderPlayer.java,clean,,FP,test-label,0.0
bare-mergiraf,pos,sandergielisse_enderstone__b515bac1b0,sandergielisse_enderstone__b515bac1b0__src_org_enderstone_server_packet_codec_MinecraftServerCodex.java,clean,,FP,test-label,0.0
bare-mergiraf,pos,segmentio_analytics-java__0d4a7b4e69,segmentio_analytics-java__0d4a7b4e69__analytics_src_main_java_com_segment_analytics_internal_AnalyticsClient.java,clean,,FP,test-label,0.0
bare-mergiraf,pos,segmentio_analytics-java__0d4a7b4e69,segmentio_analytics-java__0d4a7b4e69__analytics_src_test_java_com_segment_analytics_internal_AnalyticsClientTest.java,clean,,FP,test-label,0.0
bare-mergiraf,pos,skyscreamer_nevado__cdc23cde46,skyscreamer_nevado__cdc23cde46__nevado-jms_src_main_java_org_skyscreamer_nevado_jms_connector_amazonaws_AmazonAwsSQSConnectorFactory.java,clean,,FP,test-label,0.0
bare-mergiraf,pos,softinstigate_restheart__98dda32101,softinstigate_restheart__98dda32101__graphql_src_main_java_org_restheart_graphql_GraphQLService.java,clean,,FP,test-label,0.0
bare-mergiraf,pos,softinstigate_restheart__b196d4fc15,softinstigate_restheart__b196d4fc15__graphql_src_main_java_org_restheart_graphql_scalars_BsonScalars.java,clean,,FP,test-label,0.0
bare-mergiraf,pos,softinstigate_restheart__d8673744dc,softinstigate_restheart__d8673744dc__src_main_java_org_restheart_handlers_RequestContext.java,clean,,FP,test-label,0.0
bare-mergiraf,pos,softinstigate_restheart__d8673744dc,softinstigate_restheart__d8673744dc__src_main_java_org_restheart_handlers_RequestDispatcherHandler.java,clean,,FP,test-label,0.0
bare-mergiraf,pos,sps_pushover4j__88cd636fab,sps_pushover4j__88cd636fab__src_main_java_net_pushover_client_PushoverResponseFactory.java,conflict,textual,TN,dev-match,0.0
bare-mergiraf,pos,sps_pushover4j__88cd636fab,sps_pushover4j__88cd636fab__src_test_java_net_pushover_client_PushoverResponseFactoryTest.java,clean,,FP,test-label,0.0
bare-mergiraf,pos,square_javapoet__d019b6f624,square_javapoet__d019b6f624__src_main_java_com_squareup_javawriter_JavaWriter.java,clean,,FP,test-label,0.0
bare-mergiraf,pos,square_javapoet__d019b6f624,square_javapoet__d019b6f624__src_test_java_com_squareup_javawriter_JavaWriterTest.java,clean,,FP,test-label,0.0
bare-mergiraf,pos,sstrickx_yahoofinance-api__216ad70070,sstrickx_yahoofinance-api__216ad70070__src_main_java_stockagent_RuleBasedAgent.java,clean,,FP,test-label,0.0
bare-mergiraf,pos,steveice10_mcprotocollib__5c8a435832,steveice10_mcprotocollib__5c8a435832__src_main_java_com_github_steveice10_mc_protocol_data_message_style_MessageStyle.java,clean,,FP,test-label,0.0
bare-mergiraf,pos,steveice10_packetlib__295cf3e47a,steveice10_packetlib__295cf3e47a__src_main_java_com_github_steveice10_packetlib_tcp_TcpClientSession.java,conflict,textual,TN,dev-match,0.0
bare-mergiraf,pos,swagger-api_swagger-parser__41ccee4da3,swagger-api_swagger-parser__41ccee4da3__modules_swagger-parser-v3_src_test_java_io_swagger_v3_parser_test_OpenAPIV3ParserTest.java,clean,,FP,test-label,0.0
bare-mergiraf,pos,swagger-api_swagger-parser__59a85a29da,swagger-api_swagger-parser__59a85a29da__modules_swagger-parser-v3_src_test_java_io_swagger_v3_parser_test_OpenAPIV3ParserTest.java,clean,,FP,test-label,0.0
bare-mergiraf,pos,tabulapdf_tabula-java__767699f3aa,tabulapdf_tabula-java__767699f3aa__src_main_java_technology_tabula_detectors_RegexSearch.java,conflict,textual,TN,dev-match,0.0
bare-mergiraf,pos,tabulapdf_tabula-java__767699f3aa,tabulapdf_tabula-java__767699f3aa__src_test_java_technology_tabula_TestRegexSearch.java,clean,,FP,test-label,0.0
bare-mergiraf,pos,tcurdt_jdeb__77d052996a,tcurdt_jdeb__77d052996a__src_main_java_org_vafer_jdeb_DataBuilder.java,clean,,FP,test-label,0.0
bare-mergiraf,pos,tcurdt_jdeb__77d052996a,tcurdt_jdeb__77d052996a__src_test_java_org_vafer_jdeb_DataBuilderTestCase.java,clean,,FP,test-label,0.0
bare-mergiraf,pos,thenewcircle_spring-hibernate-20120924__7ec9c1b4bb,thenewcircle_spring-hibernate-20120924__7ec9c1b4bb__src_main_java_com_marakana_contacts_controllers_ContactController.java,clean,,FP,test-label,0.0
bare-mergiraf,pos,tridentsdk_tridentsdk__004679e5bb,tridentsdk_tridentsdk__004679e5bb__src_main_java_net_tridentsdk_chat_ChatComponent.java,clean,,FP,test-label,0.0
bare-mergiraf,pos,tumblr_jumblr__31bd6f8335,tumblr_jumblr__31bd6f8335__src_main_java_com_tumblr_jumblr_exceptions_JumblrException.java,clean,,FP,test-label,0.0
bare-mergiraf,pos,tumblr_jumblr__31bd6f8335,tumblr_jumblr__31bd6f8335__src_main_java_com_tumblr_jumblr_request_RequestBuilder.java,clean,,FP,test-label,0.0
bare-mergiraf,pos,urbanairship_datacube__b8bef94f4d,urbanairship_datacube__b8bef94f4d__src_main_java_com_urbanairship_datacube_DataCubeIo.java,clean,,FP,test-label,0.0
bare-mergiraf,pos,urbanairship_datacube__b8bef94f4d,urbanairship_datacube__b8bef94f4d__src_main_java_com_urbanairship_datacube_dbharnesses_HBaseDbHarness.java,clean,,FP,test-label,0.0
bare-mergiraf,pos,urbanairship_java-library__bbe0297a10,urbanairship_java-library__bbe0297a10__src_test_java_com_urbanairship_api_customevents_model_CustomEventPayloadTest.java,clean,,FP,test-label,0.0
bare-mergiraf,pos,urbanairship_java-library__bbe0297a10,urbanairship_java-library__bbe0297a10__src_test_java_com_urbanairship_api_customevents_parse_CustomEventPayloadSerializerTest.java,clean,,FP,test-label,0.0
bare-mergiraf,pos,uwolfer_gerrit-rest-java-client__8e688db702,uwolfer_gerrit-rest-java-client__8e688db702__src_main_java_com_urswolfer_gerrit_client_rest_http_GerritRestClient.java,conflict,textual,TN,dev-match,0.0
bare-mergiraf,pos,vkostyukov_la4j__d216aa8928,vkostyukov_la4j__d216aa8928__src_main_java_org_la4j_vector_AbstractVector.java,clean,,FP,test-label,0.0
bare-mergiraf,pos,vkostyukov_la4j__d216aa8928,vkostyukov_la4j__d216aa8928__src_test_java_org_la4j_vector_sparse_SparseVectorTest.java,clean,,FP,test-label,0.0
bare-mergiraf,pos,vojtechhabarta_typescript-generator__51835d3c16,vojtechhabarta_typescript-generator__51835d3c16__typescript-generator-spring_src_test_java_cz_habarta_typescript_generator_spring_SpringTest.java,clean,,FP,test-label,0.0
bare-mergiraf,pos,warmuuh_libsass-maven-plugin__5ca7b3f086,warmuuh_libsass-maven-plugin__5ca7b3f086__src_main_java_wrm_CompilationMojo.java,conflict,textual,TN,dev-match,0.0
bare-mergiraf,pos,winder_universal-g-code-sender__84d687330a,winder_universal-g-code-sender__84d687330a__ugs-core_src_com_willwinder_universalgcodesender_model_GUIBackend.java,clean,,FP,test-label,0.0
bare-mergiraf,pos,winder_universal-g-code-sender__84d687330a,winder_universal-g-code-sender__84d687330a__ugs-core_src_com_willwinder_universalgcodesender_utils_ControllerSettings.java,clean,,FP,test-label,0.0
bare-mergiraf,pos,winder_universal-g-code-sender__bc742cb4c4,winder_universal-g-code-sender__bc742cb4c4__ugs-core_src_com_willwinder_universalgcodesender_GrblController.java,clean,,FP,test-label,0.0
bare-mergiraf,pos,winder_universal-g-code-sender__c93fec43ee,winder_universal-g-code-sender__c93fec43ee__ugs-core_src_com_willwinder_universalgcodesender_gcode_util_CommandProcessorLoader.java,clean,,FP,test-label,0.0
bare-mergiraf,pos,xebia_xebium__2808ba14a8,xebia_xebium__2808ba14a8__src_main_java_com_xebia_incubator_xebium_SeleniumDriverFixture.java,clean,,FP,test-label,0.0
bare-mergiraf,pos,xebia_xebium__a82603c978,xebia_xebium__a82603c978__src_main_java_com_xebia_incubator_xebium_SeleniumDriverFixture.java,clean,,FP,test-label,0.0
bare-mergiraf,ctl,adoptopenjdk_mjprof__44b7a2b3db,adoptopenjdk_mjprof__44b7a2b3db__src_main_java_com_performizeit_mjstack_MJStack.java,clean,,TP,test-label,0.0
bare-mergiraf,ctl,aerospike_aerospike-client-java__b77316ac92,aerospike_aerospike-client-java__b77316ac92__proxy_src_com_aerospike_client_proxy_grpc_GrpcChannelExecutor.java,clean,,TP,test-label,0.0
bare-mergiraf,ctl,aerospike_aerospike-client-java__b77316ac92,aerospike_aerospike-client-java__b77316ac92__proxy_src_com_aerospike_client_proxy_grpc_GrpcStreamingCall.java,clean,,TP,test-label,0.0
bare-mergiraf,ctl,aerospike_aerospike-client-java__dfa7c50814,aerospike_aerospike-client-java__dfa7c50814__test_src_com_aerospike_test_util_Args.java,clean,,TP,test-label,0.0
bare-mergiraf,ctl,aleksandr-m_gitflow-maven-plugin__7482fdb5b6,aleksandr-m_gitflow-maven-plugin__7482fdb5b6__src_main_java_com_amashchenko_maven_plugin_gitflow_AbstractGitFlowMojo.java,clean,,TP,test-label,0.0
bare-mergiraf,ctl,alexcojocaru_elasticsearch-maven-plugin__6c23c6286d,alexcojocaru_elasticsearch-maven-plugin__6c23c6286d__src_main_java_com_github_alexcojocaru_mojo_elasticsearch_v2_StopMojo.java,clean,,TP,test-label,0.0
bare-mergiraf,ctl,alibaba_canal__10930b9e3d,alibaba_canal__10930b9e3d__parse_src_main_java_com_alibaba_otter_canal_parse_inbound_mysql_dbsync_LogEventConvert.java,clean,,TP,test-label,0.0
bare-mergiraf,ctl,alibaba_canal__10930b9e3d,alibaba_canal__10930b9e3d__parse_src_main_java_com_alibaba_otter_canal_parse_inbound_mysql_dbsync_SimpleDdlParser.java,clean,,TP,test-label,0.0
bare-mergiraf,ctl,andrewphorn_classicube-client__645941b423,andrewphorn_classicube-client__645941b423__src_main_java_com_mojang_minecraft_gui_FontRenderer.java,clean,,TP,test-label,0.0
bare-mergiraf,ctl,anjuke_hwi__93f975a6d0,anjuke_hwi__93f975a6d0__src_main_java_org_apache_hadoop_hive_hwi_servlet_RQuery.java,clean,,TP,test-label,0.0
bare-mergiraf,ctl,apache_commons-csv__2e851bc960,apache_commons-csv__2e851bc960__src_test_java_org_apache_commons_csv_CSVParserTest.java,clean,,TP,test-label,0.0
bare-mergiraf,ctl,apache_commons-ognl__c1132d8fb3,apache_commons-ognl__c1132d8fb3__src_main_java_org_apache_commons_ognl_internal_entry_PropertyDescriptorCacheEntryFactory.java,clean,,TP,test-label,0.0
bare-mergiraf,ctl,apache_maven-enforcer__f4f8c2559e,apache_maven-enforcer__f4f8c2559e__enforcer-rules_src_main_java_org_apache_maven_plugins_enforcer_AbstractBanDependencies.java,clean,,TP,test-label,0.0
bare-mergiraf,ctl,apache_metamodel__f9f2bc07f3,apache_metamodel__f9f2bc07f3__core_src_main_java_org_apache_metamodel_query_parser_QueryPartParser.java,clean,,TP,test-label,0.0
bare-mergiraf,ctl,apache_metamodel__f9f2bc07f3,apache_metamodel__f9f2bc07f3__core_src_test_java_org_apache_metamodel_query_parser_QueryParserTest.java,clean,,TP,test-label,0.0
bare-mergiraf,ctl,apache_roller__d362f5d1ee,apache_roller__d362f5d1ee__app_src_main_java_org_apache_roller_weblogger_business_search_IndexManagerImpl.java,clean,,TP,test-label,0.0
bare-mergiraf,ctl,apache_tomcat-maven-plugin__74e25e53e8,apache_tomcat-maven-plugin__74e25e53e8__tomcat7-war-runner_src_main_java_org_apache_tomcat_maven_runner_Tomcat7Runner.java,clean,,TP,test-label,0.0
bare-mergiraf,ctl,apache_tomcat-maven-plugin__74e25e53e8,apache_tomcat-maven-plugin__74e25e53e8__tomcat7-war-runner_src_main_java_org_apache_tomcat_maven_runner_Tomcat7RunnerCli.java,clean,,TP,test-label,0.0
bare-mergiraf,ctl,bronx_saci-vraptor__cb9355ed08,bronx_saci-vraptor__cb9355ed08__src_main_java_net_diegomaia_vraptor_saci_component_startup_PageHandler.java,clean,,TP,test-label,0.0
bare-mergiraf,ctl,brunoribeiro_sql-parser__a1ddf59b7c,brunoribeiro_sql-parser__a1ddf59b7c__src_main_java_com_akiban_sql_unparser_NodeToString.java,clean,,TP,test-label,0.0
bare-mergiraf,ctl,bserdar_jcliff__206c63ba6f,bserdar_jcliff__206c63ba6f__src_main_java_com_redhat_jcliff_Main.java,clean,,TP,test-label,0.0
bare-mergiraf,ctl,buddycloud_buddycloud-server-java__e05c0ee54a,buddycloud_buddycloud-server-java__e05c0ee54a__src_main_java_org_buddycloud_channelserver_packetprocessor_iq_namespace_pubsub_set_Publish.java,clean,,TP,test-label,0.0
bare-mergiraf,ctl,chrsan_css-selectors__0f725a05d1,chrsan_css-selectors__0f725a05d1__src_main_java_se_fishtank_css_selectors_dom_internal_PseudoContainsSpecifierChecker.java,clean,,TP,test-label,0.0
bare-mergiraf,ctl,citytechinc_cq-component-maven-plugin__2fb3c23f39,citytechinc_cq-component-maven-plugin__2fb3c23f39__cq-component-maven-plugin_src_main_java_com_citytechinc_cq_component_dialog_impl_SelectionWidget.java,clean,,TP,test-label,0.0
bare-mergiraf,ctl,citytechinc_cq-component-maven-plugin__2fb3c23f39,citytechinc_cq-component-maven-plugin__2fb3c23f39__cq-component-maven-plugin_src_main_java_com_citytechinc_cq_component_dialog_maker_impl_SelectionWidgetMaker.java,clean,,TP,test-label,0.0
bare-mergiraf,ctl,citytechinc_cq-component-maven-plugin__79dfb91780,citytechinc_cq-component-maven-plugin__79dfb91780__cq-component-maven-plugin_src_main_java_com_citytechinc_cq_component_dialog_impl_SelectionWidget.java,clean,,TP,test-label,0.0
bare-mergiraf,ctl,clickntap_vimeo__85bd093b58,clickntap_vimeo__85bd093b58__src_main_java_com_clickntap_vimeo_Vimeo.java,clean,,TP,test-label,0.0
bare-mergiraf,ctl,clickntap_vimeo__cedaf74fc7,clickntap_vimeo__cedaf74fc7__src_main_java_com_clickntap_vimeo_Vimeo.java,clean,,TP,test-label,0.0
bare-mergiraf,ctl,clojure_clojure__c862603a33,clojure_clojure__c862603a33__src_jvm_clojure_lang_Compiler.java,clean,,TP,test-label,0.0
bare-mergiraf,ctl,cloudfoundry_cf-java-client__0d588aa1e7,cloudfoundry_cf-java-client__0d588aa1e7__cloudfoundry-client-reactor_src_main_java_org_cloudfoundry_reactor_util_Operator.java,clean,,TP,test-label,0.0
bare-mergiraf,ctl,cloudfoundry_cf-java-client__f994a25985,cloudfoundry_cf-java-client__f994a25985__cloudfoundry-client-reactor_src_main_java_org_cloudfoundry_reactor_util_Operator.java,clean,,TP,test-label,0.0
bare-mergiraf,ctl,cloudfoundry_cf-java-client__f994a25985,cloudfoundry_cf-java-client__f994a25985__cloudfoundry-client-reactor_src_test_java_org_cloudfoundry_reactor_util_ErrorPayloadMappersTest.java,clean,,TP,test-label,0.0
bare-mergiraf,ctl,cloudslang_score__49b00c4bf9,cloudslang_score__49b00c4bf9__runtime-management_runtime-management-impl_src_main_java_io_cloudslang_runtime_impl_python_PythonExecutor.java,clean,,TP,test-label,0.0
bare-mergiraf,ctl,coutume_imageonmap__20d2a60d29,coutume_imageonmap__20d2a60d29__src_main_java_fr_moribus_imageonmap_ui_MapItemManager.java,clean,,TP,test-label,0.0
bare-mergiraf,ctl,dankurka_gwtphonegap__e19aa67e33,dankurka_gwtphonegap__e19aa67e33__src_main_java_com_googlecode_gwtphonegap_client_notification_NotificationBrowserImpl.java,clean,,TP,test-label,0.0
bare-mergiraf,ctl,davidmoten_rxjava-slf4j__fbe2fde40f,davidmoten_rxjava-slf4j__fbe2fde40f__src_test_java_com_github_davidmoten_rx_slf4j_LoggingTest.java,clean,,TP,test-label,0.0
bare-mergiraf,ctl,douglasrodrigo_bfmapper__b0056fd6f8,douglasrodrigo_bfmapper__b0056fd6f8__src_main_java_br_com_bfmapper_Mapping.java,clean,,TP,test-label,0.0
bare-mergiraf,ctl,dspace_dspace__0a0cf18c36,dspace_dspace__0a0cf18c36__dspace-server-webapp_src_test_java_org_dspace_app_rest_ExternalSourcesRestControllerIT.java,clean,,TP,test-label,0.0
bare-mergiraf,ctl,dspace_dspace__2e3c4f033d,dspace_dspace__2e3c4f033d__dspace-api_src_main_java_org_dspace_curate_CitationPage.java,clean,,TP,test-label,0.0
bare-mergiraf,ctl,dspace_dspace__eb28c639a0,dspace_dspace__eb28c639a0__dspace-server-webapp_src_main_java_org_dspace_app_rest_repository_DiscoveryRestRepository.java,clean,,TP,test-label,0.0
bare-mergiraf,ctl,dtrules_dtrules__621afc4ef5,dtrules_dtrules__621afc4ef5__compilerutil_src_main_java_com_dtrules_compiler_decisiontables_DTCompiler.java,clean,,TP,test-label,0.0
bare-mergiraf,ctl,dtrules_dtrules__621afc4ef5,dtrules_dtrules__621afc4ef5__dsl_el_src_main_java_com_dtrules_compiler_el_EL.java,clean,,TP,test-label,0.0
bare-mergiraf,ctl,eirslett_frontend-maven-plugin__3e67ca8791,eirslett_frontend-maven-plugin__3e67ca8791__frontend-plugin-core_src_main_java_com_github_eirslett_maven_plugins_frontend_lib_NodeAndNPMInstaller.java,clean,,TP,test-label,0.0
bare-mergiraf,ctl,ekryd_sortpom__b918df820e,ekryd_sortpom__b918df820e__sorter_src_main_java_sortpom_wrapper_content_ChildElementSorter.java,clean,,TP,test-label,0.0
bare-mergiraf,ctl,farin_jcloisterzone__4a38e3b926,farin_jcloisterzone__4a38e3b926__src_main_java_com_jcloisterzone_engine_Engine.java,clean,,TP,test-label,0.0
bare-mergiraf,ctl,fasseg_exp4j__184e5535f9,fasseg_exp4j__184e5535f9__src_main_java_de_congrace_exp4j_Tokenizer.java,clean,,TP,test-label,0.0
bare-mergiraf,ctl,fasseg_exp4j__184e5535f9,fasseg_exp4j__184e5535f9__src_test_java_de_congrace_exp4j_ExpressionBuilderTest.java,clean,,TP,test-label,0.0
bare-mergiraf,ctl,fasterxml_jackson-core__be2854d5c6,fasterxml_jackson-core__be2854d5c6__src_test_java_com_fasterxml_jackson_core_filter_BasicParserFilteringTest.java,clean,,TP,test-label,0.0
bare-mergiraf,ctl,fernandezpablo85_scribe-java__33d45e1797,fernandezpablo85_scribe-java__33d45e1797__scribejava-core_src_main_java_com_github_scribejava_core_oauth_OAuth10aService.java,clean,,TP,test-label,0.0
bare-mergiraf,ctl,fiji_trackmate__1792dcc505,fiji_trackmate__1792dcc505__src_main_java_fiji_plugin_trackmate_io_TmXmlReader.java,clean,,TP,test-label,0.0
bare-mergiraf,ctl,fiji_trackmate__97cfa79dd2,fiji_trackmate__97cfa79dd2__src_main_java_fiji_plugin_trackmate_action_CopyOverlayAction.java,clean,,TP,test-label,0.0
bare-mergiraf,ctl,fiji_trackmate__97cfa79dd2,fiji_trackmate__97cfa79dd2__src_main_java_fiji_plugin_trackmate_gui_TrackMateGUIController.java,clean,,TP,test-label,0.0
bare-mergiraf,ctl,fincatto_nfe__6758366981,fincatto_nfe__6758366981__src_main_java_com_fincatto_documentofiscal_nfe400_classes_lote_envio_NFLoteEnvioRetorno.java,clean,,TP,test-label,0.0
bare-mergiraf,ctl,fincatto_nfe__bd66db2a72,fincatto_nfe__bd66db2a72__src_main_java_com_fincatto_documentofiscal_utils_DFSocketFactory.java,clean,,TP,test-label,0.0
bare-mergiraf,ctl,findwise_hydra__76fe21c315,findwise_hydra__76fe21c315__admin-service_src_main_java_com_findwise_hydra_admin_rest_ConfigurationController.java,clean,,TP,test-label,0.0
bare-mergiraf,ctl,flaxsearch_luwak__2805c0447a,flaxsearch_luwak__2805c0447a__luwak_src_main_java_uk_co_flax_luwak_util_SpanExtractor.java,clean,,TP,test-label,0.0
bare-mergiraf,ctl,fluentlenium_fluentlenium__2cd4ecb82f,fluentlenium_fluentlenium__2cd4ecb82f__fluentlenium-core_src_main_java_org_fluentlenium_core_inject_FluentInjector.java,clean,,TP,test-label,0.0
bare-mergiraf,ctl,fluentlenium_fluentlenium__d88fff0f59,fluentlenium_fluentlenium__d88fff0f59__fluentlenium-core_src_test_java_org_fluentlenium_integration_FluentLeniumWaitTest.java,clean,,TP,test-label,0.0
bare-mergiraf,ctl,flyingsaucerproject_flyingsaucer__5a2a7d36a1,flyingsaucerproject_flyingsaucer__5a2a7d36a1__flying-saucer-core_src_main_java_org_xhtmlrenderer_css_newmatch_Condition.java,clean,,TP,test-label,0.0
bare-mergiraf,ctl,flyingsaucerproject_flyingsaucer__9b83c56a8c,flyingsaucerproject_flyingsaucer__9b83c56a8c__flying-saucer-pdf_src_main_java_org_xhtmlrenderer_pdf_ITextRenderer.java,clean,,TP,test-label,0.0
bare-mergiraf,ctl,flyingsaucerproject_flyingsaucer__b2ef06a76f,flyingsaucerproject_flyingsaucer__b2ef06a76f__flying-saucer-pdf-itext5_src_main_java_org_xhtmlrenderer_pdf_ITextOutputDevice.java,clean,,TP,test-label,0.0
bare-mergiraf,ctl,forcedotcom_wsc__332e09483d,forcedotcom_wsc__332e09483d__src_main_java_com_sforce_ws_bind_TypeMapper.java,clean,,TP,test-label,0.0
bare-mergiraf,ctl,fusesource_jansi__f4065227fc,fusesource_jansi__f4065227fc__src_main_java_org_fusesource_jansi_WindowsAnsiOutputStream.java,clean,,TP,test-label,0.0
bare-mergiraf,ctl,galenframework_galen__7567dd8d2f,galenframework_galen__7567dd8d2f__galen-core_src_main_java_com_galenframework_speclang2_specs_SpecImageProcessor.java,clean,,TP,test-label,0.0
bare-mergiraf,ctl,galenframework_galen__7567dd8d2f,galenframework_galen__7567dd8d2f__galen-core_src_test_java_com_galenframework_tests_speclang2_SpecsReaderV2Test.java,clean,,TP,test-label,0.0
bare-mergiraf,ctl,gitools_gitools__8f2043e3c5,gitools_gitools__8f2043e3c5__org.gitools.ui.app_src_main_java_org_gitools_ui_app_fileimport_wizard_text_ListItemTransferHandler.java,clean,,TP,test-label,0.0
bare-mergiraf,ctl,gitools_gitools__9f09acdad0,gitools_gitools__9f09acdad0__org.gitools.ui.app_src_main_java_org_gitools_ui_app_actions_Actions.java,clean,,TP,test-label,0.0
bare-mergiraf,ctl,glenkpeterson_j-sicle__8ad8d6f00e,glenkpeterson_j-sicle__8ad8d6f00e__src_test_java_org_organicdesign_fp_permanent_SequenceTest.java,clean,,TP,test-label,0.0
bare-mergiraf,ctl,google_truth__2bb82cafdf,google_truth__2bb82cafdf__src_main_java_org_junit_contrib_truth_subjects_IterableSubject.java,clean,,TP,test-label,0.0
bare-mergiraf,ctl,google_truth__6bba06199f,google_truth__6bba06199f__core_src_main_java_com_google_common_truth_Truth.java,clean,,TP,test-label,0.0
bare-mergiraf,ctl,googlecloudplatform_gcloud-java__1fa53a817a,googlecloudplatform_gcloud-java__1fa53a817a__gcloud-java-storage_src_main_java_com_google_gcloud_storage_StorageImpl.java,clean,,TP,test-label,0.0
bare-mergiraf,ctl,googlecloudplatform_gcloud-maven-plugin__990444129c,googlecloudplatform_gcloud-maven-plugin__990444129c__src_main_java_com_google_appengine_gcloudapp_AbstractGcloudMojo.java,clean,,TP,test-label,0.0
bare-mergiraf,ctl,graphity_graphity-client__2a8e8c75e9,graphity_graphity-client__2a8e8c75e9__src_main_java_org_graphity_util_XSLTBuilder.java,conflict,textual,TN,dev-match,0.0
bare-mergiraf,ctl,greese_dasein-cloud-core__5fe1190801,greese_dasein-cloud-core__5fe1190801__src_main_java_org_dasein_cloud_compute_MachineImageSupport.java,clean,,TP,test-label,0.0
bare-mergiraf,ctl,gwtbootstrap3_gwtbootstrap3__d558959ad2,gwtbootstrap3_gwtbootstrap3__d558959ad2__gwtbootstrap3_src_main_java_org_gwtbootstrap3_client_ui_SimpleCheckBox.java,clean,,TP,test-label,0.0
bare-mergiraf,ctl,gwtbootstrap3_gwtbootstrap3__d558959ad2,gwtbootstrap3_gwtbootstrap3__d558959ad2__gwtbootstrap3_src_main_java_org_gwtbootstrap3_client_ui_SimpleRadioButton.java,clean,,TP,test-label,0.0
bare-mergiraf,ctl,hdrhistogram_hdrhistogram__4faeeb6c17,hdrhistogram_hdrhistogram__4faeeb6c17__src_main_java_org_HdrHistogram_HistogramLogProcessor.java,clean,,TP,test-label,0.0
bare-mergiraf,ctl,hdrhistogram_hdrhistogram__6debea175f,hdrhistogram_hdrhistogram__6debea175f__src_main_java_org_HdrHistogram_AbstractHistogram.java,clean,,TP,test-label,0.0
bare-mergiraf,ctl,hdrhistogram_hdrhistogram__6debea175f,hdrhistogram_hdrhistogram__6debea175f__src_main_java_org_HdrHistogram_DoubleHistogram.java,clean,,TP,test-label,0.0
bare-mergiraf,ctl,hdrhistogram_hdrhistogram__beadadbe25,hdrhistogram_hdrhistogram__beadadbe25__src_main_java_org_HdrHistogram_AbstractHistogram.java,clean,,TP,test-label,0.0
bare-mergiraf,ctl,imixs_imixs-workflow__dfb841cc6c,imixs_imixs-workflow__dfb841cc6c__imixs-workflow-index-lucene_src_main_java_org_imixs_workflow_engine_lucene_LuceneIndexService.java,clean,,TP,test-label,0.0
bare-mergiraf,ctl,jalkanen_speed4j__18370b9544,jalkanen_speed4j__18370b9544__src_main_java_com_ecyrd_speed4j_log_PeriodicalLog.java,clean,,TP,test-label,0.0
bare-mergiraf,ctl,jasig_java-cas-client__9714053f07,jasig_java-cas-client__9714053f07__cas-client-core_src_main_java_org_jasig_cas_client_util_CommonUtils.java,clean,,TP,test-label,0.0
bare-mergiraf,ctl,jasig_java-cas-client__9714053f07,jasig_java-cas-client__9714053f07__cas-client-core_src_test_java_org_jasig_cas_client_util_CommonUtilsTests.java,clean,,TP,test-label,0.0
bare-mergiraf,ctl,javaparser_javaparser__091c0fab6e,javaparser_javaparser__091c0fab6e__javaparser-core_src_main_java_com_github_javaparser_PositionUtils.java,clean,,TP,test-label,0.0
bare-mergiraf,ctl,javaparser_javaparser__8ca0e9b6ea,javaparser_javaparser__8ca0e9b6ea__javaparser-symbol-solver-core_src_main_java_com_github_javaparser_symbolsolver_javaparsermodel_JavaParserFacade.java,clean,,TP,test-label,0.0
bare-mergiraf,ctl,jboss-remoting_jboss-remoting__1f07248ce4,jboss-remoting_jboss-remoting__1f07248ce4__src_main_java_org_jboss_remoting3_remote_RemoteConnection.java,clean,,TP,test-label,0.0
bare-mergiraf,ctl,jcabi_jcabi-aspects__5780cbf85c,jcabi_jcabi-aspects__5780cbf85c__src_main_java_com_jcabi_aspects_aj_MethodCacher.java,clean,,TP,test-label,0.0
bare-mergiraf,ctl,jcabi_jcabi-github__512102da91,jcabi_jcabi-github__512102da91__src_main_java_com_jcabi_github_RtReleaseAsset.java,clean,,TP,test-label,0.0
bare-mergiraf,ctl,jdatepicker_jdatepicker__cc3905a9c7,jdatepicker_jdatepicker__cc3905a9c7__src_main_java_org_jdatepicker_impl_JDatePickerImpl.java,clean,,TP,test-label,0.0
bare-mergiraf,ctl,jdatepicker_jdatepicker__cc74e94ac3,jdatepicker_jdatepicker__cc74e94ac3__src_main_java_org_jdatepicker_ComponentTextDefaults.java,clean,,TP,test-label,0.0
bare-mergiraf,ctl,jdatepicker_jdatepicker__cc74e94ac3,jdatepicker_jdatepicker__cc74e94ac3__src_main_java_org_jdatepicker_JDatePanel.java,clean,,TP,test-label,0.0
bare-mergiraf,ctl,jdeparser_jdeparser2__1da0e2349a,jdeparser_jdeparser2__1da0e2349a__src_main_java_org_jboss_jdeparser_FormatPreferences.java,clean,,TP,test-label,0.0
bare-mergiraf,ctl,jenkinsci_ant-plugin__7025e65f06,jenkinsci_ant-plugin__7025e65f06__src_main_java_hudson_tasks_Ant.java,clean,,TP,test-label,0.0
bare-mergiraf,ctl,jenkinsci_ant-plugin__7025e65f06,jenkinsci_ant-plugin__7025e65f06__src_test_java_hudson_tasks_AntTest.java,clean,,TP,test-label,0.0
bare-mergiraf,ctl,jenkinsci_coverity-plugin__7ce14e1f97,jenkinsci_coverity-plugin__7ce14e1f97__src_test_java_jenkins_plugins_coverity_CoverityTool_CovBuildCommandTest.java,clean,,TP,test-label,0.0
bare-mergiraf,ctl,jenkinsci_coverity-plugin__bd192d7108,jenkinsci_coverity-plugin__bd192d7108__src_main_java_jenkins_plugins_coverity_CoverityPublisher.java,clean,,TP,test-label,0.0
bare-mergiraf,ctl,jenkinsci_coverity-plugin__db750a7a69,jenkinsci_coverity-plugin__db750a7a69__src_main_java_jenkins_plugins_coverity_CIMStream.java,clean,,TP,test-label,0.0
bare-mergiraf,ctl,jenkinsci_coverity-plugin__db750a7a69,jenkinsci_coverity-plugin__db750a7a69__src_main_java_jenkins_plugins_coverity_CoverityPublisher.java,clean,,TP,test-label,0.0
bare-mergiraf,ctl,jenkinsci_credentials-plugin__ccd45a5263,jenkinsci_credentials-plugin__ccd45a5263__src_main_java_com_cloudbees_plugins_credentials_CredentialsSelectHelper.java,clean,,TP,test-label,0.0
bare-mergiraf,ctl,jenkinsci_email-ext-plugin__312def504a,jenkinsci_email-ext-plugin__312def504a__src_test_java_hudson_plugins_emailext_ExtendedEmailPublisherDescriptorJCasCTest.java,clean,,TP,test-label,0.0
bare-mergiraf,ctl,jenkinsci_email-ext-plugin__9cc2357cac,jenkinsci_email-ext-plugin__9cc2357cac__src_main_java_hudson_plugins_emailext_EmailThrottler.java,clean,,TP,test-label,0.0
bare-mergiraf,ctl,jenkinsci_email-ext-plugin__9cc2357cac,jenkinsci_email-ext-plugin__9cc2357cac__src_test_java_hudson_plugins_emailext_ExtendedEmailPublisherTest.java,clean,,TP,test-label,0.0
bare-mergiraf,ctl,jenkinsci_jira-plugin__09485920f4,jenkinsci_jira-plugin__09485920f4__src_main_java_hudson_plugins_jira_JiraSite.java,clean,,TP,test-label,0.0
bare-mergiraf,ctl,jenkinsci_junit-plugin__2f4179baf2,jenkinsci_junit-plugin__2f4179baf2__src_main_java_hudson_tasks_junit_CaseResult.java,clean,,TP,test-label,0.0
bare-mergiraf,ctl,jenkinsci_ldap-plugin__744083390f,jenkinsci_ldap-plugin__744083390f__src_main_java_hudson_security_LDAPSecurityRealm.java,clean,,TP,test-label,0.0
bare-mergiraf,ctl,jenkinsci_mailer-plugin__67ab48f1a6,jenkinsci_mailer-plugin__67ab48f1a6__src_test_java_hudson_tasks_MailerTest.java,clean,,TP,test-label,0.0
bare-mergiraf,ctl,jenkinsci_maven-hpi-plugin__cfbf819e58,jenkinsci_maven-hpi-plugin__cfbf819e58__src_main_java_org_jenkinsci_maven_plugins_hpi_RunMojo.java,clean,,TP,test-label,0.0
bare-mergiraf,ctl,jenkinsci_ui-samples-plugin__179ee92cdf,jenkinsci_ui-samples-plugin__179ee92cdf__src_main_java_jenkins_plugins_ui_samples_Select.java,clean,,TP,test-label,0.0
bare-mergiraf,ctl,jgralab_jgralab__d631209030,jgralab_jgralab__d631209030__src_de_uni_koblenz_jgralab_greql2_funlib_FunLib.java,clean,,TP,test-label,0.0
bare-mergiraf,ctl,jgralab_jgralab__d631209030,jgralab_jgralab__d631209030__src_de_uni_koblenz_jgralab_greql2_funlib_schema_HasType.java,clean,,TP,test-label,0.0
bare-mergiraf,ctl,jmetal_jmetal__4edc74bc22,jmetal_jmetal__4edc74bc22__jmetal-lab_src_main_java_org_uma_jmetal_lab_experiment_studies_PPSN20203DStudy.java,clean,,TP,test-label,0.0
bare-mergiraf,ctl,jmetal_jmetal__d8ececa506,jmetal_jmetal__d8ececa506__jmetal-exec_src_main_java_org_uma_jmetal_runner_multiobjective_WASFGAMeasuresRunner.java,clean,,TP,test-label,0.0
bare-mergiraf,ctl,jparsec_jparsec__a1fac0af65,jparsec_jparsec__a1fac0af65__jparsec_src_main_java_org_codehaus_jparsec_ScannerState.java,clean,,TP,test-label,0.0
bare-mergiraf,ctl,jri_deepamehta__03658cb2e9,jri_deepamehta__03658cb2e9__modules_dm4-geomaps_src_main_java_de_deepamehta_plugins_geomaps_GeomapsPlugin.java,clean,,TP,test-label,0.0
bare-mergiraf,ctl,jruby_bytelist__989a36efd0,jruby_bytelist__989a36efd0__src_org_jruby_util_ByteList.java,clean,,TP,test-label,0.0
bare-mergiraf,ctl,jruby_bytelist__989a36efd0,jruby_bytelist__989a36efd0__test_org_jruby_util_ByteListTest.java,clean,,TP,test-label,0.0
bare-mergiraf,ctl,jsprit_jsprit__7834e66d7c,jsprit_jsprit__7834e66d7c__jsprit-io_src_main_java_com_graphhopper_jsprit_io_algorithm_VehicleRoutingAlgorithms.java,clean,,TP,test-label,0.0
bare-mergiraf,ctl,jsprit_jsprit__a6726537e9,jsprit_jsprit__a6726537e9__jsprit-core_src_test_java_jsprit_core_problem_vehicle_VehicleImplTest.java,clean,,TP,test-label,0.0
bare-mergiraf,ctl,julianhyde_linq4j__c0f3b4a744,julianhyde_linq4j__c0f3b4a744__src_main_java_net_hydromatic_linq4j_QueryableFactory.java,clean,,TP,test-label,0.0
bare-mergiraf,ctl,julianhyde_linq4j__c0f3b4a744,julianhyde_linq4j__c0f3b4a744__src_main_java_net_hydromatic_linq4j_QueryableRecorder.java,clean,,TP,test-label,0.0
bare-mergiraf,ctl,julietkilo_canbabel__ea550c2876,julietkilo_canbabel__ea550c2876__src_main_java_com_github_canbabel_canio_dbc_DbcReader.java,clean,,TP,test-label,0.0
bare-mergiraf,ctl,kevinbayes_vest__3209c8480f,kevinbayes_vest__3209c8480f__src_main_java_me_bayes_vertx_vest_VestApplication.java,clean,,TP,test-label,0.0
bare-mergiraf,ctl,khmarbaise_iterator-maven-plugin__99d1681276,khmarbaise_iterator-maven-plugin__99d1681276__src_main_java_com_soebes_maven_plugins_iterator_IteratorMojo.java,clean,,TP,test-label,0.0
bare-mergiraf,ctl,killbilling_recurly-java-library__fafb064903,killbilling_recurly-java-library__fafb064903__src_main_java_com_ning_billing_recurly_model_RecurlyObject.java,clean,,TP,test-label,0.0
bare-mergiraf,ctl,killme2008_aviator__eb6c698603,killme2008_aviator__eb6c698603__src_main_java_com_googlecode_aviator_utils_Env.java,clean,,TP,test-label,0.0
bare-mergiraf,ctl,kohsuke_github-api__432585cb75,kohsuke_github-api__432585cb75__src_main_java_org_kohsuke_github_GitHub.java,clean,,TP,test-label,0.0
bare-mergiraf,ctl,kohsuke_github-api__432585cb75,kohsuke_github-api__432585cb75__src_test_java_org_kohsuke_github_GitHubTest.java,clean,,TP,test-label,0.0
bare-mergiraf,ctl,kohsuke_github-api__5ea8638369,kohsuke_github-api__5ea8638369__src_test_java_org_kohsuke_github_GHRepositoryTest.java,clean,,TP,test-label,0.0
bare-mergiraf,ctl,kohsuke_github-api__f6674a9aef,kohsuke_github-api__f6674a9aef__src_main_java_org_kohsuke_github_GHWorkflowJob.java,clean,,TP,test-label,0.0
bare-mergiraf,ctl,kongchen_swagger-maven-plugin__335021b217,kongchen_swagger-maven-plugin__335021b217__src_main_java_com_github_kongchen_swagger_docgen_mustache_MustacheDocument.java,clean,,TP,test-label,0.0
bare-mergiraf,ctl,kongchen_swagger-maven-plugin__335021b217,kongchen_swagger-maven-plugin__335021b217__src_main_java_com_github_kongchen_swagger_docgen_mustache_OutputTemplate.java,clean,,TP,test-label,0.0
bare-mergiraf,ctl,kongchen_swagger-maven-plugin__5060afbf1d,kongchen_swagger-maven-plugin__5060afbf1d__src_main_java_com_github_kongchen_swagger_docgen_AbstractDocumentSource.java,clean,,TP,test-label,0.0
bare-mergiraf,ctl,kongchen_swagger-maven-plugin__5060afbf1d,kongchen_swagger-maven-plugin__5060afbf1d__src_test_java_com_github_kongchen_smp_integration_SwaggerMavenPluginTest.java,clean,,TP,test-label,0.0
bare-mergiraf,ctl,koraktor_steam-condenser-java__81c376e088,koraktor_steam-condenser-java__81c376e088__src_main_java_com_github_koraktor_steamcondenser_steam_community_SteamId.java,clean,,TP,test-label,0.0
bare-mergiraf,ctl,kvladislav_ticketmanager__0ffb612f18,kvladislav_ticketmanager__0ffb612f18__src_main_java_org_JavaArt_TicketManager_controllers_EventsController.java,clean,,TP,test-label,0.0
bare-mergiraf,ctl,lemire_javaewah__5829fc009b,lemire_javaewah__5829fc009b__src_main_java_com_googlecode_javaewah_IteratorAggregation.java,clean,,TP,test-label,0.0
bare-mergiraf,ctl,linkedin_camus__288c5aae77,linkedin_camus__288c5aae77__camus-etl-kafka_src_test_java_com_linkedin_camus_etl_kafka_CamusJobTestWithMock.java,clean,,TP,test-label,0.0
bare-mergiraf,ctl,linkedin_camus__fd747243ca,linkedin_camus__fd747243ca__camus-etl-kafka_src_main_java_com_linkedin_camus_etl_kafka_mapred_EtlInputFormat.java,clean,,TP,test-label,0.0
bare-mergiraf,ctl,lwhite1_tablesaw__86cd643c39,lwhite1_tablesaw__86cd643c39__src_main_java_com_github_lwhite1_tablesaw_io_csv_CsvReader.java,clean,,TP,test-label,0.0
bare-mergiraf,ctl,lyncode_xoai__dc7a68da97,lyncode_xoai__dc7a68da97__xoai-service-provider_src_main_java_org_dspace_xoai_serviceprovider_client_HttpOAIClient.java,clean,,TP,test-label,0.0
bare-mergiraf,ctl,mambu-gmbh_mambu-apis-java__9975c4d9e5,mambu-gmbh_mambu-apis-java__9975c4d9e5__src_demo_DemoTestLoanService.java,clean,,TP,test-label,0.0
bare-mergiraf,ctl,marginallyclever_makelangelo__bfbac0b14d,marginallyclever_makelangelo__bfbac0b14d__src_main_java_com_marginallyclever_makelangelo_Makelangelo.java,clean,,TP,test-label,0.0
bare-mergiraf,ctl,marloncarvalho_aliendroid-activerecord__f03a2f645f,marloncarvalho_aliendroid-activerecord__f03a2f645f__src_main_java_org_alienlabs_aliendroid_activerecord_Model.java,clean,,TP,test-label,0.0
bare-mergiraf,ctl,maven-nar_nar-maven-plugin__00d2e833de,maven-nar_nar-maven-plugin__00d2e833de__src_main_java_com_github_maven_nar_AbstractNarMojo.java,clean,,TP,test-label,0.0
bare-mergiraf,ctl,maven-nar_nar-maven-plugin__bd5a26aed9,maven-nar_nar-maven-plugin__bd5a26aed9__src_main_java_com_github_maven_nar_AbstractNarMojo.java,clean,,TP,test-label,0.0
bare-mergiraf,ctl,maven-nar_nar-maven-plugin__bd5a26aed9,maven-nar_nar-maven-plugin__bd5a26aed9__src_main_java_com_github_maven_nar_Msvc.java,clean,,TP,test-label,0.0
bare-mergiraf,ctl,maxmind_geoip-api-java__3c90dc1bd7,maxmind_geoip-api-java__3c90dc1bd7__src_main_java_com_maxmind_geoip_LookupService.java,clean,,TP,test-label,0.0
bare-mergiraf,ctl,mbosecke_pebble__22c0075ed2,mbosecke_pebble__22c0075ed2__src_main_java_com_mitchellbosecke_pebble_template_EvaluationContext.java,clean,,TP,test-label,0.0
bare-mergiraf,ctl,medcl_elasticsearch-analysis-ik__8c50edf0e0,medcl_elasticsearch-analysis-ik__8c50edf0e0__src_main_java_org_wltea_analyzer_help_Sleep.java,clean,,TP,test-label,0.0
bare-mergiraf,ctl,medcl_elasticsearch-analysis-pinyin__acdd6eff2a,medcl_elasticsearch-analysis-pinyin__acdd6eff2a__src_main_java_org_elasticsearch_index_analysis_PinyinTokenFilter.java,clean,,TP,test-label,0.0
bare-mergiraf,ctl,medcl_elasticsearch-analysis-pinyin__acdd6eff2a,medcl_elasticsearch-analysis-pinyin__acdd6eff2a__src_main_java_org_elasticsearch_index_analysis_PinyinTokenizer.java,clean,,TP,test-label,0.0
bare-mergiraf,ctl,mercadopago_sdk-java__540cfa9763,mercadopago_sdk-java__540cfa9763__src_test_java_com_mercadopago_BaseClientIT.java,clean,,TP,test-label,0.0
bare-mergiraf,ctl,mercadopago_sdk-java__540cfa9763,mercadopago_sdk-java__540cfa9763__src_test_java_com_mercadopago_client_cardtoken_CardTokenClientIT.java,clean,,TP,test-label,0.0
bare-mergiraf,ctl,mlaccetti_javapns__21e9ae8885,mlaccetti_javapns__21e9ae8885__src_main_java_javapns_notification_transmission_NotificationThreads.java,clean,,TP,test-label,0.0
bare-mergiraf,ctl,mmazi_rescu__efdd938e7a,mmazi_rescu__efdd938e7a__src_test_java_si_mazi_rescu_RestInvocationHandlerTest.java,clean,,TP,test-label,0.0
bare-mergiraf,ctl,mongobee_mongobee__abf507930c,mongobee_mongobee__abf507930c__src_main_java_com_github_mongobee_Mongobee.java,clean,,TP,test-label,0.0
bare-mergiraf,ctl,mongobee_mongobee__abf507930c,mongobee_mongobee__abf507930c__src_main_java_com_github_mongobee_dao_ChangeEntryDao.java,clean,,TP,test-label,0.0
bare-mergiraf,ctl,mongobee_mongobee__ac5bd40a5a,mongobee_mongobee__ac5bd40a5a__src_main_java_com_github_mongobee_Mongobee.java,clean,,TP,test-label,0.0
bare-mergiraf,ctl,movsim_movsim__393a33e6d0,movsim_movsim__393a33e6d0__core_src_main_java_org_movsim_simulator_vehicles_Vehicle.java,clean,,TP,test-label,0.0
bare-mergiraf,ctl,mrcookieslime_slimefun-3.0__6a34470b47,mrcookieslime_slimefun-3.0__6a34470b47__src_main_java_io_github_thebusybiscuit_slimefun4_api_items_SlimefunItem.java,clean,,TP,test-label,0.0
bare-mergiraf,ctl,mtedone_podam__1075ffea79,mtedone_podam__1075ffea79__src_main_java_uk_co_jemos_podam_api_PodamFactoryImpl.java,clean,,TP,test-label,0.0
bare-mergiraf,ctl,mtedone_podam__1075ffea79,mtedone_podam__1075ffea79__src_test_java_uk_co_jemos_podam_test_unit_pdm3_Pdm3PojoUnitTest.java,clean,,TP,test-label,0.0
bare-mergiraf,ctl,mycila_license-maven-plugin__b28809b593,mycila_license-maven-plugin__b28809b593__license-maven-plugin_src_main_java_com_mycila_maven_plugin_license_header_HeaderParser.java,clean,,TP,test-label,0.0
bare-mergiraf,ctl,mycila_license-maven-plugin__b28809b593,mycila_license-maven-plugin__b28809b593__license-maven-plugin_src_test_java_com_mycila_maven_plugin_license_UpdateMojoTest.java,clean,,TP,test-label,0.0
bare-mergiraf,ctl,mycila_license-maven-plugin__d3bf529757,mycila_license-maven-plugin__d3bf529757__license-maven-plugin-git_src_main_java_com_mycila_maven_plugin_license_git_GitLookup.java,clean,,TP,test-label,0.0
bare-mergiraf,ctl,named-data_jndn__320742aa20,named-data_jndn__320742aa20__src_net_named_data_jndn_Data.java,clean,,TP,test-label,0.0
bare-mergiraf,ctl,named-data_jndn__320742aa20,named-data_jndn__320742aa20__src_net_named_data_jndn_Node.java,clean,,TP,test-label,0.0
bare-mergiraf,ctl,nysenate_openlegislation__8645aab4d6,nysenate_openlegislation__8645aab4d6__src_main_java_gov_nysenate_openleg_controller_api_bill_BillGetCtrl.java,clean,,TP,test-label,0.0
bare-mergiraf,ctl,omnifaces_omnifaces__2e8d3a4ee3,omnifaces_omnifaces__2e8d3a4ee3__src_main_java_org_omnifaces_util_Components.java,clean,,TP,test-label,0.0
bare-mergiraf,ctl,openhft_chronicle-bytes__dc67904a63,openhft_chronicle-bytes__dc67904a63__src_main_java_net_openhft_chronicle_bytes_Bytes.java,clean,,TP,test-label,0.0
bare-mergiraf,ctl,openhft_chronicle-bytes__dc67904a63,openhft_chronicle-bytes__dc67904a63__src_test_java_net_openhft_chronicle_bytes_BytesJavaDocComplianceTest.java,conflict,textual,TN,dev-match,0.0
bare-mergiraf,ctl,openhft_chronicle-threads__8b940638d7,openhft_chronicle-threads__8b940638d7__src_main_java_net_openhft_chronicle_threads_MonitorEventLoop.java,clean,,TP,test-label,0.0
bare-mergiraf,ctl,openpnp_openpnp__17a7443913,openpnp_openpnp__17a7443913__src_main_java_org_openpnp_gui_importer_EagleBoardImporter.java,clean,,TP,test-label,0.0
bare-mergiraf,ctl,openpnp_openpnp__99835c7c58,openpnp_openpnp__99835c7c58__src_main_java_org_openpnp_gui_JobPanel.java,clean,,TP,test-label,0.0
bare-mergiraf,ctl,openpnp_openpnp__99835c7c58,openpnp_openpnp__99835c7c58__src_main_java_org_openpnp_gui_support_Icons.java,clean,,TP,test-label,0.0
bare-mergiraf,ctl,openpnp_openpnp__e8a35b8e6f,openpnp_openpnp__e8a35b8e6f__src_main_java_org_openpnp_gui_importer_EagleBoardImporter.java,clean,,TP,test-label,0.0
bare-mergiraf,ctl,openskynetwork_java-adsb__14f216cddf,openskynetwork_java-adsb__14f216cddf__src_main_java_org_opensky_libadsb_Decoder.java,clean,,TP,test-label,0.0
bare-mergiraf,ctl,outbrain_ob1k__8b2c257efe,outbrain_ob1k__8b2c257efe__ob1k-example_src_main_java_com_outbrain_ob1k_example_hello_server_HelloServer.java,clean,,TP,test-label,0.0
bare-mergiraf,ctl,pandcorps_pandam__e736609b61,pandcorps_pandam__e736609b61__game-furguardians_src_main_java_org_pandcorps_furguardians_FurGuardiansGame.java,clean,,TP,test-label,0.0
bare-mergiraf,ctl,poetix_protonpack__2ce321af89,poetix_protonpack__2ce321af89__src_main_java_com_codepoetics_protonpack_StreamUtils.java,clean,,TP,test-label,0.0
bare-mergiraf,ctl,progether_jadventure__d4407d1e77,progether_jadventure__d4407d1e77__src_main_java_com_jadventure_game_repository_ItemRepository.java,clean,,TP,test-label,0.0
bare-mergiraf,ctl,progether_jadventure__d62cfd35b9,progether_jadventure__d62cfd35b9__src_main_java_com_jadventure_game_menus_BattleMenu.java,clean,,TP,test-label,0.0
bare-mergiraf,ctl,reckart_shib-http-client__536fe936a3,reckart_shib-http-client__536fe936a3__src_main_java_de_tudarmstadt_ukp_shibhttpclient_ShibHttpClient.java,clean,,TP,test-label,0.0
bare-mergiraf,ctl,reckart_shib-http-client__8f3bd71757,reckart_shib-http-client__8f3bd71757__src_main_java_de_tudarmstadt_ukp_shibhttpclient_ShibHttpClient.java,clean,,TP,test-label,0.0
bare-mergiraf,ctl,recommenders_rival__aa1752831e,recommenders_rival__aa1752831e__rival-examples_src_main_java_net_recommenders_rival_examples_movielens100k_CrossValidatedMahoutKNNRecommenderEvaluator.java,clean,,TP,test-label,0.0
bare-mergiraf,ctl,recommenders_rival__aa1752831e,recommenders_rival__aa1752831e__rival-examples_src_main_java_net_recommenders_rival_examples_movielens100k_TemporalSplitMahoutKNNRecommenderEvaluator.java,clean,,TP,test-label,0.0
bare-mergiraf,ctl,relayrides_pushy__43129f9c9a,relayrides_pushy__43129f9c9a__src_main_java_com_relayrides_pushy_apns_PushManager.java,clean,,TP,test-label,0.0
bare-mergiraf,ctl,relayrides_pushy__9446136376,relayrides_pushy__9446136376__src_main_java_com_relayrides_pushy_apns_ApnsClientThread.java,clean,,TP,test-label,0.0
bare-mergiraf,ctl,renepickhardt_generalized-language-modeling-toolkit__f8105ddc44,renepickhardt_generalized-language-modeling-toolkit__f8105ddc44__src_de_typology_utils_Config.java,clean,,TP,test-label,0.0
bare-mergiraf,ctl,richardwarburton_lambda-behave__8695b13525,richardwarburton_lambda-behave__8695b13525__lambda-behave_src_main_java_com_insightfullogic_lambdabehave_BehaveRunner.java,clean,,TP,test-label,0.0
bare-mergiraf,ctl,sachin-handiekar_jinstagram__210897a17d,sachin-handiekar_jinstagram__210897a17d__src_main_java_org_jinstagram_realtime_Constants.java,clean,,TP,test-label,0.0
bare-mergiraf,ctl,sachin-handiekar_jinstagram__210897a17d,sachin-handiekar_jinstagram__210897a17d__src_main_java_org_jinstagram_realtime_InstagramSubscription.java,clean,,TP,test-label,0.0
bare-mergiraf,ctl,sander2798_enderstone__4cf9ea9f17,sander2798_enderstone__4cf9ea9f17__src_org_enderstone_server_Main.java,clean,,TP,test-label,0.0
bare-mergiraf,ctl,sander2798_enderstone__4cf9ea9f17,sander2798_enderstone__4cf9ea9f17__src_org_enderstone_server_packet_NetworkManager.java,clean,,TP,test-label,0.0
bare-mergiraf,ctl,sander2798_enderstone__ba66c3e8b2,sander2798_enderstone__ba66c3e8b2__src_org_enderstone_server_Location.java,clean,,TP,test-label,0.0
bare-mergiraf,ctl,sander2798_enderstone__bd46a612d1,sander2798_enderstone__bd46a612d1__src_org_enderstone_server_Main.java,clean,,TP,test-label,0.0
bare-mergiraf,ctl,sandergielisse_enderstone__272bbb1c0f,sandergielisse_enderstone__272bbb1c0f__src_org_enderstone_server_inventory_CraftingInventory.java,clean,,TP,test-label,0.0
bare-mergiraf,ctl,sandergielisse_enderstone__272bbb1c0f,sandergielisse_enderstone__272bbb1c0f__src_org_enderstone_server_inventory_PlayerInventory.java,clean,,TP,test-label,0.0
bare-mergiraf,ctl,sandergielisse_enderstone__8e17a2983e,sandergielisse_enderstone__8e17a2983e__src_org_enderstone_server_packet_NetworkManager.java,clean,,TP,test-label,0.0
bare-mergiraf,ctl,sandergielisse_enderstone__bae18e3ef8,sandergielisse_enderstone__bae18e3ef8__src_org_enderstone_server_entity_EnderEntity.java,clean,,TP,test-label,0.0
bare-mergiraf,ctl,sandergielisse_enderstone__bae18e3ef8,sandergielisse_enderstone__bae18e3ef8__src_org_enderstone_server_entity_EntityMob.java,clean,,TP,test-label,0.0
bare-mergiraf,ctl,sd4324530_fastweixin__53b5138ff7,sd4324530_fastweixin__53b5138ff7__src_main_java_com_github_sd4324530_fastweixin_servlet_WeixinSupport.java,clean,,TP,test-label,0.0
bare-mergiraf,ctl,sebfz1_wicket-jquery-ui__0f6ed11d6f,sebfz1_wicket-jquery-ui__0f6ed11d6f__wicket-kendo-ui_src_main_java_com_googlecode_wicket_kendo_ui_widget_treeview_AjaxTreeView.java,clean,,TP,test-label,0.0
bare-mergiraf,ctl,semanticvectors_semanticvectors__4dbe868ff9,semanticvectors_semanticvectors__4dbe868ff9__src_main_java_pitt_search_semanticvectors_LuceneUtils.java,clean,,TP,test-label,0.0
bare-mergiraf,ctl,socialsensor_graphdb-benchmarks__87e995db56,socialsensor_graphdb-benchmarks__87e995db56__src_main_java_eu_socialsensor_graphdatabases_Neo4jGraphDatabase.java,clean,,TP,test-label,0.0
bare-mergiraf,ctl,socialsensor_graphdb-benchmarks__87e995db56,socialsensor_graphdb-benchmarks__87e995db56__src_main_java_eu_socialsensor_graphdatabases_TitanGraphDatabase.java,clean,,TP,test-label,0.0
bare-mergiraf,ctl,square_javapoet__c0f4a89bc0,square_javapoet__c0f4a89bc0__src_main_java_com_squareup_javawriter_JavaWriter.java,clean,,TP,test-label,0.0
bare-mergiraf,ctl,square_javapoet__c0f4a89bc0,square_javapoet__c0f4a89bc0__src_test_java_com_squareup_javawriter_JavaWriterTest.java,clean,,TP,test-label,0.0
bare-mergiraf,ctl,srt_asterisk-java__99ba7cc5bd,srt_asterisk-java__99ba7cc5bd__src_main_java_org_asteriskjava_live_internal_AsteriskServerImpl.java,clean,,TP,test-label,0.0
bare-mergiraf,ctl,steveice10_mcprotocollib__ba0c6af56c,steveice10_mcprotocollib__ba0c6af56c__src_main_java_com_github_steveice10_mc_protocol_MinecraftConstants.java,conflict,textual,TN,dev-match,0.0
bare-mergiraf,ctl,structr_structr__b0df448496,structr_structr__b0df448496__structr-core_src_main_java_org_structr_common_SecurityContext.java,clean,,TP,test-label,0.0
bare-mergiraf,ctl,swagger-api_swagger-parser__2316e42a34,swagger-api_swagger-parser__2316e42a34__modules_swagger-parser_src_test_java_io_swagger_parser_OpenAPIParserTest.java,clean,,TP,test-label,0.0
bare-mergiraf,ctl,synbiodex_libsbolj__0ceaff01a9,synbiodex_libsbolj__0ceaff01a9__core2_src_main_java_org_sbolstandard_core2_SBOLDocument.java,clean,,TP,test-label,0.0
bare-mergiraf,ctl,syncleus_ferma__dc1fdab4a2,syncleus_ferma__dc1fdab4a2__totorom-tinkerpop2_src_main_java_org_jglue_totorom_FramedGraph.java,clean,,TP,test-label,0.0
bare-mergiraf,ctl,t-oster_liblasercut__f64046a00a,t-oster_liblasercut__f64046a00a__src_main_java_de_thomas_oster_liblasercut_drivers_GenericGcodeDriver.java,clean,,TP,test-label,0.0
bare-mergiraf,ctl,tabulapdf_tabula-java__c603b0f4aa,tabulapdf_tabula-java__c603b0f4aa__src_main_java_technology_tabula_ObjectExtractorStreamEngine.java,clean,,TP,test-label,0.0
bare-mergiraf,ctl,techblue_alfresco-restclient__8e71d5b8d7,techblue_alfresco-restclient__8e71d5b8d7__src_test_java_uk_co_techblue_alfresco_client_test_AlfrescoServiceTest.java,clean,,TP,test-label,0.0
bare-mergiraf,ctl,teknux-org_jetty-bootstrap__993299fa8b,teknux-org_jetty-bootstrap__993299fa8b__src_main_java_org_genux_jettybootstrap_JettyBootstrap.java,clean,,TP,test-label,0.0
bare-mergiraf,ctl,teknux-org_jetty-bootstrap__993299fa8b,teknux-org_jetty-bootstrap__993299fa8b__src_main_java_org_genux_jettybootstrap_configuration_JettyConfiguration.java,clean,,TP,test-label,0.0
bare-mergiraf,ctl,threeten_threeten-extra__419518c223,threeten_threeten-extra__419518c223__src_main_java_org_threeten_extra_chrono_Symmetry010Date.java,clean,,TP,test-label,0.0
bare-mergiraf,ctl,threeten_threeten-extra__419518c223,threeten_threeten-extra__419518c223__src_test_java_org_threeten_extra_chrono_TestSymmetry010Chronology.java,clean,,TP,test-label,0.0
bare-mergiraf,ctl,threeten_threeten-extra__f0bf686f17,threeten_threeten-extra__f0bf686f17__src_main_java_org_threeten_extra_scale_UtcInstant.java,clean,,TP,test-label,0.0
bare-mergiraf,ctl,titokone_titokone__b4ac484b6a,titokone_titokone__b4ac484b6a__src_main_java_fi_helsinki_cs_titokone_Compiler.java,clean,,TP,test-label,0.0
bare-mergiraf,ctl,tkelley-eg_collectd-fast-jmx__558343d132,tkelley-eg_collectd-fast-jmx__558343d132__src_main_java_org_collectd_AttributePermutation.java,clean,,TP,test-label,0.0
bare-mergiraf,ctl,tupilabs_tap4j__99628e2c44,tupilabs_tap4j__99628e2c44__tap4j-ext_src_main_java_org_tap4j_ext_junit_listener_TapListener.java,clean,,TP,test-label,0.0
bare-mergiraf,ctl,uklimaschewski_evalex__15aa26eab7,uklimaschewski_evalex__15aa26eab7__src_com_udojava_evalex_Expression.java,clean,,TP,test-label,0.0
bare-mergiraf,ctl,unitsofmeasurement_uom-se__c2ae9d4caa,unitsofmeasurement_uom-se__c2ae9d4caa__src_main_java_tec_uom_se_AbstractUnit.java,clean,,TP,test-label,0.0
bare-mergiraf,ctl,unitsofmeasurement_uom-se__c2ae9d4caa,unitsofmeasurement_uom-se__c2ae9d4caa__src_main_java_tec_uom_se_format_SimpleUnitFormat.java,clean,,TP,test-label,0.0
bare-mergiraf,ctl,uwolfer_gerrit-rest-java-client__35856ab8bd,uwolfer_gerrit-rest-java-client__35856ab8bd__src_test_java_com_urswolfer_gerrit_client_rest_http_GerritRestClientTest.java,clean,,TP,test-label,0.0
bare-mergiraf,ctl,verhas_djcproxy__db3b9bf795,verhas_djcproxy__db3b9bf795__src_main_java_com_javax0_djcproxy_ProxySourceFactory.java,clean,,TP,test-label,0.0
bare-mergiraf,ctl,vojtechhabarta_typescript-generator__05aea6d7c1,vojtechhabarta_typescript-generator__05aea6d7c1__typescript-generator-core_src_main_java_cz_habarta_typescript_generator_ext_BeanPropertyPathExtension.java,clean,,TP,test-label,0.0
bare-mergiraf,ctl,wokier_teh__4291bbd98f,wokier_teh__4291bbd98f__src_test_java_teh_perf_PerfTest.java,clean,,TP,test-label,0.0
bare-mergiraf,ctl,wvengen_proguard-maven-plugin__1cc9601e1f,wvengen_proguard-maven-plugin__1cc9601e1f__src_main_java_com_github_wvengen_maven_proguard_ProGuardMojo.java,clean,,TP,test-label,0.0
bare-mergiraf,ctl,xebia_xebium__817270a3db,xebia_xebium__817270a3db__src_main_java_com_xebia_incubator_xebium_SeleniumDriverFixture.java,clean,,TP,test-label,0.0
bare-mergiraf,ctl,yubico_ykneo-openpgp__2766bd7444,yubico_ykneo-openpgp__2766bd7444__applet_src_openpgpcard_OpenPGPApplet.java,clean,,TP,test-label,0.0
bare-mergiraf,ctl,yubico_ykneo-openpgp__2766bd7444,yubico_ykneo-openpgp__2766bd7444__test_test_openpgpcardTest_OpenPGPAppletTest.java,clean,,TP,test-label,0.0
bare-mergiraf,ctl,yubico_ykneo-openpgp__b145a6bdbc,yubico_ykneo-openpgp__b145a6bdbc__applet_src_openpgpcard_OpenPGPApplet.java,clean,,TP,test-label,0.0
bare-mergiraf,ctl,yubico_ykneo-openpgp__b145a6bdbc,yubico_ykneo-openpgp__b145a6bdbc__applet_src_openpgpcard_PGPKey.java,clean,,TP,test-label,0.0
driver-git,pos,ahome-it_lienzo-core__bf4b253816,ahome-it_lienzo-core__bf4b253816__src_main_java_com_ait_lienzo_client_core_shape_wires_WiresShape.java,conflict,semantic,TN,dev-match,86.227
driver-git,pos,alesaudate_kickstart-springjerseyhibernate__feb36bfc8e,alesaudate_kickstart-springjerseyhibernate__feb36bfc8e__src_main_java_com_alesaudate_samples_springjersey_example_People.java,conflict,textual,TN,dev-match,77.44
driver-git,pos,apache_commons-lang__53184369d0,apache_commons-lang__53184369d0__src_main_java_org_apache_commons_lang3_builder_ReflectionToStringBuilder.java,clean,,FP,test-label,85.803
driver-git,pos,apache_olingo-odata4__820b462f49,apache_olingo-odata4__820b462f49__lib_client-core_src_main_java_org_apache_olingo_client_core_serialization_JsonSerializer.java,clean,,FP,test-label,91.036
driver-git,pos,apache_olingo-odata4__cf731c2cb8,apache_olingo-odata4__cf731c2cb8__lib_client-core_src_main_java_org_apache_olingo_client_core_serialization_JsonSerializer.java,clean,,FP,test-label,91.064
driver-git,pos,apache_olingo-odata4__cf731c2cb8,apache_olingo-odata4__cf731c2cb8__lib_client-core_src_test_java_org_apache_olingo_client_core_JSONTest.java,conflict,textual,TN,dev-match,100.712
driver-git,pos,apache_shiro__13806fc623,apache_shiro__13806fc623__web_src_test_java_org_apache_shiro_web_mgt_CookieRememberMeManagerTest.java,clean,,FP,test-label,86.933
driver-git,pos,atam4j_atam4j__71fcecb071,atam4j_atam4j__71fcecb071__acceptance-tests_src_test_java_me_atam_atam4jsampleapp_PassingTestAcceptanceTest.java,conflict,semantic,TN,dev-match,79.68
driver-git,pos,atam4j_atam4j__71fcecb071,atam4j_atam4j__71fcecb071__acceptance-tests_src_test_java_me_atam_atam4jsampleapp_testsupport_AcceptanceTest.java,conflict,textual,TN,dev-match,79.294
driver-git,pos,azuread_azure-activedirectory-library-for-java__d3f143872b,azuread_azure-activedirectory-library-for-java__d3f143872b__src_test_java_com_microsoft_aad_adal4j_AuthenticationContextTest.java,clean,,FP,test-label,88.845
driver-git,pos,bedatadriven_jackson-datatype-jts__1416f1af06,bedatadriven_jackson-datatype-jts__1416f1af06__src_main_java_com_bedatadriven_jackson_datatype_jts_GeometryDeserializer.java,conflict,textual,TN,dev-match,81.434
driver-git,pos,bguerout_jongo__3aaaf0e4c7,bguerout_jongo__3aaaf0e4c7__src_main_java_org_jongo_Jongo.java,conflict,textual,TN,dev-match,79.626
driver-git,pos,blockchain_api-v1-client-java__abdf54e6ab,blockchain_api-v1-client-java__abdf54e6ab__src_main_java_info_blockchain_api_HttpClient.java,conflict,textual,TN,dev-match,81.724
driver-git,pos,blockchain_api-v1-client-java__e349598f95,blockchain_api-v1-client-java__e349598f95__src_main_java_info_blockchain_api_HttpClient.java,conflict,textual,TN,dev-match,81.837
driver-git,pos,buddycloud_buddycloud-server-java__33ec3ec7cd,buddycloud_buddycloud-server-java__33ec3ec7cd__src_main_java_org_buddycloud_channelserver_packetprocessor_iq_namespace_pubsub_set_UnsubscribeSet.java,clean,,FP,test-label,87.924
driver-git,pos,buddycloud_buddycloud-server-java__33ec3ec7cd,buddycloud_buddycloud-server-java__33ec3ec7cd__src_test_java_org_buddycloud_channelserver_packetprocessor_iq_namespace_pubsub_set_UnsubscribeSetTest.java,clean,,FP,test-label,89.796
driver-git,pos,buddycloud_buddycloud-server-java__43c8b054e9,buddycloud_buddycloud-server-java__43c8b054e9__src_main_java_org_buddycloud_channelserver_packetprocessor_iq_namespace_pubsub_set_NodeDelete.java,clean,,TP,dev-match,85.434
driver-git,pos,buddycloud_buddycloud-server-java__43c8b054e9,buddycloud_buddycloud-server-java__43c8b054e9__src_test_java_org_buddycloud_channelserver_packetprocessor_iq_namespace_pubsub_get_SubscriptionsGetTest.java,clean,,FP,test-label,88.245
driver-git,pos,buddycloud_buddycloud-server-java__48e4675ee2,buddycloud_buddycloud-server-java__48e4675ee2__src_main_java_org_buddycloud_channelserver_packetprocessor_iq_namespace_pubsub_get_RepliesGet.java,clean,,FP,test-label,85.362
driver-git,pos,buddycloud_buddycloud-server-java__48e4675ee2,buddycloud_buddycloud-server-java__48e4675ee2__src_test_java_org_buddycloud_channelserver_packetprocessor_iq_namespace_pubsub_get_RepliesGetTest.java,conflict,textual,TN,dev-match,84.655
driver-git,pos,buschmais_extended-objects__46ec306cf6,buschmais_extended-objects__46ec306cf6__neo4j_remote_src_main_java_com_buschmais_xo_neo4j_remote_impl_datastore_RemoteDatastoreEntityManager.java,clean,,FP,test-label,90.699
driver-git,pos,camsys_onebusaway-application-modules__915e2f3ffe,camsys_onebusaway-application-modules__915e2f3ffe__onebusaway-transit-data-federation_src_main_java_org_onebusaway_transit_data_federation_impl_beans_StopWithArrivalsAndDeparturesBeanServiceImpl.java,clean,,FP,test-label,86.742
driver-git,pos,camsys_onebusaway-application-modules__e779e9fce1,camsys_onebusaway-application-modules__e779e9fce1__onebusaway-transit-data_src_main_java_org_onebusaway_transit_data_model_ArrivalsAndDeparturesQueryBean.java,conflict,textual,FN,dev-match,82.326
driver-git,pos,clojure_clojure__77342d2e35,clojure_clojure__77342d2e35__src_jvm_clojure_lang_Compiler.java,conflict,textual,TN,dev-match,131.518
driver-git,pos,cloudfoundry_cf-java-client__80d0a0dff9,cloudfoundry_cf-java-client__80d0a0dff9__cloudfoundry-operations_src_main_java_org_cloudfoundry_operations_serviceadmin_DefaultServiceAdmin.java,clean,,FP,test-label,94.537
driver-git,pos,cloudfoundry_cf-java-client__933add90ad,cloudfoundry_cf-java-client__933add90ad__cloudfoundry-operations_src_main_java_org_cloudfoundry_operations_useradmin_DefaultUserAdmin.java,clean,,FP,test-label,95.425
driver-git,pos,cloudfoundry_cf-java-client__9f6b79e294,cloudfoundry_cf-java-client__9f6b79e294__cloudfoundry-operations_src_main_java_org_cloudfoundry_operations_applications_DefaultApplications.java,clean,,FP,test-label,118.333
driver-git,pos,cloudfoundry_cf-java-client__a69078adc8,cloudfoundry_cf-java-client__a69078adc8__cloudfoundry-operations_src_main_java_org_cloudfoundry_operations__DefaultCloudFoundryOperations.java,clean,,FP,test-label,87.038
driver-git,pos,cloudfoundry_cf-java-client__a69078adc8,cloudfoundry_cf-java-client__a69078adc8__integration-test_src_test_java_org_cloudfoundry_IntegrationTestConfiguration.java,clean,,FP,test-label,91.943
driver-git,pos,cloudfoundry_cf-java-client__a9d35d542d,cloudfoundry_cf-java-client__a9d35d542d__cloudfoundry-operations_src_main_java_org_cloudfoundry_operations_routes_DefaultRoutes.java,conflict,textual,TN,dev-match,95.99
driver-git,pos,cloudfoundry_cf-java-client__a9d35d542d,cloudfoundry_cf-java-client__a9d35d542d__integration-test_src_test_java_org_cloudfoundry_operations_RoutesTest.java,clean,,FP,test-label,94.531
driver-git,pos,cloudfoundry_cf-java-client__b0add1ef2a,cloudfoundry_cf-java-client__b0add1ef2a__cloudfoundry-operations_src_main_java_org_cloudfoundry_operations_services_DefaultServices.java,conflict,semantic,TN,dev-match,104.804
driver-git,pos,cloudfoundry_cf-java-client__be097d5860,cloudfoundry_cf-java-client__be097d5860__cloudfoundry-client-reactor_src_main_java_org_cloudfoundry_reactor__DefaultConnectionContext.java,clean,,FP,test-label,86.503
driver-git,pos,cloudfoundry_cf-java-client__be097d5860,cloudfoundry_cf-java-client__be097d5860__cloudfoundry-client-reactor_src_main_java_org_cloudfoundry_reactor_util_DefaultSslCertificateTruster.java,conflict,textual,TN,dev-match,83.405
driver-git,pos,cloudfoundry_cf-java-client__eb3b2f5beb,cloudfoundry_cf-java-client__eb3b2f5beb__cloudfoundry-operations_src_main_java_org_cloudfoundry_operations__DefaultCloudFoundryOperations.java,clean,,FP,test-label,87.238
driver-git,pos,cloudslang_score__66ba4f51e3,cloudslang_score__66ba4f51e3__score-api_src_main_java_io_cloudslang_score_lang_ExecutionRuntimeServices.java,clean,,TP,dev-match,90.166
driver-git,pos,comatoes_ftl-profile-editor__e87fe65818,comatoes_ftl-profile-editor__e87fe65818__src_main_java_net_blerf_ftl_parser_SavedGameParser.java,conflict,semantic,TN,dev-match,93.839
driver-git,pos,cribbstechnologies_java-mandrill-wrapper__0cf79745f1,cribbstechnologies_java-mandrill-wrapper__0cf79745f1__src_main_java_com_cribbstechnologies_clients_mandrill_model_MandrillMessage.java,conflict,textual,TN,dev-match,79.495
driver-git,pos,cribbstechnologies_java-mandrill-wrapper__0cf79745f1,cribbstechnologies_java-mandrill-wrapper__0cf79745f1__src_test_java_com_cribbstechnologies_clients_mandrill_request_MandrillRESTRequestTest.java,conflict,textual,TN,dev-match,89.542
driver-git,pos,cternes_openkeepass__bb53512ab2,cternes_openkeepass__bb53512ab2__src_main_java_de_slackspace_openkeepass_KeePassDatabase.java,clean,,FP,test-label,87.435
driver-git,pos,cternes_openkeepass__bb53512ab2,cternes_openkeepass__bb53512ab2__src_test_java_de_slackspace_openkeepass_reader_KeepassDatabaseReaderTest.java,conflict,textual,TN,dev-match,82.925
driver-git,pos,dabsquared_gitlab-plugin__d555b8773d,dabsquared_gitlab-plugin__d555b8773d__src_main_java_com_dabsquared_gitlabjenkins_connection_GitLabConnectionConfig.java,clean,,FP,test-label,86.481
driver-git,pos,datastax_java-driver__0dd96ea21f,datastax_java-driver__0dd96ea21f__driver-core_src_main_java_com_datastax_driver_core_TableMetadata.java,conflict,textual,TN,dev-match,89.345
driver-git,pos,datastax_java-driver__1f25c7e3a0,datastax_java-driver__1f25c7e3a0__driver-core_src_main_java_com_datastax_driver_core_Cluster.java,clean,,FP,test-label,102.8
driver-git,pos,datastax_java-driver__1f25c7e3a0,datastax_java-driver__1f25c7e3a0__driver-core_src_main_java_com_datastax_driver_core_TypeCodec.java,conflict,textual,TN,dev-match,92.346
driver-git,pos,datastax_java-driver__3eb34e6785,datastax_java-driver__3eb34e6785__driver-core_src_main_java_com_datastax_driver_core_TableMetadata.java,conflict,textual,TN,dev-match,87.001
driver-git,pos,datastax_java-driver__725b790a79,datastax_java-driver__725b790a79__driver-core_src_main_java_com_datastax_driver_core_Cluster.java,conflict,semantic,TN,dev-match,93.304
driver-git,pos,datastax_java-driver__7ff4958746,datastax_java-driver__7ff4958746__driver-core_src_main_java_com_datastax_driver_core_Cluster.java,clean,,FP,test-label,102.425
driver-git,pos,datastax_java-driver__7ff4958746,datastax_java-driver__7ff4958746__driver-core_src_main_java_com_datastax_driver_core_ControlConnection.java,clean,,FP,test-label,95.783
driver-git,pos,datastax_java-driver__e1535e89ad,datastax_java-driver__e1535e89ad__driver-core_src_main_java_com_datastax_driver_core_HostConnectionPool.java,conflict,semantic,TN,dev-match,91.365
driver-git,pos,deemopen_zkui__2843e7c28f,deemopen_zkui__2843e7c28f__src_main_java_com_deem_zkui_controller_Import.java,clean,,FP,test-label,87.605
driver-git,pos,deemopen_zkui__2843e7c28f,deemopen_zkui__2843e7c28f__src_main_java_com_deem_zkui_vo_LeafBean.java,conflict,textual,TN,dev-match,80.896
driver-git,pos,digidotcom_xbeejavalibrary__6279f85f74,digidotcom_xbeejavalibrary__6279f85f74__src_com_digi_xbee_api_XBeeDevice.java,conflict,textual,TN,dev-match,89.193
driver-git,pos,dius_java-faker__4c61966b1c,dius_java-faker__4c61966b1c__src_main_java_com_github_javafaker_Faker.java,clean,,FP,test-label,88.634
driver-git,pos,dtrules_dtrules__505c5cbf82,dtrules_dtrules__505c5cbf82__compilerutil_src_main_java_com_dtrules_trace_Trace.java,clean,,FP,test-label,84.505
driver-git,pos,elisarver_selophane__4ecc600017,elisarver_selophane__4ecc600017__src_test_java_org_selophane_elements_FormTest.java,clean,,FP,test-label,84.639
driver-git,pos,elisarver_selophane__4ecc600017,elisarver_selophane__4ecc600017__src_test_java_org_selophane_elements_helpers_FormTestObject.java,clean,,FP,test-label,83.21
driver-git,pos,erudika_para__a9e67cc8b3,erudika_para__a9e67cc8b3__para-server_src_main_java_com_erudika_para_aop_IndexAndCacheAspect.java,conflict,semantic,TN,dev-match,91.505
driver-git,pos,fasterxml_jackson-core__2572819ed9,fasterxml_jackson-core__2572819ed9__src_test_java_com_fasterxml_jackson_core_sym_TestSymbolTables.java,clean,,FP,test-label,85.716
driver-git,pos,fasterxml_jackson-datatype-joda__4e6c266339,fasterxml_jackson-datatype-joda__4e6c266339__src_test_java_com_fasterxml_jackson_datatype_joda_JodaSerializationTest.java,clean,,FP,test-label,86.134
driver-git,pos,feroult_yawp__141f79a8e9,feroult_yawp__141f79a8e9__src_main_java_endpoint_repository_IdRef.java,clean,,FP,test-label,84.874
driver-git,pos,feroult_yawp__1723236a65,feroult_yawp__1723236a65__src_main_java_endpoint_actions_RepositoryActions.java,clean,,FP,test-label,86.288
driver-git,pos,frankbille_scoreboard__890ecd0bdb,frankbille_scoreboard__890ecd0bdb__src_main_java_dk_frankbille_scoreboard_domain_Player.java,conflict,textual,TN,dev-match,80.721
driver-git,pos,garbagemule_mobarena__b34dc0d5ac,garbagemule_mobarena__b34dc0d5ac__src_main_java_com_garbagemule_MobArena_MASpawnThread.java,clean,,FP,test-label,91.611
driver-git,pos,google_compile-testing__608e1cb92a,google_compile-testing__608e1cb92a__src_test_java_com_google_testing_compile_JavaSourcesSubjectFactoryTest.java,conflict,textual,FN,dev-match,82.686
driver-git,pos,google_truth__2e4a23bebb,google_truth__2e4a23bebb__core_src_main_java_org_truth0_subjects_StringSubject.java,clean,,FP,test-label,85.254
driver-git,pos,google_truth__2e4a23bebb,google_truth__2e4a23bebb__core_src_test_java_org_truth0_subjects_StringTest.java,clean,,FP,test-label,84.845
driver-git,pos,google_truth__9289ed34ae,google_truth__9289ed34ae__src_main_java_org_junit_contrib_truth_subjects_IterableSubject.java,conflict,textual,TN,dev-match,81.159
driver-git,pos,google_truth__9289ed34ae,google_truth__9289ed34ae__src_test_java_org_junit_contrib_truth_IterableTest.java,conflict,textual,TN,dev-match,80.798
driver-git,pos,greese_dasein-cloud-core__6c37152e5f,greese_dasein-cloud-core__6c37152e5f__src_main_java_org_dasein_cloud_network_LoadBalancerHealthCheck.java,conflict,textual,FN,dev-match,81.479
driver-git,pos,guhilling_cdi-test__f3f8094c67,guhilling_cdi-test__f3f8094c67__cdi-test-jpa_src_test_java_de_hilling_junit_cdi_jee_EntityManagerLifecycleTest.java,conflict,textual,TN,dev-match,80.418
driver-git,pos,gwtbootstrap3_gwtbootstrap3__5c0d1eab79,gwtbootstrap3_gwtbootstrap3__5c0d1eab79__gwtbootstrap3_src_main_java_org_gwtbootstrap3_client_ui_base_form_AbstractForm.java,clean,,FP,test-label,87.671
driver-git,pos,haraldwalker_user-agent-utils__eaaaa1488b,haraldwalker_user-agent-utils__eaaaa1488b__src_main_java_eu_bitwalker_useragentutils_Browser.java,clean,,FP,test-label,88.336
driver-git,pos,haraldwalker_user-agent-utils__eaaaa1488b,haraldwalker_user-agent-utils__eaaaa1488b__src_main_java_eu_bitwalker_useragentutils_OperatingSystem.java,clean,,FP,test-label,87.216
driver-git,pos,ignorance77_transformiceapi__9a65b8374f,ignorance77_transformiceapi__9a65b8374f__src_main_java_ee_ignorance_transformiceapi_processors_MouseDeathProcessor.java,clean,,FP,test-label,82.066
driver-git,pos,imixs_imixs-workflow__23b86de5b4,imixs_imixs-workflow__23b86de5b4__imixs-workflow-index-lucene_src_main_java_org_imixs_workflow_engine_lucene_LuceneIndexService.java,clean,,FP,test-label,93.4
driver-git,pos,imixs_imixs-workflow__23b86de5b4,imixs_imixs-workflow__23b86de5b4__imixs-workflow-index-lucene_src_main_java_org_imixs_workflow_engine_lucene_LuceneUpdateService.java,conflict,textual,TN,dev-match,80.984
driver-git,pos,iryndin_jdbf__9853124d73,iryndin_jdbf__9853124d73__src_main_java_net_iryndin_jdbf_util_DbfMetadataUtils.java,clean,,FP,test-label,88.071
driver-git,pos,j256_ormlite-core__2c159335d4,j256_ormlite-core__2c159335d4__src_main_java_com_j256_ormlite_stmt_mapped_MappedCreate.java,clean,,FP,test-label,88.823
driver-git,pos,j256_ormlite-core__606986f118,j256_ormlite-core__606986f118__src_main_java_com_j256_ormlite_field_FieldType.java,clean,,FP,test-label,108.508
driver-git,pos,jacquesberger_jsonparsingexample__ac521954c2,jacquesberger_jsonparsingexample__ac521954c2__src_main_java_org_jberger_jsonparsingexample_json_JSON.java,conflict,textual,TN,dev-match,81.143
driver-git,pos,jadler-mocking_jadler__294a06c3fc,jadler-mocking_jadler__294a06c3fc__jadler-core_src_main_java_net_jadler_JadlerMocker.java,clean,,FP,test-label,91.625
driver-git,pos,javamoney_jsr354-api__6d2356a153,javamoney_jsr354-api__6d2356a153__money-api_provider_src_test_java_javax_money_provider_MonetaryTest.java,conflict,textual,TN,dev-match,81.515
driver-git,pos,javaparser_javaparser__41a398414f,javaparser_javaparser__41a398414f__javaparser-symbol-solver-core_src_main_java_com_github_javaparser_symbolsolver_javaparsermodel_JavaParserFacade.java,clean,,FP,test-label,96.83
driver-git,pos,javaparser_javaparser__41a398414f,javaparser_javaparser__41a398414f__javaparser-symbol-solver-core_src_main_java_com_github_javaparser_symbolsolver_javaparsermodel_TypeExtractor.java,clean,,FP,test-label,94.436
driver-git,pos,javaparser_javaparser__91ebf36c06,javaparser_javaparser__91ebf36c06__javaparser-symbol-solver-core_src_main_java_com_github_javaparser_symbolsolver_javassistmodel_JavassistClassDeclaration.java,conflict,textual,TN,dev-match,90.784
driver-git,pos,javaparser_javaparser__91ebf36c06,javaparser_javaparser__91ebf36c06__javaparser-symbol-solver-testing_src_test_java_com_github_javaparser_symbolsolver_resolution_AnalyseJavaSymbolSolver060Test.java,clean,,FP,test-label,89.423
driver-git,pos,javaparser_javaparser__a23c6aa3b8,javaparser_javaparser__a23c6aa3b8__javaparser-testing_src_test_java_com_github_javaparser_bdd_steps_DumpingSteps.java,conflict,semantic,TN,dev-match,81.101
driver-git,pos,javaparser_javaparser__dc6254f1bf,javaparser_javaparser__dc6254f1bf__javaparser-symbol-solver-core_src_main_java_com_github_javaparser_symbolsolver_javaparsermodel_declarations_JavaParserSymbolDeclaration.java,conflict,textual,TN,dev-match,82.299
driver-git,pos,javaparser_javaparser__ff91564b7f,javaparser_javaparser__ff91564b7f__javaparser-core-testing_src_test_java_com_github_javaparser_modules_ModuleDeclarationTest.java,clean,,FP,test-label,87.104
driver-git,pos,jboss-msc_jboss-msc__1d9b8d45ff,jboss-msc_jboss-msc__1d9b8d45ff__src_main_java_org_jboss_msc_service_BatchInjectionBuilderImpl.java,conflict,textual,FN,dev-match,85.08
driver-git,pos,jboss-msc_jboss-msc__a4e21a3b10,jboss-msc_jboss-msc__a4e21a3b10__src_main_java_org_jboss_msc_service_ServiceContainerImpl.java,clean,,FP,test-label,90.029
driver-git,pos,jboss-remoting_jboss-remoting__66a0631d13,jboss-remoting_jboss-remoting__66a0631d13__src_main_java_org_jboss_remoting3_RemotingXmlParser.java,clean,,FP,test-label,87.589
driver-git,pos,jcabi_jcabi-github__27cc460e3c,jcabi_jcabi-github__27cc460e3c__src_main_java_com_jcabi_github_Gist.java,clean,,FP,test-label,85.853
driver-git,pos,jcabi_jcabi-github__27cc460e3c,jcabi_jcabi-github__27cc460e3c__src_test_java_com_jcabi_github_RtGistITCase.java,conflict,semantic,TN,dev-match,81.407
driver-git,pos,jcabi_jcabi-github__b13d2596ba,jcabi_jcabi-github__b13d2596ba__src_test_java_com_jcabi_github_RtIssueITCase.java,conflict,textual,TN,dev-match,82.321
driver-git,pos,jcabi_jcabi-github__b13d2596ba,jcabi_jcabi-github__b13d2596ba__src_test_java_com_jcabi_github_RtMilestonesITCase.java,conflict,textual,TN,dev-match,81.145
driver-git,pos,jcabi_jcabi-github__e18a8ffd16,jcabi_jcabi-github__e18a8ffd16__src_test_java_com_jcabi_github_RtHooksITCase.java,conflict,semantic,TN,dev-match,82.427
driver-git,pos,jcabi_jcabi-http__0c63dd0c75,jcabi_jcabi-http__0c63dd0c75__src_main_java_com_jcabi_http_mock_MkQueryMatchers.java,clean,,TP,dev-match,81.974
driver-git,pos,jdupl_lancoder__407742ea19,jdupl_lancoder__407742ea19__src_main_java_org_lancoder_Main.java,clean,,FP,test-label,87.875
driver-git,pos,jdupl_lancoder__407742ea19,jdupl_lancoder__407742ea19__src_main_java_org_lancoder_master_api_web_ApiServer.java,conflict,textual,FN,dev-match,82.114
driver-git,pos,jenkinsci_coverity-plugin__2fb8690816,jenkinsci_coverity-plugin__2fb8690816__src_main_java_jenkins_plugins_coverity_CoverityTool_CoverityToolHandler.java,clean,,FP,test-label,91.869
driver-git,pos,jenkinsci_coverity-plugin__62bdb6232e,jenkinsci_coverity-plugin__62bdb6232e__src_main_java_jenkins_plugins_coverity_ws_DefectReader.java,clean,,FP,test-label,87.173
driver-git,pos,jenkinsci_coverity-plugin__62bdb6232e,jenkinsci_coverity-plugin__62bdb6232e__src_test_java_jenkins_plugins_coverity_ws_DefectReaderTest.java,clean,,FP,test-label,86.473
driver-git,pos,jenkinsci_credentials-plugin__b9cb5f9d1b,jenkinsci_credentials-plugin__b9cb5f9d1b__src_test_java_com_cloudbees_plugins_credentials_casc_CredentialsCategoryTest.java,conflict,textual,TN,dev-match,82.155
driver-git,pos,jenkinsci_docker-build-publish-plugin__59faa9673c,jenkinsci_docker-build-publish-plugin__59faa9673c__src_main_java_com_cloudbees_dockerpublish_DockerBuilder.java,clean,,FP,test-label,94.107
driver-git,pos,jenkinsci_email-ext-plugin__4def0e56a8,jenkinsci_email-ext-plugin__4def0e56a8__src_test_java_hudson_plugins_emailext_recipients_EmailRecipientUtilsTest.java,clean,,FP,test-label,88.687
driver-git,pos,jenkinsci_jira-plugin__0eec353cb5,jenkinsci_jira-plugin__0eec353cb5__src_main_java_hudson_plugins_jira_JiraSite.java,clean,,FP,test-label,93.269
driver-git,pos,jenkinsci_jira-plugin__6ad78581c9,jenkinsci_jira-plugin__6ad78581c9__src_main_java_hudson_plugins_jira_JiraChangeLogAnnotator.java,clean,,FP,test-label,88.774
driver-git,pos,jenkinsci_jira-plugin__6ad78581c9,jenkinsci_jira-plugin__6ad78581c9__src_main_java_hudson_plugins_jira_JiraSite.java,clean,,FP,test-label,93.245
driver-git,pos,jenkinsci_ldap-plugin__3eee59e25a,jenkinsci_ldap-plugin__3eee59e25a__src_main_java_hudson_security_LDAPSecurityRealm.java,conflict,textual,TN,dev-match,95.011
driver-git,pos,jenkinsci_ui-samples-plugin__81bf937a3d,jenkinsci_ui-samples-plugin__81bf937a3d__src_main_java_io_jenkins_plugins_designlibrary_Root.java,conflict,textual,TN,dev-match,82.143
driver-git,pos,jline_jline2__348cb9dada,jline_jline2__348cb9dada__src_main_java_jline_console_ConsoleReader.java,clean,,FP,test-label,119.402
driver-git,pos,jline_jline2__348cb9dada,jline_jline2__348cb9dada__src_test_java_jline_console_ConsoleReaderTestSupport.java,clean,,FP,test-label,87.735
driver-git,pos,jline_jline2__5869eaa93a,jline_jline2__5869eaa93a__src_main_java_jline_console_ConsoleReader.java,conflict,textual,TN,dev-match,95.285
driver-git,pos,jmetal_jmetal__162d1a63b7,jmetal_jmetal__162d1a63b7__jmetal-core_src_main_java_org_uma_jmetal_util_SolutionListUtils.java,clean,,FP,test-label,90.129
driver-git,pos,jmetal_jmetal__162d1a63b7,jmetal_jmetal__162d1a63b7__jmetal-core_src_main_java_org_uma_jmetal_util_neighborhood_impl_AdaptiveRandomNeighborhood.java,clean,,FP,test-label,86.085
driver-git,pos,jmetal_jmetal__7d9295f890,jmetal_jmetal__7d9295f890__jmetal-problem_src_main_java_org_uma_jmetal_problem_multiobjective_MultiobjectiveTSP.java,conflict,textual,TN,dev-match,83.485
driver-git,pos,jmetal_jmetal__b4630972a8,jmetal_jmetal__b4630972a8__jmetal-auto_src_main_java_org_uma_jmetal_auto_parameter_Parameter.java,conflict,textual,TN,dev-match,82.548
driver-git,pos,jnr_jnr-unixsocket__467698b6bd,jnr_jnr-unixsocket__467698b6bd__src_main_java_jnr_unixsocket_Native.java,conflict,textual,TN,dev-match,82.961
driver-git,pos,jnr_jnr-unixsocket__467698b6bd,jnr_jnr-unixsocket__467698b6bd__src_main_java_jnr_unixsocket_UnixSocketChannel.java,clean,,FP,test-label,87.775
driver-git,pos,jnr_jnr-unixsocket__f8f34e5634,jnr_jnr-unixsocket__f8f34e5634__src_main_java_jnr_unixsocket_Native.java,clean,,FP,test-label,88.555
driver-git,pos,joel-costigliola_assertj-core__1b4ad829f3,joel-costigliola_assertj-core__1b4ad829f3__src_test_java_org_assertj_core_api_SoftAssertionsTest.java,conflict,textual,TN,dev-match,94.785
driver-git,pos,joel-costigliola_assertj-core__74baae279d,joel-costigliola_assertj-core__74baae279d__src_main_java_org_assertj_core_api_AbstractMapAssert.java,clean,,FP,test-label,89.004
driver-git,pos,joel-costigliola_assertj-core__74baae279d,joel-costigliola_assertj-core__74baae279d__src_main_java_org_assertj_core_api_AbstractObjectAssert.java,clean,,TP,dev-match,87.379
driver-git,pos,jparsec_jparsec__ef02642abd,jparsec_jparsec__ef02642abd__src_main_java_org_codehaus_jparsec_Parser.java,conflict,textual,TN,dev-match,86.142
driver-git,pos,jsprit_jsprit__5cf6758085,jsprit_jsprit__5cf6758085__jsprit-core_src_test_java_jsprit_core_analysis_SolutionAnalyserTest.java,clean,,FP,test-label,114.795
driver-git,pos,jwtk_jjwt__ff932e9838,jwtk_jjwt__ff932e9838__src_main_java_io_jsonwebtoken_impl_DefaultJwtParser.java,conflict,textual,TN,dev-match,87.663
driver-git,pos,k3po_k3po__084cc0b426,k3po_k3po__084cc0b426__specification_wse_src_test_java_org_kaazing_specification_wse_data_BinaryAsEscapedTextIT.java,conflict,textual,TN,dev-match,81.271
driver-git,pos,kaazing_k3po__084cc0b426,kaazing_k3po__084cc0b426__specification_wse_src_test_java_org_kaazing_specification_wse_data_BinaryAsEscapedTextIT.java,conflict,textual,TN,dev-match,81.811
driver-git,pos,kaazing_robot__084cc0b426,kaazing_robot__084cc0b426__specification_wse_src_test_java_org_kaazing_specification_wse_data_BinaryAsEscapedTextIT.java,conflict,textual,TN,dev-match,82.376
driver-git,pos,kohsuke_github-api__4e56b8bb78,kohsuke_github-api__4e56b8bb78__src_main_java_org_kohsuke_github_GHRepository.java,conflict,textual,TN,dev-match,103.723
driver-git,pos,kohsuke_github-api__4e56b8bb78,kohsuke_github-api__4e56b8bb78__src_main_java_org_kohsuke_github_Requester.java,clean,,FP,test-label,95.458
driver-git,pos,kongchen_swagger-maven-plugin__1e61731653,kongchen_swagger-maven-plugin__1e61731653__src_main_java_com_github_kongchen_swagger_docgen_reader_SpringMvcApiReader.java,clean,,FP,test-label,95.326
driver-git,pos,kongchen_swagger-maven-plugin__3d2ea22d07,kongchen_swagger-maven-plugin__3d2ea22d07__src_main_java_com_github_kongchen_swagger_docgen_reader_AbstractReader.java,clean,,FP,test-label,95.179
driver-git,pos,learning-layers_socialsemanticserver__4ada3cddc3,learning-layers_socialsemanticserver__4ada3cddc3__serv_serv.custom_serv.custom.caller_src_main_java_at_tugraz_sss_serv_caller_SSServCaller.java,conflict,textual,TN,dev-match,95.113
driver-git,pos,learning-layers_socialsemanticserver__4ada3cddc3,learning-layers_socialsemanticserver__4ada3cddc3__serv_serv.custom_serv.custom.ops_src_main_java_at_tugraz_sss_serv_SSServOpE.java,clean,,FP,test-label,83.892
driver-git,pos,lwhite1_tablesaw__13178c81a1,lwhite1_tablesaw__13178c81a1__core_src_main_java_tech_tablesaw_api_DateTimeColumn.java,clean,,FP,test-label,96.248
driver-git,pos,mashape_unirest-java__121f85b819,mashape_unirest-java__121f85b819__src_test_java_com_mashape_unirest_test_http_UnirestTest.java,conflict,textual,TN,dev-match,90.713
driver-git,pos,mashape_unirest-java__b43fb95f4a,mashape_unirest-java__b43fb95f4a__src_test_java_com_mashape_unirest_test_http_UnirestTest.java,conflict,textual,TN,dev-match,90.397
driver-git,pos,mbosecke_pebble__617aab328f,mbosecke_pebble__617aab328f__src_main_java_com_mitchellbosecke_pebble_extension_core_CoreExtension.java,clean,,FP,test-label,89.015
driver-git,pos,mbosecke_pebble__617aab328f,mbosecke_pebble__617aab328f__src_test_java_com_mitchellbosecke_pebble_CoreTagsTest.java,clean,,FP,test-label,94.187
driver-git,pos,mercadopago_sdk-java__b7498c6f9d,mercadopago_sdk-java__b7498c6f9d__src_main_java_com_mercadopago_client_payment_PaymentRefundClient.java,clean,,FP,test-label,85.517
driver-git,pos,mikera_vectorz__d93ef1b341,mikera_vectorz__d93ef1b341__src_test_java_mikera_matrixx_TestMatrices.java,clean,,FP,test-label,94.236
driver-git,pos,mitre_http-proxy-servlet__b7a68118f2,mitre_http-proxy-servlet__b7a68118f2__src_main_java_org_mitre_dsmiley_httpproxy_ProxyServlet.java,clean,,FP,test-label,91.895
driver-git,pos,mixpanel_mixpanel-java__bcdd1ed28f,mixpanel_mixpanel-java__bcdd1ed28f__src_main_java_com_mixpanel_mixpanelapi_MixpanelAPI.java,conflict,textual,TN,dev-match,83.651
driver-git,pos,monitorjbl_excel-streaming-reader__8698befdf4,monitorjbl_excel-streaming-reader__8698befdf4__src_main_java_com_monitorjbl_xlsx_impl_StreamingRow.java,clean,,TP,dev-match,85.651
driver-git,pos,monitorjbl_excel-streaming-reader__8698befdf4,monitorjbl_excel-streaming-reader__8698befdf4__src_test_java_com_monitorjbl_xlsx_StreamingReaderTest.java,conflict,textual,TN,dev-match,89.469
driver-git,pos,movsim_movsim__00d5222b61,movsim_movsim__00d5222b61__src_main_java_org_movsim_simulator_roadSection_impl_RoadSectionImpl.java,conflict,textual,TN,dev-match,85.853
driver-git,pos,movsim_movsim__6dae25caf7,movsim_movsim__6dae25caf7__core_src_main_java_org_movsim_SimulationScan.java,conflict,textual,TN,dev-match,82.264
driver-git,pos,movsim_movsim__6dae25caf7,movsim_movsim__6dae25caf7__core_src_main_java_org_movsim_simulator_roadnetwork_RoadSegment.java,conflict,textual,TN,dev-match,99.116
driver-git,pos,msopentech_azure-activedirectory-library-for-java__d3f143872b,msopentech_azure-activedirectory-library-for-java__d3f143872b__src_test_java_com_microsoft_aad_adal4j_AuthenticationContextTest.java,clean,,FP,test-label,91.56
driver-git,pos,named-data_jndn__3d47402192,named-data_jndn__3d47402192__src_net_named_data_jndn_NetworkNack.java,clean,,FP,test-label,84.319
driver-git,pos,named-data_jndn__e0db451bf1,named-data_jndn__e0db451bf1__src_net_named_data_jndn_Face.java,clean,,FP,test-label,90.99
driver-git,pos,ninjaframework_ninja__31737c1a10,ninjaframework_ninja__31737c1a10__ninja-servlet_src_main_java_ninja_servlet_ContextImpl.java,clean,,FP,test-label,93.168
driver-git,pos,ninjaframework_ninja__31737c1a10,ninjaframework_ninja__31737c1a10__ninja-servlet_src_test_java_ninja_servlet_ContextImplTest.java,clean,,FP,test-label,94.873
driver-git,pos,ninjaframework_ninja__45bb542cb4,ninjaframework_ninja__45bb542cb4__ninja-core_src_main_java_ninja_AssetsController.java,conflict,textual,TN,dev-match,82.236
driver-git,pos,ninjaframework_ninja__45bb542cb4,ninjaframework_ninja__45bb542cb4__ninja-demo-application_src_test_java_controllers_ApplicationControllerTest.java,conflict,textual,TN,dev-match,83.937
driver-git,pos,ninjaframework_ninja__663883c228,ninjaframework_ninja__663883c228__ninja-core_src_main_java_ninja_utils_NinjaProperties.java,clean,,FP,test-label,82.404
driver-git,pos,ninjaframework_ninja__663883c228,ninjaframework_ninja__663883c228__ninja-core_src_main_java_ninja_utils_NinjaPropertiesImpl.java,clean,,FP,test-label,88.585
driver-git,pos,ninjaframework_ninja__94b2365be3,ninjaframework_ninja__94b2365be3__ninja-core_src_main_java_ninja_Context.java,clean,,FP,test-label,83.641
driver-git,pos,ninjaframework_ninja__94b2365be3,ninjaframework_ninja__94b2365be3__ninja-core_src_main_java_ninja_ContextImpl.java,clean,,FP,test-label,89.762
driver-git,pos,northlander_a__c3f2865b88,northlander_a__c3f2865b88__src_test_java_co_nordlander_a_BaseTest.java,conflict,textual,TN,dev-match,87.758
driver-git,pos,nuodb_migration-tools__2e1f6973c4,nuodb_migration-tools__2e1f6973c4__src_test_java_com_nuodb_tools_migration_jdbc_metamodel_DatabaseIntrospectorTest.java,conflict,semantic,TN,dev-match,82.208
driver-git,pos,nurkiewicz_java8-workshop__f5918aa79c,nurkiewicz_java8-workshop__f5918aa79c__src_main_java_com_nurkiewicz_java8_holidays_PolishHolidays.java,clean,,FP,test-label,84.855
driver-git,pos,nysenate_openlegislation__9c7cf034c1,nysenate_openlegislation__9c7cf034c1__src_main_java_gov_nysenate_openleg_search_committee_ElasticCommitteeSearchDao.java,conflict,textual,TN,dev-match,84.083
driver-git,pos,okleine_ncoap__99de16a6d2,okleine_ncoap__99de16a6d2__src_main_java_de_uniluebeck_itm_spitfire_nCoap_message_CoapRequest.java,clean,,FP,test-label,89.466
driver-git,pos,onebusaway_onebusaway-application-modules__915e2f3ffe,onebusaway_onebusaway-application-modules__915e2f3ffe__onebusaway-transit-data-federation_src_main_java_org_onebusaway_transit_data_federation_impl_beans_StopWithArrivalsAndDeparturesBeanServiceImpl.java,clean,,FP,test-label,88.737
driver-git,pos,onebusaway_onebusaway-application-modules__e779e9fce1,onebusaway_onebusaway-application-modules__e779e9fce1__onebusaway-transit-data_src_main_java_org_onebusaway_transit_data_model_ArrivalsAndDeparturesQueryBean.java,conflict,textual,FN,dev-match,83.705
driver-git,pos,openhft_chronicle-bytes__5bad7e86ea,openhft_chronicle-bytes__5bad7e86ea__src_main_java_net_openhft_chronicle_bytes_NativeBytes.java,clean,,FP,test-label,91.401
driver-git,pos,openhft_chronicle-bytes__a9e7269a84,openhft_chronicle-bytes__a9e7269a84__src_main_java_net_openhft_chronicle_bytes_MappedFile.java,conflict,textual,TN,dev-match,85.508
driver-git,pos,openhft_chronicle-bytes__e3ac571d25,openhft_chronicle-bytes__e3ac571d25__src_test_java_net_openhft_chronicle_bytes_BytesTest.java,conflict,textual,TN,dev-match,90.703
driver-git,pos,openhft_chronicle-network__fb39c8ca3b,openhft_chronicle-network__fb39c8ca3b__src_main_java_net_openhft_chronicle_network_cluster_Cluster.java,conflict,textual,TN,dev-match,83.698
driver-git,pos,openpnp_openpnp__93126880a6,openpnp_openpnp__93126880a6__src_main_java_org_openpnp_gui_MainFrame.java,clean,,FP,test-label,228.601
driver-git,pos,openpnp_openpnp__a3cca4daba,openpnp_openpnp__a3cca4daba__src_main_java_org_openpnp_machine_reference_ReferenceNozzle.java,conflict,textual,TN,dev-match,93.547
driver-git,pos,openpnp_openpnp__a3cca4daba,openpnp_openpnp__a3cca4daba__src_main_java_org_openpnp_machine_reference_ReferenceNozzleTip.java,clean,,FP,test-label,92.545
driver-git,pos,openpnp_openpnp__fb30708fe0,openpnp_openpnp__fb30708fe0__src_main_java_org_openpnp_machine_reference_driver_GcodeDriver.java,clean,,FP,test-label,104.319
driver-git,pos,prism_prism-bukkit__15140fadb2,prism_prism-bukkit__15140fadb2__src_main_java_me_botsko_prism_Prism.java,clean,,FP,test-label,96.298
driver-git,pos,prism_prism-bukkit__6dfb9ef0cf,prism_prism-bukkit__6dfb9ef0cf__src_main_java_me_botsko_prism_commands_NearCommand.java,clean,,FP,test-label,88.04
driver-git,pos,prism_prism-bukkit__74927cacad,prism_prism-bukkit__74927cacad__src_main_java_me_botsko_prism_actionlibs_ActionsQuery.java,conflict,textual,TN,dev-match,83.952
driver-git,pos,prism_prism-bukkit__74927cacad,prism_prism-bukkit__74927cacad__src_main_java_me_botsko_prism_database_DeleteQuery.java,clean,,FP,test-label,81.43
driver-git,pos,progether_jadventure__9ce4a7106c,progether_jadventure__9ce4a7106c__src_main_java_com_jadventure_game_navigation_LocationType.java,conflict,textual,TN,dev-match,80.121
driver-git,pos,progether_jadventure__9ce4a7106c,progether_jadventure__9ce4a7106c__src_main_java_com_jadventure_game_prompts_CommandCollection.java,clean,,FP,test-label,89.763
driver-git,pos,progether_jadventure__e28401af85,progether_jadventure__e28401af85__src_main_java_com_jadventure_game_prompts_CommandParser.java,conflict,semantic,FN,dev-match,82.42
driver-git,pos,projectblueshift_blueshiftapi__004679e5bb,projectblueshift_blueshiftapi__004679e5bb__src_main_java_net_tridentsdk_chat_ChatComponent.java,clean,,FP,test-label,88.533
driver-git,pos,recruit-tech_redpen__58d3096f6c,recruit-tech_redpen__58d3096f6c__redpen-core_src_test_java_cc_redpen_parser_SentenceExtractorTest.java,clean,,FP,test-label,90.237
driver-git,pos,relayrides_pushy__6badde9538,relayrides_pushy__6badde9538__src_main_java_com_relayrides_pushy_apns_PushManager.java,conflict,textual,TN,dev-match,86.2
driver-git,pos,sailthru_sailthru-java-client__ee1f917600,sailthru_sailthru-java-client__ee1f917600__src_main_com_sailthru_client_exceptions_ApiException.java,conflict,textual,TN,dev-match,82.541
driver-git,pos,samskivert_jmustache__940af397c4,samskivert_jmustache__940af397c4__src_main_java_com_samskivert_mustache_Mustache.java,clean,,FP,test-label,99.058
driver-git,pos,sander2798_enderstone__3de930e0ed,sander2798_enderstone__3de930e0ed__src_org_enderstone_server_entity_EnderPlayer.java,clean,,FP,test-label,105.008
driver-git,pos,sander2798_enderstone__b515bac1b0,sander2798_enderstone__b515bac1b0__src_org_enderstone_server_packet_codec_MinecraftServerCodex.java,conflict,textual,FN,dev-match,84.49
driver-git,pos,sandergielisse_enderstone__3de930e0ed,sandergielisse_enderstone__3de930e0ed__src_org_enderstone_server_entity_EnderPlayer.java,clean,,FP,test-label,105.541
driver-git,pos,sandergielisse_enderstone__b515bac1b0,sandergielisse_enderstone__b515bac1b0__src_org_enderstone_server_packet_codec_MinecraftServerCodex.java,conflict,textual,FN,dev-match,85.037
driver-git,pos,segmentio_analytics-java__0d4a7b4e69,segmentio_analytics-java__0d4a7b4e69__analytics_src_main_java_com_segment_analytics_internal_AnalyticsClient.java,clean,,FP,test-label,92.347
driver-git,pos,segmentio_analytics-java__0d4a7b4e69,segmentio_analytics-java__0d4a7b4e69__analytics_src_test_java_com_segment_analytics_internal_AnalyticsClientTest.java,conflict,textual,TN,dev-match,91.147
driver-git,pos,skyscreamer_nevado__cdc23cde46,skyscreamer_nevado__cdc23cde46__nevado-jms_src_main_java_org_skyscreamer_nevado_jms_connector_amazonaws_AmazonAwsSQSConnectorFactory.java,conflict,textual,TN,dev-match,82.228
driver-git,pos,softinstigate_restheart__98dda32101,softinstigate_restheart__98dda32101__graphql_src_main_java_org_restheart_graphql_GraphQLService.java,conflict,semantic,TN,dev-match,87.153
driver-git,pos,softinstigate_restheart__b196d4fc15,softinstigate_restheart__b196d4fc15__graphql_src_main_java_org_restheart_graphql_scalars_BsonScalars.java,conflict,textual,TN,dev-match,83.628
driver-git,pos,softinstigate_restheart__d8673744dc,softinstigate_restheart__d8673744dc__src_main_java_org_restheart_handlers_RequestContext.java,clean,,FP,test-label,100.984
driver-git,pos,softinstigate_restheart__d8673744dc,softinstigate_restheart__d8673744dc__src_main_java_org_restheart_handlers_RequestDispatcherHandler.java,conflict,textual,TN,dev-match,94.268
driver-git,pos,sps_pushover4j__88cd636fab,sps_pushover4j__88cd636fab__src_main_java_net_pushover_client_PushoverResponseFactory.java,conflict,textual,TN,dev-match,84.746
driver-git,pos,sps_pushover4j__88cd636fab,sps_pushover4j__88cd636fab__src_test_java_net_pushover_client_PushoverResponseFactoryTest.java,clean,,FP,test-label,88.251
driver-git,pos,square_javapoet__d019b6f624,square_javapoet__d019b6f624__src_main_java_com_squareup_javawriter_JavaWriter.java,clean,,FP,test-label,96.396
driver-git,pos,square_javapoet__d019b6f624,square_javapoet__d019b6f624__src_test_java_com_squareup_javawriter_JavaWriterTest.java,clean,,FP,test-label,95.388
driver-git,pos,sstrickx_yahoofinance-api__216ad70070,sstrickx_yahoofinance-api__216ad70070__src_main_java_stockagent_RuleBasedAgent.java,clean,,FP,test-label,86.141
driver-git,pos,steveice10_mcprotocollib__5c8a435832,steveice10_mcprotocollib__5c8a435832__src_main_java_com_github_steveice10_mc_protocol_data_message_style_MessageStyle.java,clean,,FP,test-label,86.618
driver-git,pos,steveice10_packetlib__295cf3e47a,steveice10_packetlib__295cf3e47a__src_main_java_com_github_steveice10_packetlib_tcp_TcpClientSession.java,conflict,textual,TN,dev-match,87.401
driver-git,pos,swagger-api_swagger-parser__41ccee4da3,swagger-api_swagger-parser__41ccee4da3__modules_swagger-parser-v3_src_test_java_io_swagger_v3_parser_test_OpenAPIV3ParserTest.java,conflict,textual,TN,dev-match,103.451
driver-git,pos,swagger-api_swagger-parser__59a85a29da,swagger-api_swagger-parser__59a85a29da__modules_swagger-parser-v3_src_test_java_io_swagger_v3_parser_test_OpenAPIV3ParserTest.java,conflict,textual,TN,dev-match,103.88
driver-git,pos,tabulapdf_tabula-java__767699f3aa,tabulapdf_tabula-java__767699f3aa__src_main_java_technology_tabula_detectors_RegexSearch.java,conflict,textual,TN,dev-match,94.952
driver-git,pos,tabulapdf_tabula-java__767699f3aa,tabulapdf_tabula-java__767699f3aa__src_test_java_technology_tabula_TestRegexSearch.java,clean,,FP,test-label,97.693
driver-git,pos,tcurdt_jdeb__77d052996a,tcurdt_jdeb__77d052996a__src_main_java_org_vafer_jdeb_DataBuilder.java,conflict,semantic,TN,dev-match,91.449
driver-git,pos,tcurdt_jdeb__77d052996a,tcurdt_jdeb__77d052996a__src_test_java_org_vafer_jdeb_DataBuilderTestCase.java,clean,,FP,test-label,86.802
driver-git,pos,thenewcircle_spring-hibernate-20120924__7ec9c1b4bb,thenewcircle_spring-hibernate-20120924__7ec9c1b4bb__src_main_java_com_marakana_contacts_controllers_ContactController.java,conflict,textual,TN,dev-match,83.008
driver-git,pos,tridentsdk_tridentsdk__004679e5bb,tridentsdk_tridentsdk__004679e5bb__src_main_java_net_tridentsdk_chat_ChatComponent.java,clean,,FP,test-label,88.8
driver-git,pos,tumblr_jumblr__31bd6f8335,tumblr_jumblr__31bd6f8335__src_main_java_com_tumblr_jumblr_exceptions_JumblrException.java,clean,,FP,test-label,86.772
driver-git,pos,tumblr_jumblr__31bd6f8335,tumblr_jumblr__31bd6f8335__src_main_java_com_tumblr_jumblr_request_RequestBuilder.java,clean,,FP,test-label,88.493
driver-git,pos,urbanairship_datacube__b8bef94f4d,urbanairship_datacube__b8bef94f4d__src_main_java_com_urbanairship_datacube_DataCubeIo.java,clean,,FP,test-label,90.495
driver-git,pos,urbanairship_datacube__b8bef94f4d,urbanairship_datacube__b8bef94f4d__src_main_java_com_urbanairship_datacube_dbharnesses_HBaseDbHarness.java,conflict,textual,TN,dev-match,88.591
driver-git,pos,urbanairship_java-library__bbe0297a10,urbanairship_java-library__bbe0297a10__src_test_java_com_urbanairship_api_customevents_model_CustomEventPayloadTest.java,clean,,FP,test-label,92.231
driver-git,pos,urbanairship_java-library__bbe0297a10,urbanairship_java-library__bbe0297a10__src_test_java_com_urbanairship_api_customevents_parse_CustomEventPayloadSerializerTest.java,conflict,textual,TN,dev-match,83.913
driver-git,pos,uwolfer_gerrit-rest-java-client__8e688db702,uwolfer_gerrit-rest-java-client__8e688db702__src_main_java_com_urswolfer_gerrit_client_rest_http_GerritRestClient.java,conflict,textual,TN,dev-match,88.748
driver-git,pos,vkostyukov_la4j__d216aa8928,vkostyukov_la4j__d216aa8928__src_main_java_org_la4j_vector_AbstractVector.java,clean,,FP,test-label,92.929
driver-git,pos,vkostyukov_la4j__d216aa8928,vkostyukov_la4j__d216aa8928__src_test_java_org_la4j_vector_sparse_SparseVectorTest.java,clean,,FP,test-label,86.205
driver-git,pos,vojtechhabarta_typescript-generator__51835d3c16,vojtechhabarta_typescript-generator__51835d3c16__typescript-generator-spring_src_test_java_cz_habarta_typescript_generator_spring_SpringTest.java,clean,,FP,test-label,92.295
driver-git,pos,warmuuh_libsass-maven-plugin__5ca7b3f086,warmuuh_libsass-maven-plugin__5ca7b3f086__src_main_java_wrm_CompilationMojo.java,conflict,textual,TN,dev-match,83.555
driver-git,pos,winder_universal-g-code-sender__84d687330a,winder_universal-g-code-sender__84d687330a__ugs-core_src_com_willwinder_universalgcodesender_model_GUIBackend.java,clean,,FP,test-label,100.671
driver-git,pos,winder_universal-g-code-sender__84d687330a,winder_universal-g-code-sender__84d687330a__ugs-core_src_com_willwinder_universalgcodesender_utils_ControllerSettings.java,conflict,textual,TN,dev-match,83.512
driver-git,pos,winder_universal-g-code-sender__bc742cb4c4,winder_universal-g-code-sender__bc742cb4c4__ugs-core_src_com_willwinder_universalgcodesender_GrblController.java,clean,,FP,test-label,96.328
driver-git,pos,winder_universal-g-code-sender__c93fec43ee,winder_universal-g-code-sender__c93fec43ee__ugs-core_src_com_willwinder_universalgcodesender_gcode_util_CommandProcessorLoader.java,conflict,textual,TN,dev-match,85.15
driver-git,pos,xebia_xebium__2808ba14a8,xebia_xebium__2808ba14a8__src_main_java_com_xebia_incubator_xebium_SeleniumDriverFixture.java,clean,,FP,test-label,92.993
driver-git,pos,xebia_xebium__a82603c978,xebia_xebium__a82603c978__src_main_java_com_xebia_incubator_xebium_SeleniumDriverFixture.java,conflict,textual,TN,dev-match,87.894
driver-git,ctl,adoptopenjdk_mjprof__44b7a2b3db,adoptopenjdk_mjprof__44b7a2b3db__src_main_java_com_performizeit_mjstack_MJStack.java,clean,,TP,test-label,86.63
driver-git,ctl,aerospike_aerospike-client-java__b77316ac92,aerospike_aerospike-client-java__b77316ac92__proxy_src_com_aerospike_client_proxy_grpc_GrpcChannelExecutor.java,clean,,TP,test-label,92.509
driver-git,ctl,aerospike_aerospike-client-java__b77316ac92,aerospike_aerospike-client-java__b77316ac92__proxy_src_com_aerospike_client_proxy_grpc_GrpcStreamingCall.java,conflict,semantic,TN,dev-match,82.776
driver-git,ctl,aerospike_aerospike-client-java__dfa7c50814,aerospike_aerospike-client-java__dfa7c50814__test_src_com_aerospike_test_util_Args.java,clean,,TP,test-label,88.035
driver-git,ctl,aleksandr-m_gitflow-maven-plugin__7482fdb5b6,aleksandr-m_gitflow-maven-plugin__7482fdb5b6__src_main_java_com_amashchenko_maven_plugin_gitflow_AbstractGitFlowMojo.java,clean,,TP,test-label,97.895
driver-git,ctl,alexcojocaru_elasticsearch-maven-plugin__6c23c6286d,alexcojocaru_elasticsearch-maven-plugin__6c23c6286d__src_main_java_com_github_alexcojocaru_mojo_elasticsearch_v2_StopMojo.java,clean,,TP,test-label,86.193
driver-git,ctl,alibaba_canal__10930b9e3d,alibaba_canal__10930b9e3d__parse_src_main_java_com_alibaba_otter_canal_parse_inbound_mysql_dbsync_LogEventConvert.java,clean,,TP,test-label,101.64
driver-git,ctl,alibaba_canal__10930b9e3d,alibaba_canal__10930b9e3d__parse_src_main_java_com_alibaba_otter_canal_parse_inbound_mysql_dbsync_SimpleDdlParser.java,clean,,TP,test-label,90.795
driver-git,ctl,andrewphorn_classicube-client__645941b423,andrewphorn_classicube-client__645941b423__src_main_java_com_mojang_minecraft_gui_FontRenderer.java,clean,,TP,test-label,90.619
driver-git,ctl,anjuke_hwi__93f975a6d0,anjuke_hwi__93f975a6d0__src_main_java_org_apache_hadoop_hive_hwi_servlet_RQuery.java,clean,,TP,test-label,92.154
driver-git,ctl,apache_commons-csv__2e851bc960,apache_commons-csv__2e851bc960__src_test_java_org_apache_commons_csv_CSVParserTest.java,clean,,TP,test-label,104.776
driver-git,ctl,apache_commons-ognl__c1132d8fb3,apache_commons-ognl__c1132d8fb3__src_main_java_org_apache_commons_ognl_internal_entry_PropertyDescriptorCacheEntryFactory.java,clean,,TP,test-label,90.004
driver-git,ctl,apache_maven-enforcer__f4f8c2559e,apache_maven-enforcer__f4f8c2559e__enforcer-rules_src_main_java_org_apache_maven_plugins_enforcer_AbstractBanDependencies.java,clean,,TP,test-label,87.425
driver-git,ctl,apache_metamodel__f9f2bc07f3,apache_metamodel__f9f2bc07f3__core_src_main_java_org_apache_metamodel_query_parser_QueryPartParser.java,clean,,TP,test-label,88.241
driver-git,ctl,apache_metamodel__f9f2bc07f3,apache_metamodel__f9f2bc07f3__core_src_test_java_org_apache_metamodel_query_parser_QueryParserTest.java,clean,,TP,test-label,92.14
driver-git,ctl,apache_roller__d362f5d1ee,apache_roller__d362f5d1ee__app_src_main_java_org_apache_roller_weblogger_business_search_IndexManagerImpl.java,clean,,TP,test-label,90.667
driver-git,ctl,apache_tomcat-maven-plugin__74e25e53e8,apache_tomcat-maven-plugin__74e25e53e8__tomcat7-war-runner_src_main_java_org_apache_tomcat_maven_runner_Tomcat7Runner.java,clean,,TP,test-label,97.619
driver-git,ctl,apache_tomcat-maven-plugin__74e25e53e8,apache_tomcat-maven-plugin__74e25e53e8__tomcat7-war-runner_src_main_java_org_apache_tomcat_maven_runner_Tomcat7RunnerCli.java,clean,,TP,test-label,92.004
driver-git,ctl,bronx_saci-vraptor__cb9355ed08,bronx_saci-vraptor__cb9355ed08__src_main_java_net_diegomaia_vraptor_saci_component_startup_PageHandler.java,clean,,TP,test-label,85.918
driver-git,ctl,brunoribeiro_sql-parser__a1ddf59b7c,brunoribeiro_sql-parser__a1ddf59b7c__src_main_java_com_akiban_sql_unparser_NodeToString.java,clean,,TP,test-label,98.389
driver-git,ctl,bserdar_jcliff__206c63ba6f,bserdar_jcliff__206c63ba6f__src_main_java_com_redhat_jcliff_Main.java,clean,,TP,test-label,97.57
driver-git,ctl,buddycloud_buddycloud-server-java__e05c0ee54a,buddycloud_buddycloud-server-java__e05c0ee54a__src_main_java_org_buddycloud_channelserver_packetprocessor_iq_namespace_pubsub_set_Publish.java,clean,,TP,test-label,91.62
driver-git,ctl,chrsan_css-selectors__0f725a05d1,chrsan_css-selectors__0f725a05d1__src_main_java_se_fishtank_css_selectors_dom_internal_PseudoContainsSpecifierChecker.java,clean,,TP,test-label,85.876
driver-git,ctl,citytechinc_cq-component-maven-plugin__2fb3c23f39,citytechinc_cq-component-maven-plugin__2fb3c23f39__cq-component-maven-plugin_src_main_java_com_citytechinc_cq_component_dialog_impl_SelectionWidget.java,clean,,TP,test-label,85.547
driver-git,ctl,citytechinc_cq-component-maven-plugin__2fb3c23f39,citytechinc_cq-component-maven-plugin__2fb3c23f39__cq-component-maven-plugin_src_main_java_com_citytechinc_cq_component_dialog_maker_impl_SelectionWidgetMaker.java,clean,,TP,test-label,89.437
driver-git,ctl,citytechinc_cq-component-maven-plugin__79dfb91780,citytechinc_cq-component-maven-plugin__79dfb91780__cq-component-maven-plugin_src_main_java_com_citytechinc_cq_component_dialog_impl_SelectionWidget.java,clean,,TP,test-label,85.411
driver-git,ctl,clickntap_vimeo__85bd093b58,clickntap_vimeo__85bd093b58__src_main_java_com_clickntap_vimeo_Vimeo.java,clean,,TP,test-label,94.371
driver-git,ctl,clickntap_vimeo__cedaf74fc7,clickntap_vimeo__cedaf74fc7__src_main_java_com_clickntap_vimeo_Vimeo.java,clean,,TP,test-label,95.342
driver-git,ctl,clojure_clojure__c862603a33,clojure_clojure__c862603a33__src_jvm_clojure_lang_Compiler.java,clean,,TP,test-label,166.506
driver-git,ctl,cloudfoundry_cf-java-client__0d588aa1e7,cloudfoundry_cf-java-client__0d588aa1e7__cloudfoundry-client-reactor_src_main_java_org_cloudfoundry_reactor_util_Operator.java,conflict,semantic,TN,dev-match,91.825
driver-git,ctl,cloudfoundry_cf-java-client__f994a25985,cloudfoundry_cf-java-client__f994a25985__cloudfoundry-client-reactor_src_main_java_org_cloudfoundry_reactor_util_Operator.java,conflict,semantic,TN,dev-match,92.189
driver-git,ctl,cloudfoundry_cf-java-client__f994a25985,cloudfoundry_cf-java-client__f994a25985__cloudfoundry-client-reactor_src_test_java_org_cloudfoundry_reactor_util_ErrorPayloadMappersTest.java,clean,,TP,test-label,92.765
driver-git,ctl,cloudslang_score__49b00c4bf9,cloudslang_score__49b00c4bf9__runtime-management_runtime-management-impl_src_main_java_io_cloudslang_runtime_impl_python_PythonExecutor.java,clean,,TP,test-label,91.597
driver-git,ctl,coutume_imageonmap__20d2a60d29,coutume_imageonmap__20d2a60d29__src_main_java_fr_moribus_imageonmap_ui_MapItemManager.java,clean,,TP,test-label,92.875
driver-git,ctl,dankurka_gwtphonegap__e19aa67e33,dankurka_gwtphonegap__e19aa67e33__src_main_java_com_googlecode_gwtphonegap_client_notification_NotificationBrowserImpl.java,clean,,TP,test-label,85.022
driver-git,ctl,davidmoten_rxjava-slf4j__fbe2fde40f,davidmoten_rxjava-slf4j__fbe2fde40f__src_test_java_com_github_davidmoten_rx_slf4j_LoggingTest.java,conflict,textual,TN,dev-match,84.942
driver-git,ctl,douglasrodrigo_bfmapper__b0056fd6f8,douglasrodrigo_bfmapper__b0056fd6f8__src_main_java_br_com_bfmapper_Mapping.java,clean,,TP,test-label,93.046
driver-git,ctl,dspace_dspace__0a0cf18c36,dspace_dspace__0a0cf18c36__dspace-server-webapp_src_test_java_org_dspace_app_rest_ExternalSourcesRestControllerIT.java,clean,,TP,test-label,89.863
driver-git,ctl,dspace_dspace__2e3c4f033d,dspace_dspace__2e3c4f033d__dspace-api_src_main_java_org_dspace_curate_CitationPage.java,clean,,TP,test-label,90.481
driver-git,ctl,dspace_dspace__eb28c639a0,dspace_dspace__eb28c639a0__dspace-server-webapp_src_main_java_org_dspace_app_rest_repository_DiscoveryRestRepository.java,clean,,TP,test-label,87.378
driver-git,ctl,dtrules_dtrules__621afc4ef5,dtrules_dtrules__621afc4ef5__compilerutil_src_main_java_com_dtrules_compiler_decisiontables_DTCompiler.java,clean,,TP,test-label,93.94
driver-git,ctl,dtrules_dtrules__621afc4ef5,dtrules_dtrules__621afc4ef5__dsl_el_src_main_java_com_dtrules_compiler_el_EL.java,clean,,TP,test-label,92.35
driver-git,ctl,eirslett_frontend-maven-plugin__3e67ca8791,eirslett_frontend-maven-plugin__3e67ca8791__frontend-plugin-core_src_main_java_com_github_eirslett_maven_plugins_frontend_lib_NodeAndNPMInstaller.java,clean,,TP,test-label,92.095
driver-git,ctl,ekryd_sortpom__b918df820e,ekryd_sortpom__b918df820e__sorter_src_main_java_sortpom_wrapper_content_ChildElementSorter.java,clean,,TP,test-label,89.694
driver-git,ctl,farin_jcloisterzone__4a38e3b926,farin_jcloisterzone__4a38e3b926__src_main_java_com_jcloisterzone_engine_Engine.java,clean,,TP,test-label,96.815
driver-git,ctl,fasseg_exp4j__184e5535f9,fasseg_exp4j__184e5535f9__src_main_java_de_congrace_exp4j_Tokenizer.java,clean,,TP,test-label,89.813
driver-git,ctl,fasseg_exp4j__184e5535f9,fasseg_exp4j__184e5535f9__src_test_java_de_congrace_exp4j_ExpressionBuilderTest.java,clean,,TP,test-label,105.05
driver-git,ctl,fasterxml_jackson-core__be2854d5c6,fasterxml_jackson-core__be2854d5c6__src_test_java_com_fasterxml_jackson_core_filter_BasicParserFilteringTest.java,clean,,TP,test-label,97.113
driver-git,ctl,fernandezpablo85_scribe-java__33d45e1797,fernandezpablo85_scribe-java__33d45e1797__scribejava-core_src_main_java_com_github_scribejava_core_oauth_OAuth10aService.java,clean,,TP,test-label,90.349
driver-git,ctl,fiji_trackmate__1792dcc505,fiji_trackmate__1792dcc505__src_main_java_fiji_plugin_trackmate_io_TmXmlReader.java,clean,,TP,test-label,101.62
driver-git,ctl,fiji_trackmate__97cfa79dd2,fiji_trackmate__97cfa79dd2__src_main_java_fiji_plugin_trackmate_action_CopyOverlayAction.java,clean,,TP,test-label,98.265
driver-git,ctl,fiji_trackmate__97cfa79dd2,fiji_trackmate__97cfa79dd2__src_main_java_fiji_plugin_trackmate_gui_TrackMateGUIController.java,clean,,TP,test-label,102.166
driver-git,ctl,fincatto_nfe__6758366981,fincatto_nfe__6758366981__src_main_java_com_fincatto_documentofiscal_nfe400_classes_lote_envio_NFLoteEnvioRetorno.java,clean,,TP,test-label,85.533
driver-git,ctl,fincatto_nfe__bd66db2a72,fincatto_nfe__bd66db2a72__src_main_java_com_fincatto_documentofiscal_utils_DFSocketFactory.java,clean,,TP,test-label,87.278
driver-git,ctl,findwise_hydra__76fe21c315,findwise_hydra__76fe21c315__admin-service_src_main_java_com_findwise_hydra_admin_rest_ConfigurationController.java,clean,,TP,test-label,86.85
driver-git,ctl,flaxsearch_luwak__2805c0447a,flaxsearch_luwak__2805c0447a__luwak_src_main_java_uk_co_flax_luwak_util_SpanExtractor.java,conflict,textual,TN,dev-match,86.252
driver-git,ctl,fluentlenium_fluentlenium__2cd4ecb82f,fluentlenium_fluentlenium__2cd4ecb82f__fluentlenium-core_src_main_java_org_fluentlenium_core_inject_FluentInjector.java,clean,,TP,test-label,95.962
driver-git,ctl,fluentlenium_fluentlenium__d88fff0f59,fluentlenium_fluentlenium__d88fff0f59__fluentlenium-core_src_test_java_org_fluentlenium_integration_FluentLeniumWaitTest.java,conflict,textual,TN,dev-match,90.714
driver-git,ctl,flyingsaucerproject_flyingsaucer__5a2a7d36a1,flyingsaucerproject_flyingsaucer__5a2a7d36a1__flying-saucer-core_src_main_java_org_xhtmlrenderer_css_newmatch_Condition.java,clean,,TP,test-label,91.167
driver-git,ctl,flyingsaucerproject_flyingsaucer__9b83c56a8c,flyingsaucerproject_flyingsaucer__9b83c56a8c__flying-saucer-pdf_src_main_java_org_xhtmlrenderer_pdf_ITextRenderer.java,clean,,TP,test-label,94.854
driver-git,ctl,flyingsaucerproject_flyingsaucer__b2ef06a76f,flyingsaucerproject_flyingsaucer__b2ef06a76f__flying-saucer-pdf-itext5_src_main_java_org_xhtmlrenderer_pdf_ITextOutputDevice.java,clean,,TP,test-label,104.943
driver-git,ctl,forcedotcom_wsc__332e09483d,forcedotcom_wsc__332e09483d__src_main_java_com_sforce_ws_bind_TypeMapper.java,clean,,TP,test-label,99.902
driver-git,ctl,fusesource_jansi__f4065227fc,fusesource_jansi__f4065227fc__src_main_java_org_fusesource_jansi_WindowsAnsiOutputStream.java,conflict,textual,FN,dev-match,86.839
driver-git,ctl,galenframework_galen__7567dd8d2f,galenframework_galen__7567dd8d2f__galen-core_src_main_java_com_galenframework_speclang2_specs_SpecImageProcessor.java,clean,,TP,test-label,92.524
driver-git,ctl,galenframework_galen__7567dd8d2f,galenframework_galen__7567dd8d2f__galen-core_src_test_java_com_galenframework_tests_speclang2_SpecsReaderV2Test.java,clean,,TP,test-label,104.774
driver-git,ctl,gitools_gitools__8f2043e3c5,gitools_gitools__8f2043e3c5__org.gitools.ui.app_src_main_java_org_gitools_ui_app_fileimport_wizard_text_ListItemTransferHandler.java,clean,,TP,test-label,90.873
driver-git,ctl,gitools_gitools__9f09acdad0,gitools_gitools__9f09acdad0__org.gitools.ui.app_src_main_java_org_gitools_ui_app_actions_Actions.java,clean,,TP,test-label,87.955
driver-git,ctl,glenkpeterson_j-sicle__8ad8d6f00e,glenkpeterson_j-sicle__8ad8d6f00e__src_test_java_org_organicdesign_fp_permanent_SequenceTest.java,clean,,TP,test-label,86.771
driver-git,ctl,google_truth__2bb82cafdf,google_truth__2bb82cafdf__src_main_java_org_junit_contrib_truth_subjects_IterableSubject.java,clean,,TP,test-label,87.367
driver-git,ctl,google_truth__6bba06199f,google_truth__6bba06199f__core_src_main_java_com_google_common_truth_Truth.java,clean,,TP,test-label,86.146
driver-git,ctl,googlecloudplatform_gcloud-java__1fa53a817a,googlecloudplatform_gcloud-java__1fa53a817a__gcloud-java-storage_src_main_java_com_google_gcloud_storage_StorageImpl.java,clean,,TP,test-label,99.673
driver-git,ctl,googlecloudplatform_gcloud-maven-plugin__990444129c,googlecloudplatform_gcloud-maven-plugin__990444129c__src_main_java_com_google_appengine_gcloudapp_AbstractGcloudMojo.java,clean,,TP,test-label,95.502
driver-git,ctl,graphity_graphity-client__2a8e8c75e9,graphity_graphity-client__2a8e8c75e9__src_main_java_org_graphity_util_XSLTBuilder.java,conflict,semantic,TN,dev-match,84.522
driver-git,ctl,greese_dasein-cloud-core__5fe1190801,greese_dasein-cloud-core__5fe1190801__src_main_java_org_dasein_cloud_compute_MachineImageSupport.java,clean,,TP,test-label,87.669
driver-git,ctl,gwtbootstrap3_gwtbootstrap3__d558959ad2,gwtbootstrap3_gwtbootstrap3__d558959ad2__gwtbootstrap3_src_main_java_org_gwtbootstrap3_client_ui_SimpleCheckBox.java,clean,,TP,test-label,86.98
driver-git,ctl,gwtbootstrap3_gwtbootstrap3__d558959ad2,gwtbootstrap3_gwtbootstrap3__d558959ad2__gwtbootstrap3_src_main_java_org_gwtbootstrap3_client_ui_SimpleRadioButton.java,clean,,TP,test-label,87.48
driver-git,ctl,hdrhistogram_hdrhistogram__4faeeb6c17,hdrhistogram_hdrhistogram__4faeeb6c17__src_main_java_org_HdrHistogram_HistogramLogProcessor.java,conflict,textual,TN,dev-match,102.791
driver-git,ctl,hdrhistogram_hdrhistogram__6debea175f,hdrhistogram_hdrhistogram__6debea175f__src_main_java_org_HdrHistogram_AbstractHistogram.java,clean,,TP,test-label,103.611
driver-git,ctl,hdrhistogram_hdrhistogram__6debea175f,hdrhistogram_hdrhistogram__6debea175f__src_main_java_org_HdrHistogram_DoubleHistogram.java,clean,,TP,test-label,96.832
driver-git,ctl,hdrhistogram_hdrhistogram__beadadbe25,hdrhistogram_hdrhistogram__beadadbe25__src_main_java_org_HdrHistogram_AbstractHistogram.java,clean,,TP,test-label,103.391
driver-git,ctl,imixs_imixs-workflow__dfb841cc6c,imixs_imixs-workflow__dfb841cc6c__imixs-workflow-index-lucene_src_main_java_org_imixs_workflow_engine_lucene_LuceneIndexService.java,clean,,TP,test-label,95.1
driver-git,ctl,jalkanen_speed4j__18370b9544,jalkanen_speed4j__18370b9544__src_main_java_com_ecyrd_speed4j_log_PeriodicalLog.java,clean,,TP,test-label,93.113
driver-git,ctl,jasig_java-cas-client__9714053f07,jasig_java-cas-client__9714053f07__cas-client-core_src_main_java_org_jasig_cas_client_util_CommonUtils.java,clean,,TP,test-label,91.308
driver-git,ctl,jasig_java-cas-client__9714053f07,jasig_java-cas-client__9714053f07__cas-client-core_src_test_java_org_jasig_cas_client_util_CommonUtilsTests.java,clean,,TP,test-label,88.186
driver-git,ctl,javaparser_javaparser__091c0fab6e,javaparser_javaparser__091c0fab6e__javaparser-core_src_main_java_com_github_javaparser_PositionUtils.java,clean,,TP,test-label,88.273
driver-git,ctl,javaparser_javaparser__8ca0e9b6ea,javaparser_javaparser__8ca0e9b6ea__javaparser-symbol-solver-core_src_main_java_com_github_javaparser_symbolsolver_javaparsermodel_JavaParserFacade.java,clean,,TP,test-label,97.981
driver-git,ctl,jboss-remoting_jboss-remoting__1f07248ce4,jboss-remoting_jboss-remoting__1f07248ce4__src_main_java_org_jboss_remoting3_remote_RemoteConnection.java,clean,,TP,test-label,92.277
driver-git,ctl,jcabi_jcabi-aspects__5780cbf85c,jcabi_jcabi-aspects__5780cbf85c__src_main_java_com_jcabi_aspects_aj_MethodCacher.java,clean,,TP,test-label,91.492
driver-git,ctl,jcabi_jcabi-github__512102da91,jcabi_jcabi-github__512102da91__src_main_java_com_jcabi_github_RtReleaseAsset.java,clean,,TP,test-label,87.22
driver-git,ctl,jdatepicker_jdatepicker__cc3905a9c7,jdatepicker_jdatepicker__cc3905a9c7__src_main_java_org_jdatepicker_impl_JDatePickerImpl.java,clean,,TP,test-label,106.99
driver-git,ctl,jdatepicker_jdatepicker__cc74e94ac3,jdatepicker_jdatepicker__cc74e94ac3__src_main_java_org_jdatepicker_ComponentTextDefaults.java,clean,,TP,test-label,88.338
driver-git,ctl,jdatepicker_jdatepicker__cc74e94ac3,jdatepicker_jdatepicker__cc74e94ac3__src_main_java_org_jdatepicker_JDatePanel.java,clean,,TP,test-label,173.351
driver-git,ctl,jdeparser_jdeparser2__1da0e2349a,jdeparser_jdeparser2__1da0e2349a__src_main_java_org_jboss_jdeparser_FormatPreferences.java,clean,,TP,test-label,94.334
driver-git,ctl,jenkinsci_ant-plugin__7025e65f06,jenkinsci_ant-plugin__7025e65f06__src_main_java_hudson_tasks_Ant.java,clean,,TP,test-label,95.166
driver-git,ctl,jenkinsci_ant-plugin__7025e65f06,jenkinsci_ant-plugin__7025e65f06__src_test_java_hudson_tasks_AntTest.java,clean,,TP,test-label,94.641
driver-git,ctl,jenkinsci_coverity-plugin__7ce14e1f97,jenkinsci_coverity-plugin__7ce14e1f97__src_test_java_jenkins_plugins_coverity_CoverityTool_CovBuildCommandTest.java,conflict,textual,TN,dev-match,83.693
driver-git,ctl,jenkinsci_coverity-plugin__bd192d7108,jenkinsci_coverity-plugin__bd192d7108__src_main_java_jenkins_plugins_coverity_CoverityPublisher.java,clean,,TP,test-label,98.095
driver-git,ctl,jenkinsci_coverity-plugin__db750a7a69,jenkinsci_coverity-plugin__db750a7a69__src_main_java_jenkins_plugins_coverity_CIMStream.java,clean,,TP,test-label,92.302
driver-git,ctl,jenkinsci_coverity-plugin__db750a7a69,jenkinsci_coverity-plugin__db750a7a69__src_main_java_jenkins_plugins_coverity_CoverityPublisher.java,clean,,TP,test-label,99.84
driver-git,ctl,jenkinsci_credentials-plugin__ccd45a5263,jenkinsci_credentials-plugin__ccd45a5263__src_main_java_com_cloudbees_plugins_credentials_CredentialsSelectHelper.java,conflict,textual,TN,dev-match,91.164
driver-git,ctl,jenkinsci_email-ext-plugin__312def504a,jenkinsci_email-ext-plugin__312def504a__src_test_java_hudson_plugins_emailext_ExtendedEmailPublisherDescriptorJCasCTest.java,clean,,TP,test-label,88.597
driver-git,ctl,jenkinsci_email-ext-plugin__9cc2357cac,jenkinsci_email-ext-plugin__9cc2357cac__src_main_java_hudson_plugins_emailext_EmailThrottler.java,clean,,TP,test-label,86.101
driver-git,ctl,jenkinsci_email-ext-plugin__9cc2357cac,jenkinsci_email-ext-plugin__9cc2357cac__src_test_java_hudson_plugins_emailext_ExtendedEmailPublisherTest.java,clean,,TP,test-label,106.515
driver-git,ctl,jenkinsci_jira-plugin__09485920f4,jenkinsci_jira-plugin__09485920f4__src_main_java_hudson_plugins_jira_JiraSite.java,clean,,TP,test-label,101.521
driver-git,ctl,jenkinsci_junit-plugin__2f4179baf2,jenkinsci_junit-plugin__2f4179baf2__src_main_java_hudson_tasks_junit_CaseResult.java,clean,,TP,test-label,95.568
driver-git,ctl,jenkinsci_ldap-plugin__744083390f,jenkinsci_ldap-plugin__744083390f__src_main_java_hudson_security_LDAPSecurityRealm.java,clean,,TP,test-label,120.018
driver-git,ctl,jenkinsci_mailer-plugin__67ab48f1a6,jenkinsci_mailer-plugin__67ab48f1a6__src_test_java_hudson_tasks_MailerTest.java,clean,,TP,test-label,97.218
driver-git,ctl,jenkinsci_maven-hpi-plugin__cfbf819e58,jenkinsci_maven-hpi-plugin__cfbf819e58__src_main_java_org_jenkinsci_maven_plugins_hpi_RunMojo.java,conflict,textual,TN,dev-match,92.603
driver-git,ctl,jenkinsci_ui-samples-plugin__179ee92cdf,jenkinsci_ui-samples-plugin__179ee92cdf__src_main_java_jenkins_plugins_ui_samples_Select.java,clean,,TP,test-label,87.082
driver-git,ctl,jgralab_jgralab__d631209030,jgralab_jgralab__d631209030__src_de_uni_koblenz_jgralab_greql2_funlib_FunLib.java,conflict,textual,TN,dev-match,92.553
driver-git,ctl,jgralab_jgralab__d631209030,jgralab_jgralab__d631209030__src_de_uni_koblenz_jgralab_greql2_funlib_schema_HasType.java,clean,,TP,test-label,85.914
driver-git,ctl,jmetal_jmetal__4edc74bc22,jmetal_jmetal__4edc74bc22__jmetal-lab_src_main_java_org_uma_jmetal_lab_experiment_studies_PPSN20203DStudy.java,clean,,TP,test-label,90.865
driver-git,ctl,jmetal_jmetal__d8ececa506,jmetal_jmetal__d8ececa506__jmetal-exec_src_main_java_org_uma_jmetal_runner_multiobjective_WASFGAMeasuresRunner.java,clean,,TP,test-label,89.423
driver-git,ctl,jparsec_jparsec__a1fac0af65,jparsec_jparsec__a1fac0af65__jparsec_src_main_java_org_codehaus_jparsec_ScannerState.java,clean,,TP,test-label,86.36
driver-git,ctl,jri_deepamehta__03658cb2e9,jri_deepamehta__03658cb2e9__modules_dm4-geomaps_src_main_java_de_deepamehta_plugins_geomaps_GeomapsPlugin.java,conflict,textual,TN,dev-match,87.942
driver-git,ctl,jruby_bytelist__989a36efd0,jruby_bytelist__989a36efd0__src_org_jruby_util_ByteList.java,clean,,TP,test-label,100.514
driver-git,ctl,jruby_bytelist__989a36efd0,jruby_bytelist__989a36efd0__test_org_jruby_util_ByteListTest.java,clean,,TP,test-label,96.405
driver-git,ctl,jsprit_jsprit__7834e66d7c,jsprit_jsprit__7834e66d7c__jsprit-io_src_main_java_com_graphhopper_jsprit_io_algorithm_VehicleRoutingAlgorithms.java,clean,,TP,test-label,101.63
driver-git,ctl,jsprit_jsprit__a6726537e9,jsprit_jsprit__a6726537e9__jsprit-core_src_test_java_jsprit_core_problem_vehicle_VehicleImplTest.java,conflict,textual,FN,dev-match,85.835
driver-git,ctl,julianhyde_linq4j__c0f3b4a744,julianhyde_linq4j__c0f3b4a744__src_main_java_net_hydromatic_linq4j_QueryableFactory.java,clean,,TP,test-label,88.11
driver-git,ctl,julianhyde_linq4j__c0f3b4a744,julianhyde_linq4j__c0f3b4a744__src_main_java_net_hydromatic_linq4j_QueryableRecorder.java,clean,,TP,test-label,100.734
driver-git,ctl,julietkilo_canbabel__ea550c2876,julietkilo_canbabel__ea550c2876__src_main_java_com_github_canbabel_canio_dbc_DbcReader.java,clean,,TP,test-label,98.249
driver-git,ctl,kevinbayes_vest__3209c8480f,kevinbayes_vest__3209c8480f__src_main_java_me_bayes_vertx_vest_VestApplication.java,clean,,TP,test-label,90.471
driver-git,ctl,khmarbaise_iterator-maven-plugin__99d1681276,khmarbaise_iterator-maven-plugin__99d1681276__src_main_java_com_soebes_maven_plugins_iterator_IteratorMojo.java,clean,,TP,test-label,91.761
driver-git,ctl,killbilling_recurly-java-library__fafb064903,killbilling_recurly-java-library__fafb064903__src_main_java_com_ning_billing_recurly_model_RecurlyObject.java,clean,,TP,test-label,89.924
driver-git,ctl,killme2008_aviator__eb6c698603,killme2008_aviator__eb6c698603__src_main_java_com_googlecode_aviator_utils_Env.java,clean,,TP,test-label,95.313
driver-git,ctl,kohsuke_github-api__432585cb75,kohsuke_github-api__432585cb75__src_main_java_org_kohsuke_github_GitHub.java,conflict,textual,FN,dev-match,90.747
driver-git,ctl,kohsuke_github-api__432585cb75,kohsuke_github-api__432585cb75__src_test_java_org_kohsuke_github_GitHubTest.java,clean,,TP,test-label,87.915
driver-git,ctl,kohsuke_github-api__5ea8638369,kohsuke_github-api__5ea8638369__src_test_java_org_kohsuke_github_GHRepositoryTest.java,clean,,TP,test-label,101.472
driver-git,ctl,kohsuke_github-api__f6674a9aef,kohsuke_github-api__f6674a9aef__src_main_java_org_kohsuke_github_GHWorkflowJob.java,clean,,TP,test-label,88.994
driver-git,ctl,kongchen_swagger-maven-plugin__335021b217,kongchen_swagger-maven-plugin__335021b217__src_main_java_com_github_kongchen_swagger_docgen_mustache_MustacheDocument.java,clean,,TP,test-label,93.493
driver-git,ctl,kongchen_swagger-maven-plugin__335021b217,kongchen_swagger-maven-plugin__335021b217__src_main_java_com_github_kongchen_swagger_docgen_mustache_OutputTemplate.java,clean,,TP,test-label,91.324
driver-git,ctl,kongchen_swagger-maven-plugin__5060afbf1d,kongchen_swagger-maven-plugin__5060afbf1d__src_main_java_com_github_kongchen_swagger_docgen_AbstractDocumentSource.java,clean,,TP,test-label,95.831
driver-git,ctl,kongchen_swagger-maven-plugin__5060afbf1d,kongchen_swagger-maven-plugin__5060afbf1d__src_test_java_com_github_kongchen_smp_integration_SwaggerMavenPluginTest.java,clean,,TP,test-label,93.091
driver-git,ctl,koraktor_steam-condenser-java__81c376e088,koraktor_steam-condenser-java__81c376e088__src_main_java_com_github_koraktor_steamcondenser_steam_community_SteamId.java,clean,,TP,test-label,95.081
driver-git,ctl,kvladislav_ticketmanager__0ffb612f18,kvladislav_ticketmanager__0ffb612f18__src_main_java_org_JavaArt_TicketManager_controllers_EventsController.java,clean,,TP,test-label,102.705
driver-git,ctl,lemire_javaewah__5829fc009b,lemire_javaewah__5829fc009b__src_main_java_com_googlecode_javaewah_IteratorAggregation.java,clean,,TP,test-label,93.604
driver-git,ctl,linkedin_camus__288c5aae77,linkedin_camus__288c5aae77__camus-etl-kafka_src_test_java_com_linkedin_camus_etl_kafka_CamusJobTestWithMock.java,clean,,TP,test-label,96.883
driver-git,ctl,linkedin_camus__fd747243ca,linkedin_camus__fd747243ca__camus-etl-kafka_src_main_java_com_linkedin_camus_etl_kafka_mapred_EtlInputFormat.java,clean,,TP,test-label,97.699
driver-git,ctl,lwhite1_tablesaw__86cd643c39,lwhite1_tablesaw__86cd643c39__src_main_java_com_github_lwhite1_tablesaw_io_csv_CsvReader.java,clean,,TP,test-label,94.492
driver-git,ctl,lyncode_xoai__dc7a68da97,lyncode_xoai__dc7a68da97__xoai-service-provider_src_main_java_org_dspace_xoai_serviceprovider_client_HttpOAIClient.java,clean,,TP,test-label,87.19
driver-git,ctl,mambu-gmbh_mambu-apis-java__9975c4d9e5,mambu-gmbh_mambu-apis-java__9975c4d9e5__src_demo_DemoTestLoanService.java,clean,,TP,test-label,114.278
driver-git,ctl,marginallyclever_makelangelo__bfbac0b14d,marginallyclever_makelangelo__bfbac0b14d__src_main_java_com_marginallyclever_makelangelo_Makelangelo.java,clean,,TP,test-label,106.57
driver-git,ctl,marloncarvalho_aliendroid-activerecord__f03a2f645f,marloncarvalho_aliendroid-activerecord__f03a2f645f__src_main_java_org_alienlabs_aliendroid_activerecord_Model.java,clean,,TP,test-label,91.73
driver-git,ctl,maven-nar_nar-maven-plugin__00d2e833de,maven-nar_nar-maven-plugin__00d2e833de__src_main_java_com_github_maven_nar_AbstractNarMojo.java,clean,,TP,test-label,89.77
driver-git,ctl,maven-nar_nar-maven-plugin__bd5a26aed9,maven-nar_nar-maven-plugin__bd5a26aed9__src_main_java_com_github_maven_nar_AbstractNarMojo.java,clean,,TP,test-label,90.735
driver-git,ctl,maven-nar_nar-maven-plugin__bd5a26aed9,maven-nar_nar-maven-plugin__bd5a26aed9__src_main_java_com_github_maven_nar_Msvc.java,clean,,TP,test-label,98.162
driver-git,ctl,maxmind_geoip-api-java__3c90dc1bd7,maxmind_geoip-api-java__3c90dc1bd7__src_main_java_com_maxmind_geoip_LookupService.java,clean,,TP,test-label,100.406
driver-git,ctl,mbosecke_pebble__22c0075ed2,mbosecke_pebble__22c0075ed2__src_main_java_com_mitchellbosecke_pebble_template_EvaluationContext.java,clean,,TP,test-label,86.951
driver-git,ctl,medcl_elasticsearch-analysis-ik__8c50edf0e0,medcl_elasticsearch-analysis-ik__8c50edf0e0__src_main_java_org_wltea_analyzer_help_Sleep.java,clean,,TP,test-label,85.945
driver-git,ctl,medcl_elasticsearch-analysis-pinyin__acdd6eff2a,medcl_elasticsearch-analysis-pinyin__acdd6eff2a__src_main_java_org_elasticsearch_index_analysis_PinyinTokenFilter.java,clean,,TP,test-label,94.033
driver-git,ctl,medcl_elasticsearch-analysis-pinyin__acdd6eff2a,medcl_elasticsearch-analysis-pinyin__acdd6eff2a__src_main_java_org_elasticsearch_index_analysis_PinyinTokenizer.java,clean,,TP,test-label,94.451
driver-git,ctl,mercadopago_sdk-java__540cfa9763,mercadopago_sdk-java__540cfa9763__src_test_java_com_mercadopago_BaseClientIT.java,conflict,textual,TN,dev-match,83.243
driver-git,ctl,mercadopago_sdk-java__540cfa9763,mercadopago_sdk-java__540cfa9763__src_test_java_com_mercadopago_client_cardtoken_CardTokenClientIT.java,clean,,TP,test-label,88.704
driver-git,ctl,mlaccetti_javapns__21e9ae8885,mlaccetti_javapns__21e9ae8885__src_main_java_javapns_notification_transmission_NotificationThreads.java,clean,,TP,test-label,93.162
driver-git,ctl,mmazi_rescu__efdd938e7a,mmazi_rescu__efdd938e7a__src_test_java_si_mazi_rescu_RestInvocationHandlerTest.java,clean,,TP,test-label,97.627
driver-git,ctl,mongobee_mongobee__abf507930c,mongobee_mongobee__abf507930c__src_main_java_com_github_mongobee_Mongobee.java,conflict,textual,TN,dev-match,87.287
driver-git,ctl,mongobee_mongobee__abf507930c,mongobee_mongobee__abf507930c__src_main_java_com_github_mongobee_dao_ChangeEntryDao.java,conflict,textual,TN,dev-match,86.262
driver-git,ctl,mongobee_mongobee__ac5bd40a5a,mongobee_mongobee__ac5bd40a5a__src_main_java_com_github_mongobee_Mongobee.java,conflict,textual,TN,dev-match,87.932
driver-git,ctl,movsim_movsim__393a33e6d0,movsim_movsim__393a33e6d0__core_src_main_java_org_movsim_simulator_vehicles_Vehicle.java,clean,,TP,test-label,98.624
driver-git,ctl,mrcookieslime_slimefun-3.0__6a34470b47,mrcookieslime_slimefun-3.0__6a34470b47__src_main_java_io_github_thebusybiscuit_slimefun4_api_items_SlimefunItem.java,conflict,textual,TN,dev-match,91.602
driver-git,ctl,mtedone_podam__1075ffea79,mtedone_podam__1075ffea79__src_main_java_uk_co_jemos_podam_api_PodamFactoryImpl.java,conflict,semantic,TN,dev-match,116.81
driver-git,ctl,mtedone_podam__1075ffea79,mtedone_podam__1075ffea79__src_test_java_uk_co_jemos_podam_test_unit_pdm3_Pdm3PojoUnitTest.java,clean,,TP,test-label,89.531
driver-git,ctl,mycila_license-maven-plugin__b28809b593,mycila_license-maven-plugin__b28809b593__license-maven-plugin_src_main_java_com_mycila_maven_plugin_license_header_HeaderParser.java,clean,,TP,test-label,89.645
driver-git,ctl,mycila_license-maven-plugin__b28809b593,mycila_license-maven-plugin__b28809b593__license-maven-plugin_src_test_java_com_mycila_maven_plugin_license_UpdateMojoTest.java,conflict,textual,TN,dev-match,88.567
driver-git,ctl,mycila_license-maven-plugin__d3bf529757,mycila_license-maven-plugin__d3bf529757__license-maven-plugin-git_src_main_java_com_mycila_maven_plugin_license_git_GitLookup.java,clean,,TP,test-label,90.769
driver-git,ctl,named-data_jndn__320742aa20,named-data_jndn__320742aa20__src_net_named_data_jndn_Data.java,clean,,TP,test-label,90.285
driver-git,ctl,named-data_jndn__320742aa20,named-data_jndn__320742aa20__src_net_named_data_jndn_Node.java,clean,,TP,test-label,102.861
driver-git,ctl,nysenate_openlegislation__8645aab4d6,nysenate_openlegislation__8645aab4d6__src_main_java_gov_nysenate_openleg_controller_api_bill_BillGetCtrl.java,clean,,TP,test-label,91.649
driver-git,ctl,omnifaces_omnifaces__2e8d3a4ee3,omnifaces_omnifaces__2e8d3a4ee3__src_main_java_org_omnifaces_util_Components.java,clean,,TP,test-label,95.877
driver-git,ctl,openhft_chronicle-bytes__dc67904a63,openhft_chronicle-bytes__dc67904a63__src_main_java_net_openhft_chronicle_bytes_Bytes.java,clean,,TP,test-label,95.852
driver-git,ctl,openhft_chronicle-bytes__dc67904a63,openhft_chronicle-bytes__dc67904a63__src_test_java_net_openhft_chronicle_bytes_BytesJavaDocComplianceTest.java,conflict,textual,TN,dev-match,91.503
driver-git,ctl,openhft_chronicle-threads__8b940638d7,openhft_chronicle-threads__8b940638d7__src_main_java_net_openhft_chronicle_threads_MonitorEventLoop.java,clean,,TP,test-label,88.023
driver-git,ctl,openpnp_openpnp__17a7443913,openpnp_openpnp__17a7443913__src_main_java_org_openpnp_gui_importer_EagleBoardImporter.java,conflict,textual,TN,dev-match,102.206
driver-git,ctl,openpnp_openpnp__99835c7c58,openpnp_openpnp__99835c7c58__src_main_java_org_openpnp_gui_JobPanel.java,clean,,TP,test-label,163.528
driver-git,ctl,openpnp_openpnp__99835c7c58,openpnp_openpnp__99835c7c58__src_main_java_org_openpnp_gui_support_Icons.java,clean,,TP,test-label,86.839
driver-git,ctl,openpnp_openpnp__e8a35b8e6f,openpnp_openpnp__e8a35b8e6f__src_main_java_org_openpnp_gui_importer_EagleBoardImporter.java,clean,,TP,test-label,112.44
driver-git,ctl,openskynetwork_java-adsb__14f216cddf,openskynetwork_java-adsb__14f216cddf__src_main_java_org_opensky_libadsb_Decoder.java,clean,,TP,test-label,86.556
driver-git,ctl,outbrain_ob1k__8b2c257efe,outbrain_ob1k__8b2c257efe__ob1k-example_src_main_java_com_outbrain_ob1k_example_hello_server_HelloServer.java,conflict,textual,TN,dev-match,86.492
driver-git,ctl,pandcorps_pandam__e736609b61,pandcorps_pandam__e736609b61__game-furguardians_src_main_java_org_pandcorps_furguardians_FurGuardiansGame.java,clean,,TP,test-label,144.941
driver-git,ctl,poetix_protonpack__2ce321af89,poetix_protonpack__2ce321af89__src_main_java_com_codepoetics_protonpack_StreamUtils.java,clean,,TP,test-label,92.766
driver-git,ctl,progether_jadventure__d4407d1e77,progether_jadventure__d4407d1e77__src_main_java_com_jadventure_game_repository_ItemRepository.java,clean,,TP,test-label,90.712
driver-git,ctl,progether_jadventure__d62cfd35b9,progether_jadventure__d62cfd35b9__src_main_java_com_jadventure_game_menus_BattleMenu.java,clean,,TP,test-label,93.949
driver-git,ctl,reckart_shib-http-client__536fe936a3,reckart_shib-http-client__536fe936a3__src_main_java_de_tudarmstadt_ukp_shibhttpclient_ShibHttpClient.java,clean,,TP,test-label,96.811
driver-git,ctl,reckart_shib-http-client__8f3bd71757,reckart_shib-http-client__8f3bd71757__src_main_java_de_tudarmstadt_ukp_shibhttpclient_ShibHttpClient.java,clean,,TP,test-label,96.825
driver-git,ctl,recommenders_rival__aa1752831e,recommenders_rival__aa1752831e__rival-examples_src_main_java_net_recommenders_rival_examples_movielens100k_CrossValidatedMahoutKNNRecommenderEvaluator.java,clean,,TP,test-label,92.184
driver-git,ctl,recommenders_rival__aa1752831e,recommenders_rival__aa1752831e__rival-examples_src_main_java_net_recommenders_rival_examples_movielens100k_TemporalSplitMahoutKNNRecommenderEvaluator.java,clean,,TP,test-label,92.079
driver-git,ctl,relayrides_pushy__43129f9c9a,relayrides_pushy__43129f9c9a__src_main_java_com_relayrides_pushy_apns_PushManager.java,clean,,TP,test-label,90.285
driver-git,ctl,relayrides_pushy__9446136376,relayrides_pushy__9446136376__src_main_java_com_relayrides_pushy_apns_ApnsClientThread.java,clean,,TP,test-label,103.587
driver-git,ctl,renepickhardt_generalized-language-modeling-toolkit__f8105ddc44,renepickhardt_generalized-language-modeling-toolkit__f8105ddc44__src_de_typology_utils_Config.java,clean,,TP,test-label,91.124
driver-git,ctl,richardwarburton_lambda-behave__8695b13525,richardwarburton_lambda-behave__8695b13525__lambda-behave_src_main_java_com_insightfullogic_lambdabehave_BehaveRunner.java,clean,,TP,dev-match,88.191
driver-git,ctl,sachin-handiekar_jinstagram__210897a17d,sachin-handiekar_jinstagram__210897a17d__src_main_java_org_jinstagram_realtime_Constants.java,clean,,TP,test-label,85.352
driver-git,ctl,sachin-handiekar_jinstagram__210897a17d,sachin-handiekar_jinstagram__210897a17d__src_main_java_org_jinstagram_realtime_InstagramSubscription.java,clean,,TP,test-label,90.668
driver-git,ctl,sander2798_enderstone__4cf9ea9f17,sander2798_enderstone__4cf9ea9f17__src_org_enderstone_server_Main.java,clean,,TP,test-label,91.551
driver-git,ctl,sander2798_enderstone__4cf9ea9f17,sander2798_enderstone__4cf9ea9f17__src_org_enderstone_server_packet_NetworkManager.java,clean,,TP,test-label,91.636
driver-git,ctl,sander2798_enderstone__ba66c3e8b2,sander2798_enderstone__ba66c3e8b2__src_org_enderstone_server_Location.java,clean,,TP,test-label,88.574
driver-git,ctl,sander2798_enderstone__bd46a612d1,sander2798_enderstone__bd46a612d1__src_org_enderstone_server_Main.java,clean,,TP,test-label,97.393
driver-git,ctl,sandergielisse_enderstone__272bbb1c0f,sandergielisse_enderstone__272bbb1c0f__src_org_enderstone_server_inventory_CraftingInventory.java,clean,,TP,test-label,86.827
driver-git,ctl,sandergielisse_enderstone__272bbb1c0f,sandergielisse_enderstone__272bbb1c0f__src_org_enderstone_server_inventory_PlayerInventory.java,clean,,TP,test-label,88.32
driver-git,ctl,sandergielisse_enderstone__8e17a2983e,sandergielisse_enderstone__8e17a2983e__src_org_enderstone_server_packet_NetworkManager.java,clean,,TP,test-label,94.85
driver-git,ctl,sandergielisse_enderstone__bae18e3ef8,sandergielisse_enderstone__bae18e3ef8__src_org_enderstone_server_entity_EnderEntity.java,clean,,TP,test-label,93.031
driver-git,ctl,sandergielisse_enderstone__bae18e3ef8,sandergielisse_enderstone__bae18e3ef8__src_org_enderstone_server_entity_EntityMob.java,clean,,TP,test-label,92.299
driver-git,ctl,sd4324530_fastweixin__53b5138ff7,sd4324530_fastweixin__53b5138ff7__src_main_java_com_github_sd4324530_fastweixin_servlet_WeixinSupport.java,clean,,TP,test-label,97.038
driver-git,ctl,sebfz1_wicket-jquery-ui__0f6ed11d6f,sebfz1_wicket-jquery-ui__0f6ed11d6f__wicket-kendo-ui_src_main_java_com_googlecode_wicket_kendo_ui_widget_treeview_AjaxTreeView.java,clean,,TP,test-label,90.586
driver-git,ctl,semanticvectors_semanticvectors__4dbe868ff9,semanticvectors_semanticvectors__4dbe868ff9__src_main_java_pitt_search_semanticvectors_LuceneUtils.java,clean,,TP,test-label,93.649
driver-git,ctl,socialsensor_graphdb-benchmarks__87e995db56,socialsensor_graphdb-benchmarks__87e995db56__src_main_java_eu_socialsensor_graphdatabases_Neo4jGraphDatabase.java,clean,,TP,test-label,95.76
driver-git,ctl,socialsensor_graphdb-benchmarks__87e995db56,socialsensor_graphdb-benchmarks__87e995db56__src_main_java_eu_socialsensor_graphdatabases_TitanGraphDatabase.java,clean,,TP,test-label,99.0
driver-git,ctl,square_javapoet__c0f4a89bc0,square_javapoet__c0f4a89bc0__src_main_java_com_squareup_javawriter_JavaWriter.java,clean,,TP,test-label,100.208
driver-git,ctl,square_javapoet__c0f4a89bc0,square_javapoet__c0f4a89bc0__src_test_java_com_squareup_javawriter_JavaWriterTest.java,clean,,TP,test-label,96.879
driver-git,ctl,srt_asterisk-java__99ba7cc5bd,srt_asterisk-java__99ba7cc5bd__src_main_java_org_asteriskjava_live_internal_AsteriskServerImpl.java,conflict,textual,TN,dev-match,99.827
driver-git,ctl,steveice10_mcprotocollib__ba0c6af56c,steveice10_mcprotocollib__ba0c6af56c__src_main_java_com_github_steveice10_mc_protocol_MinecraftConstants.java,conflict,textual,TN,dev-match,83.824
driver-git,ctl,structr_structr__b0df448496,structr_structr__b0df448496__structr-core_src_main_java_org_structr_common_SecurityContext.java,clean,,TP,test-label,97.479
driver-git,ctl,swagger-api_swagger-parser__2316e42a34,swagger-api_swagger-parser__2316e42a34__modules_swagger-parser_src_test_java_io_swagger_parser_OpenAPIParserTest.java,clean,,TP,test-label,96.752
driver-git,ctl,synbiodex_libsbolj__0ceaff01a9,synbiodex_libsbolj__0ceaff01a9__core2_src_main_java_org_sbolstandard_core2_SBOLDocument.java,clean,,TP,test-label,120.885
driver-git,ctl,syncleus_ferma__dc1fdab4a2,syncleus_ferma__dc1fdab4a2__totorom-tinkerpop2_src_main_java_org_jglue_totorom_FramedGraph.java,clean,,TP,test-label,89.423
driver-git,ctl,t-oster_liblasercut__f64046a00a,t-oster_liblasercut__f64046a00a__src_main_java_de_thomas_oster_liblasercut_drivers_GenericGcodeDriver.java,clean,,TP,test-label,102.69
driver-git,ctl,tabulapdf_tabula-java__c603b0f4aa,tabulapdf_tabula-java__c603b0f4aa__src_main_java_technology_tabula_ObjectExtractorStreamEngine.java,clean,,TP,test-label,93.483
driver-git,ctl,techblue_alfresco-restclient__8e71d5b8d7,techblue_alfresco-restclient__8e71d5b8d7__src_test_java_uk_co_techblue_alfresco_client_test_AlfrescoServiceTest.java,clean,,TP,test-label,91.167
driver-git,ctl,teknux-org_jetty-bootstrap__993299fa8b,teknux-org_jetty-bootstrap__993299fa8b__src_main_java_org_genux_jettybootstrap_JettyBootstrap.java,clean,,TP,test-label,93.423
driver-git,ctl,teknux-org_jetty-bootstrap__993299fa8b,teknux-org_jetty-bootstrap__993299fa8b__src_main_java_org_genux_jettybootstrap_configuration_JettyConfiguration.java,clean,,TP,test-label,89.495
driver-git,ctl,threeten_threeten-extra__419518c223,threeten_threeten-extra__419518c223__src_main_java_org_threeten_extra_chrono_Symmetry010Date.java,clean,,TP,test-label,96.265
driver-git,ctl,threeten_threeten-extra__419518c223,threeten_threeten-extra__419518c223__src_test_java_org_threeten_extra_chrono_TestSymmetry010Chronology.java,clean,,TP,test-label,102.891
driver-git,ctl,threeten_threeten-extra__f0bf686f17,threeten_threeten-extra__f0bf686f17__src_main_java_org_threeten_extra_scale_UtcInstant.java,clean,,TP,test-label,90.878
driver-git,ctl,titokone_titokone__b4ac484b6a,titokone_titokone__b4ac484b6a__src_main_java_fi_helsinki_cs_titokone_Compiler.java,clean,,TP,test-label,105.096
driver-git,ctl,tkelley-eg_collectd-fast-jmx__558343d132,tkelley-eg_collectd-fast-jmx__558343d132__src_main_java_org_collectd_AttributePermutation.java,clean,,TP,test-label,95.815
driver-git,ctl,tupilabs_tap4j__99628e2c44,tupilabs_tap4j__99628e2c44__tap4j-ext_src_main_java_org_tap4j_ext_junit_listener_TapListener.java,clean,,TP,test-label,92.75
driver-git,ctl,uklimaschewski_evalex__15aa26eab7,uklimaschewski_evalex__15aa26eab7__src_com_udojava_evalex_Expression.java,clean,,TP,test-label,104.455
driver-git,ctl,unitsofmeasurement_uom-se__c2ae9d4caa,unitsofmeasurement_uom-se__c2ae9d4caa__src_main_java_tec_uom_se_AbstractUnit.java,clean,,TP,test-label,91.417
driver-git,ctl,unitsofmeasurement_uom-se__c2ae9d4caa,unitsofmeasurement_uom-se__c2ae9d4caa__src_main_java_tec_uom_se_format_SimpleUnitFormat.java,clean,,TP,test-label,99.005
driver-git,ctl,uwolfer_gerrit-rest-java-client__35856ab8bd,uwolfer_gerrit-rest-java-client__35856ab8bd__src_test_java_com_urswolfer_gerrit_client_rest_http_GerritRestClientTest.java,clean,,TP,test-label,94.42
driver-git,ctl,verhas_djcproxy__db3b9bf795,verhas_djcproxy__db3b9bf795__src_main_java_com_javax0_djcproxy_ProxySourceFactory.java,clean,,TP,test-label,94.458
driver-git,ctl,vojtechhabarta_typescript-generator__05aea6d7c1,vojtechhabarta_typescript-generator__05aea6d7c1__typescript-generator-core_src_main_java_cz_habarta_typescript_generator_ext_BeanPropertyPathExtension.java,clean,,TP,test-label,90.226
driver-git,ctl,wokier_teh__4291bbd98f,wokier_teh__4291bbd98f__src_test_java_teh_perf_PerfTest.java,clean,,TP,dev-match,88.65
driver-git,ctl,wvengen_proguard-maven-plugin__1cc9601e1f,wvengen_proguard-maven-plugin__1cc9601e1f__src_main_java_com_github_wvengen_maven_proguard_ProGuardMojo.java,clean,,TP,test-label,101.4
driver-git,ctl,xebia_xebium__817270a3db,xebia_xebium__817270a3db__src_main_java_com_xebia_incubator_xebium_SeleniumDriverFixture.java,conflict,textual,TN,dev-match,88.773
driver-git,ctl,yubico_ykneo-openpgp__2766bd7444,yubico_ykneo-openpgp__2766bd7444__applet_src_openpgpcard_OpenPGPApplet.java,clean,,TP,test-label,103.035
driver-git,ctl,yubico_ykneo-openpgp__2766bd7444,yubico_ykneo-openpgp__2766bd7444__test_test_openpgpcardTest_OpenPGPAppletTest.java,clean,,TP,test-label,94.983
driver-git,ctl,yubico_ykneo-openpgp__b145a6bdbc,yubico_ykneo-openpgp__b145a6bdbc__applet_src_openpgpcard_OpenPGPApplet.java,conflict,textual,FN,dev-match,94.778
driver-git,ctl,yubico_ykneo-openpgp__b145a6bdbc,yubico_ykneo-openpgp__b145a6bdbc__applet_src_openpgpcard_PGPKey.java,clean,,TP,test-label,88.946
driver-mergiraf,pos,ahome-it_lienzo-core__bf4b253816,ahome-it_lienzo-core__bf4b253816__src_main_java_com_ait_lienzo_client_core_shape_wires_WiresShape.java,conflict,semantic,TN,dev-match,0.0
driver-mergiraf,pos,alesaudate_kickstart-springjerseyhibernate__feb36bfc8e,alesaudate_kickstart-springjerseyhibernate__feb36bfc8e__src_main_java_com_alesaudate_samples_springjersey_example_People.java,conflict,textual,TN,dev-match,0.0
driver-mergiraf,pos,apache_commons-lang__53184369d0,apache_commons-lang__53184369d0__src_main_java_org_apache_commons_lang3_builder_ReflectionToStringBuilder.java,clean,,FP,test-label,0.0
driver-mergiraf,pos,apache_olingo-odata4__820b462f49,apache_olingo-odata4__820b462f49__lib_client-core_src_main_java_org_apache_olingo_client_core_serialization_JsonSerializer.java,clean,,FP,test-label,0.0
driver-mergiraf,pos,apache_olingo-odata4__cf731c2cb8,apache_olingo-odata4__cf731c2cb8__lib_client-core_src_main_java_org_apache_olingo_client_core_serialization_JsonSerializer.java,clean,,FP,test-label,0.0
driver-mergiraf,pos,apache_olingo-odata4__cf731c2cb8,apache_olingo-odata4__cf731c2cb8__lib_client-core_src_test_java_org_apache_olingo_client_core_JSONTest.java,clean,,FP,test-label,0.0
driver-mergiraf,pos,apache_shiro__13806fc623,apache_shiro__13806fc623__web_src_test_java_org_apache_shiro_web_mgt_CookieRememberMeManagerTest.java,clean,,FP,test-label,0.0
driver-mergiraf,pos,atam4j_atam4j__71fcecb071,atam4j_atam4j__71fcecb071__acceptance-tests_src_test_java_me_atam_atam4jsampleapp_PassingTestAcceptanceTest.java,clean,,FP,test-label,0.0
driver-mergiraf,pos,atam4j_atam4j__71fcecb071,atam4j_atam4j__71fcecb071__acceptance-tests_src_test_java_me_atam_atam4jsampleapp_testsupport_AcceptanceTest.java,conflict,semantic,TN,dev-match,0.0
driver-mergiraf,pos,azuread_azure-activedirectory-library-for-java__d3f143872b,azuread_azure-activedirectory-library-for-java__d3f143872b__src_test_java_com_microsoft_aad_adal4j_AuthenticationContextTest.java,clean,,FP,test-label,0.0
driver-mergiraf,pos,bedatadriven_jackson-datatype-jts__1416f1af06,bedatadriven_jackson-datatype-jts__1416f1af06__src_main_java_com_bedatadriven_jackson_datatype_jts_GeometryDeserializer.java,conflict,textual,TN,dev-match,0.0
driver-mergiraf,pos,bguerout_jongo__3aaaf0e4c7,bguerout_jongo__3aaaf0e4c7__src_main_java_org_jongo_Jongo.java,clean,,FP,test-label,0.0
driver-mergiraf,pos,blockchain_api-v1-client-java__abdf54e6ab,blockchain_api-v1-client-java__abdf54e6ab__src_main_java_info_blockchain_api_HttpClient.java,clean,,FP,test-label,0.0
driver-mergiraf,pos,blockchain_api-v1-client-java__e349598f95,blockchain_api-v1-client-java__e349598f95__src_main_java_info_blockchain_api_HttpClient.java,clean,,FP,test-label,0.0
driver-mergiraf,pos,buddycloud_buddycloud-server-java__33ec3ec7cd,buddycloud_buddycloud-server-java__33ec3ec7cd__src_main_java_org_buddycloud_channelserver_packetprocessor_iq_namespace_pubsub_set_UnsubscribeSet.java,clean,,FP,test-label,0.0
driver-mergiraf,pos,buddycloud_buddycloud-server-java__33ec3ec7cd,buddycloud_buddycloud-server-java__33ec3ec7cd__src_test_java_org_buddycloud_channelserver_packetprocessor_iq_namespace_pubsub_set_UnsubscribeSetTest.java,clean,,FP,test-label,0.0
driver-mergiraf,pos,buddycloud_buddycloud-server-java__43c8b054e9,buddycloud_buddycloud-server-java__43c8b054e9__src_main_java_org_buddycloud_channelserver_packetprocessor_iq_namespace_pubsub_set_NodeDelete.java,clean,,FP,test-label,0.0
driver-mergiraf,pos,buddycloud_buddycloud-server-java__43c8b054e9,buddycloud_buddycloud-server-java__43c8b054e9__src_test_java_org_buddycloud_channelserver_packetprocessor_iq_namespace_pubsub_get_SubscriptionsGetTest.java,clean,,FP,test-label,0.0
driver-mergiraf,pos,buddycloud_buddycloud-server-java__48e4675ee2,buddycloud_buddycloud-server-java__48e4675ee2__src_main_java_org_buddycloud_channelserver_packetprocessor_iq_namespace_pubsub_get_RepliesGet.java,clean,,FP,test-label,0.0
driver-mergiraf,pos,buddycloud_buddycloud-server-java__48e4675ee2,buddycloud_buddycloud-server-java__48e4675ee2__src_test_java_org_buddycloud_channelserver_packetprocessor_iq_namespace_pubsub_get_RepliesGetTest.java,clean,,FP,test-label,0.0
driver-mergiraf,pos,buschmais_extended-objects__46ec306cf6,buschmais_extended-objects__46ec306cf6__neo4j_remote_src_main_java_com_buschmais_xo_neo4j_remote_impl_datastore_RemoteDatastoreEntityManager.java,clean,,FP,test-label,0.0
driver-mergiraf,pos,camsys_onebusaway-application-modules__915e2f3ffe,camsys_onebusaway-application-modules__915e2f3ffe__onebusaway-transit-data-federation_src_main_java_org_onebusaway_transit_data_federation_impl_beans_StopWithArrivalsAndDeparturesBeanServiceImpl.java,clean,,FP,test-label,0.0
driver-mergiraf,pos,camsys_onebusaway-application-modules__e779e9fce1,camsys_onebusaway-application-modules__e779e9fce1__onebusaway-transit-data_src_main_java_org_onebusaway_transit_data_model_ArrivalsAndDeparturesQueryBean.java,clean,,FP,test-label,0.0
driver-mergiraf,pos,clojure_clojure__77342d2e35,clojure_clojure__77342d2e35__src_jvm_clojure_lang_Compiler.java,clean,,FP,test-label,0.0
driver-mergiraf,pos,cloudfoundry_cf-java-client__80d0a0dff9,cloudfoundry_cf-java-client__80d0a0dff9__cloudfoundry-operations_src_main_java_org_cloudfoundry_operations_serviceadmin_DefaultServiceAdmin.java,clean,,FP,test-label,0.0
driver-mergiraf,pos,cloudfoundry_cf-java-client__933add90ad,cloudfoundry_cf-java-client__933add90ad__cloudfoundry-operations_src_main_java_org_cloudfoundry_operations_useradmin_DefaultUserAdmin.java,clean,,FP,test-label,0.0
driver-mergiraf,pos,cloudfoundry_cf-java-client__9f6b79e294,cloudfoundry_cf-java-client__9f6b79e294__cloudfoundry-operations_src_main_java_org_cloudfoundry_operations_applications_DefaultApplications.java,clean,,FP,test-label,0.0
driver-mergiraf,pos,cloudfoundry_cf-java-client__a69078adc8,cloudfoundry_cf-java-client__a69078adc8__cloudfoundry-operations_src_main_java_org_cloudfoundry_operations__DefaultCloudFoundryOperations.java,clean,,FP,test-label,0.0
driver-mergiraf,pos,cloudfoundry_cf-java-client__a69078adc8,cloudfoundry_cf-java-client__a69078adc8__integration-test_src_test_java_org_cloudfoundry_IntegrationTestConfiguration.java,clean,,FP,test-label,0.0
driver-mergiraf,pos,cloudfoundry_cf-java-client__a9d35d542d,cloudfoundry_cf-java-client__a9d35d542d__cloudfoundry-operations_src_main_java_org_cloudfoundry_operations_routes_DefaultRoutes.java,clean,,FP,test-label,0.0
driver-mergiraf,pos,cloudfoundry_cf-java-client__a9d35d542d,cloudfoundry_cf-java-client__a9d35d542d__integration-test_src_test_java_org_cloudfoundry_operations_RoutesTest.java,clean,,FP,test-label,0.0
driver-mergiraf,pos,cloudfoundry_cf-java-client__b0add1ef2a,cloudfoundry_cf-java-client__b0add1ef2a__cloudfoundry-operations_src_main_java_org_cloudfoundry_operations_services_DefaultServices.java,clean,,FP,test-label,0.0
driver-mergiraf,pos,cloudfoundry_cf-java-client__be097d5860,cloudfoundry_cf-java-client__be097d5860__cloudfoundry-client-reactor_src_main_java_org_cloudfoundry_reactor__DefaultConnectionContext.java,clean,,FP,test-label,0.0
driver-mergiraf,pos,cloudfoundry_cf-java-client__be097d5860,cloudfoundry_cf-java-client__be097d5860__cloudfoundry-client-reactor_src_main_java_org_cloudfoundry_reactor_util_DefaultSslCertificateTruster.java,clean,,FP,test-label,0.0
driver-mergiraf,pos,cloudfoundry_cf-java-client__eb3b2f5beb,cloudfoundry_cf-java-client__eb3b2f5beb__cloudfoundry-operations_src_main_java_org_cloudfoundry_operations__DefaultCloudFoundryOperations.java,clean,,FP,test-label,0.0
driver-mergiraf,pos,cloudslang_score__66ba4f51e3,cloudslang_score__66ba4f51e3__score-api_src_main_java_io_cloudslang_score_lang_ExecutionRuntimeServices.java,conflict,textual,TN,dev-match,0.0
driver-mergiraf,pos,comatoes_ftl-profile-editor__e87fe65818,comatoes_ftl-profile-editor__e87fe65818__src_main_java_net_blerf_ftl_parser_SavedGameParser.java,conflict,semantic,TN,dev-match,0.0
driver-mergiraf,pos,cribbstechnologies_java-mandrill-wrapper__0cf79745f1,cribbstechnologies_java-mandrill-wrapper__0cf79745f1__src_main_java_com_cribbstechnologies_clients_mandrill_model_MandrillMessage.java,conflict,textual,TN,dev-match,0.0
driver-mergiraf,pos,cribbstechnologies_java-mandrill-wrapper__0cf79745f1,cribbstechnologies_java-mandrill-wrapper__0cf79745f1__src_test_java_com_cribbstechnologies_clients_mandrill_request_MandrillRESTRequestTest.java,conflict,textual,TN,dev-match,0.0
driver-mergiraf,pos,cternes_openkeepass__bb53512ab2,cternes_openkeepass__bb53512ab2__src_main_java_de_slackspace_openkeepass_KeePassDatabase.java,clean,,FP,test-label,0.0
driver-mergiraf,pos,cternes_openkeepass__bb53512ab2,cternes_openkeepass__bb53512ab2__src_test_java_de_slackspace_openkeepass_reader_KeepassDatabaseReaderTest.java,clean,,FP,test-label,0.0
driver-mergiraf,pos,dabsquared_gitlab-plugin__d555b8773d,dabsquared_gitlab-plugin__d555b8773d__src_main_java_com_dabsquared_gitlabjenkins_connection_GitLabConnectionConfig.java,clean,,FP,test-label,0.0
driver-mergiraf,pos,datastax_java-driver__0dd96ea21f,datastax_java-driver__0dd96ea21f__driver-core_src_main_java_com_datastax_driver_core_TableMetadata.java,conflict,textual,TN,dev-match,0.0
driver-mergiraf,pos,datastax_java-driver__1f25c7e3a0,datastax_java-driver__1f25c7e3a0__driver-core_src_main_java_com_datastax_driver_core_Cluster.java,clean,,FP,test-label,0.0
driver-mergiraf,pos,datastax_java-driver__1f25c7e3a0,datastax_java-driver__1f25c7e3a0__driver-core_src_main_java_com_datastax_driver_core_TypeCodec.java,conflict,textual,TN,dev-match,0.0
driver-mergiraf,pos,datastax_java-driver__3eb34e6785,datastax_java-driver__3eb34e6785__driver-core_src_main_java_com_datastax_driver_core_TableMetadata.java,conflict,textual,TN,dev-match,0.0
driver-mergiraf,pos,datastax_java-driver__725b790a79,datastax_java-driver__725b790a79__driver-core_src_main_java_com_datastax_driver_core_Cluster.java,conflict,textual,TN,dev-match,0.0
driver-mergiraf,pos,datastax_java-driver__7ff4958746,datastax_java-driver__7ff4958746__driver-core_src_main_java_com_datastax_driver_core_Cluster.java,clean,,FP,test-label,0.0
driver-mergiraf,pos,datastax_java-driver__7ff4958746,datastax_java-driver__7ff4958746__driver-core_src_main_java_com_datastax_driver_core_ControlConnection.java,clean,,FP,test-label,0.0
driver-mergiraf,pos,datastax_java-driver__e1535e89ad,datastax_java-driver__e1535e89ad__driver-core_src_main_java_com_datastax_driver_core_HostConnectionPool.java,conflict,semantic,TN,dev-match,0.0
driver-mergiraf,pos,deemopen_zkui__2843e7c28f,deemopen_zkui__2843e7c28f__src_main_java_com_deem_zkui_controller_Import.java,clean,,FP,test-label,0.0
driver-mergiraf,pos,deemopen_zkui__2843e7c28f,deemopen_zkui__2843e7c28f__src_main_java_com_deem_zkui_vo_LeafBean.java,clean,,FP,test-label,0.0
driver-mergiraf,pos,digidotcom_xbeejavalibrary__6279f85f74,digidotcom_xbeejavalibrary__6279f85f74__src_com_digi_xbee_api_XBeeDevice.java,conflict,textual,TN,dev-match,0.0
driver-mergiraf,pos,dius_java-faker__4c61966b1c,dius_java-faker__4c61966b1c__src_main_java_com_github_javafaker_Faker.java,clean,,FP,test-label,0.0
driver-mergiraf,pos,dtrules_dtrules__505c5cbf82,dtrules_dtrules__505c5cbf82__compilerutil_src_main_java_com_dtrules_trace_Trace.java,clean,,FP,test-label,0.0
driver-mergiraf,pos,elisarver_selophane__4ecc600017,elisarver_selophane__4ecc600017__src_test_java_org_selophane_elements_FormTest.java,clean,,FP,test-label,0.0
driver-mergiraf,pos,elisarver_selophane__4ecc600017,elisarver_selophane__4ecc600017__src_test_java_org_selophane_elements_helpers_FormTestObject.java,clean,,FP,test-label,0.0
driver-mergiraf,pos,erudika_para__a9e67cc8b3,erudika_para__a9e67cc8b3__para-server_src_main_java_com_erudika_para_aop_IndexAndCacheAspect.java,conflict,semantic,TN,dev-match,0.0
driver-mergiraf,pos,fasterxml_jackson-core__2572819ed9,fasterxml_jackson-core__2572819ed9__src_test_java_com_fasterxml_jackson_core_sym_TestSymbolTables.java,clean,,FP,test-label,0.0
driver-mergiraf,pos,fasterxml_jackson-datatype-joda__4e6c266339,fasterxml_jackson-datatype-joda__4e6c266339__src_test_java_com_fasterxml_jackson_datatype_joda_JodaSerializationTest.java,clean,,FP,test-label,0.0
driver-mergiraf,pos,feroult_yawp__141f79a8e9,feroult_yawp__141f79a8e9__src_main_java_endpoint_repository_IdRef.java,clean,,FP,test-label,0.0
driver-mergiraf,pos,feroult_yawp__1723236a65,feroult_yawp__1723236a65__src_main_java_endpoint_actions_RepositoryActions.java,clean,,FP,test-label,0.0
driver-mergiraf,pos,frankbille_scoreboard__890ecd0bdb,frankbille_scoreboard__890ecd0bdb__src_main_java_dk_frankbille_scoreboard_domain_Player.java,clean,,FP,test-label,0.0
driver-mergiraf,pos,garbagemule_mobarena__b34dc0d5ac,garbagemule_mobarena__b34dc0d5ac__src_main_java_com_garbagemule_MobArena_MASpawnThread.java,clean,,FP,test-label,0.0
driver-mergiraf,pos,google_compile-testing__608e1cb92a,google_compile-testing__608e1cb92a__src_test_java_com_google_testing_compile_JavaSourcesSubjectFactoryTest.java,clean,,FP,test-label,0.0
driver-mergiraf,pos,google_truth__2e4a23bebb,google_truth__2e4a23bebb__core_src_main_java_org_truth0_subjects_StringSubject.java,clean,,FP,test-label,0.0
driver-mergiraf,pos,google_truth__2e4a23bebb,google_truth__2e4a23bebb__core_src_test_java_org_truth0_subjects_StringTest.java,clean,,FP,test-label,0.0
driver-mergiraf,pos,google_truth__9289ed34ae,google_truth__9289ed34ae__src_main_java_org_junit_contrib_truth_subjects_IterableSubject.java,clean,,FP,test-label,0.0
driver-mergiraf,pos,google_truth__9289ed34ae,google_truth__9289ed34ae__src_test_java_org_junit_contrib_truth_IterableTest.java,clean,,FP,test-label,0.0
driver-mergiraf,pos,greese_dasein-cloud-core__6c37152e5f,greese_dasein-cloud-core__6c37152e5f__src_main_java_org_dasein_cloud_network_LoadBalancerHealthCheck.java,clean,,FP,test-label,0.0
driver-mergiraf,pos,guhilling_cdi-test__f3f8094c67,guhilling_cdi-test__f3f8094c67__cdi-test-jpa_src_test_java_de_hilling_junit_cdi_jee_EntityManagerLifecycleTest.java,clean,,FP,test-label,0.0
driver-mergiraf,pos,gwtbootstrap3_gwtbootstrap3__5c0d1eab79,gwtbootstrap3_gwtbootstrap3__5c0d1eab79__gwtbootstrap3_src_main_java_org_gwtbootstrap3_client_ui_base_form_AbstractForm.java,clean,,FP,test-label,0.0
driver-mergiraf,pos,haraldwalker_user-agent-utils__eaaaa1488b,haraldwalker_user-agent-utils__eaaaa1488b__src_main_java_eu_bitwalker_useragentutils_Browser.java,clean,,FP,test-label,0.0
driver-mergiraf,pos,haraldwalker_user-agent-utils__eaaaa1488b,haraldwalker_user-agent-utils__eaaaa1488b__src_main_java_eu_bitwalker_useragentutils_OperatingSystem.java,clean,,FP,test-label,0.0
driver-mergiraf,pos,ignorance77_transformiceapi__9a65b8374f,ignorance77_transformiceapi__9a65b8374f__src_main_java_ee_ignorance_transformiceapi_processors_MouseDeathProcessor.java,clean,,FP,test-label,0.0
driver-mergiraf,pos,imixs_imixs-workflow__23b86de5b4,imixs_imixs-workflow__23b86de5b4__imixs-workflow-index-lucene_src_main_java_org_imixs_workflow_engine_lucene_LuceneIndexService.java,clean,,FP,test-label,0.0
driver-mergiraf,pos,imixs_imixs-workflow__23b86de5b4,imixs_imixs-workflow__23b86de5b4__imixs-workflow-index-lucene_src_main_java_org_imixs_workflow_engine_lucene_LuceneUpdateService.java,clean,,FP,test-label,0.0
driver-mergiraf,pos,iryndin_jdbf__9853124d73,iryndin_jdbf__9853124d73__src_main_java_net_iryndin_jdbf_util_DbfMetadataUtils.java,clean,,FP,test-label,0.0
driver-mergiraf,pos,j256_ormlite-core__2c159335d4,j256_ormlite-core__2c159335d4__src_main_java_com_j256_ormlite_stmt_mapped_MappedCreate.java,clean,,FP,test-label,0.0
driver-mergiraf,pos,j256_ormlite-core__606986f118,j256_ormlite-core__606986f118__src_main_java_com_j256_ormlite_field_FieldType.java,clean,,FP,test-label,0.0
driver-mergiraf,pos,jacquesberger_jsonparsingexample__ac521954c2,jacquesberger_jsonparsingexample__ac521954c2__src_main_java_org_jberger_jsonparsingexample_json_JSON.java,conflict,semantic,TN,dev-match,0.0
driver-mergiraf,pos,jadler-mocking_jadler__294a06c3fc,jadler-mocking_jadler__294a06c3fc__jadler-core_src_main_java_net_jadler_JadlerMocker.java,clean,,FP,test-label,0.0
driver-mergiraf,pos,javamoney_jsr354-api__6d2356a153,javamoney_jsr354-api__6d2356a153__money-api_provider_src_test_java_javax_money_provider_MonetaryTest.java,clean,,FP,test-label,0.0
driver-mergiraf,pos,javaparser_javaparser__41a398414f,javaparser_javaparser__41a398414f__javaparser-symbol-solver-core_src_main_java_com_github_javaparser_symbolsolver_javaparsermodel_JavaParserFacade.java,clean,,FP,test-label,0.0
driver-mergiraf,pos,javaparser_javaparser__41a398414f,javaparser_javaparser__41a398414f__javaparser-symbol-solver-core_src_main_java_com_github_javaparser_symbolsolver_javaparsermodel_TypeExtractor.java,clean,,FP,test-label,0.0
driver-mergiraf,pos,javaparser_javaparser__91ebf36c06,javaparser_javaparser__91ebf36c06__javaparser-symbol-solver-core_src_main_java_com_github_javaparser_symbolsolver_javassistmodel_JavassistClassDeclaration.java,clean,,FP,test-label,0.0
driver-mergiraf,pos,javaparser_javaparser__91ebf36c06,javaparser_javaparser__91ebf36c06__javaparser-symbol-solver-testing_src_test_java_com_github_javaparser_symbolsolver_resolution_AnalyseJavaSymbolSolver060Test.java,clean,,FP,test-label,0.0
driver-mergiraf,pos,javaparser_javaparser__a23c6aa3b8,javaparser_javaparser__a23c6aa3b8__javaparser-testing_src_test_java_com_github_javaparser_bdd_steps_DumpingSteps.java,clean,,FP,test-label,0.0
driver-mergiraf,pos,javaparser_javaparser__dc6254f1bf,javaparser_javaparser__dc6254f1bf__javaparser-symbol-solver-core_src_main_java_com_github_javaparser_symbolsolver_javaparsermodel_declarations_JavaParserSymbolDeclaration.java,clean,,FP,test-label,0.0
driver-mergiraf,pos,javaparser_javaparser__ff91564b7f,javaparser_javaparser__ff91564b7f__javaparser-core-testing_src_test_java_com_github_javaparser_modules_ModuleDeclarationTest.java,clean,,FP,test-label,0.0
driver-mergiraf,pos,jboss-msc_jboss-msc__1d9b8d45ff,jboss-msc_jboss-msc__1d9b8d45ff__src_main_java_org_jboss_msc_service_BatchInjectionBuilderImpl.java,clean,,FP,test-label,0.0
driver-mergiraf,pos,jboss-msc_jboss-msc__a4e21a3b10,jboss-msc_jboss-msc__a4e21a3b10__src_main_java_org_jboss_msc_service_ServiceContainerImpl.java,clean,,FP,test-label,0.0
driver-mergiraf,pos,jboss-remoting_jboss-remoting__66a0631d13,jboss-remoting_jboss-remoting__66a0631d13__src_main_java_org_jboss_remoting3_RemotingXmlParser.java,clean,,FP,test-label,0.0
driver-mergiraf,pos,jcabi_jcabi-github__27cc460e3c,jcabi_jcabi-github__27cc460e3c__src_main_java_com_jcabi_github_Gist.java,clean,,FP,test-label,0.0
driver-mergiraf,pos,jcabi_jcabi-github__27cc460e3c,jcabi_jcabi-github__27cc460e3c__src_test_java_com_jcabi_github_RtGistITCase.java,conflict,semantic,TN,dev-match,0.0
driver-mergiraf,pos,jcabi_jcabi-github__b13d2596ba,jcabi_jcabi-github__b13d2596ba__src_test_java_com_jcabi_github_RtIssueITCase.java,clean,,FP,test-label,0.0
driver-mergiraf,pos,jcabi_jcabi-github__b13d2596ba,jcabi_jcabi-github__b13d2596ba__src_test_java_com_jcabi_github_RtMilestonesITCase.java,clean,,FP,test-label,0.0
driver-mergiraf,pos,jcabi_jcabi-github__e18a8ffd16,jcabi_jcabi-github__e18a8ffd16__src_test_java_com_jcabi_github_RtHooksITCase.java,conflict,semantic,TN,dev-match,0.0
driver-mergiraf,pos,jcabi_jcabi-http__0c63dd0c75,jcabi_jcabi-http__0c63dd0c75__src_main_java_com_jcabi_http_mock_MkQueryMatchers.java,conflict,textual,TN,dev-match,0.0
driver-mergiraf,pos,jdupl_lancoder__407742ea19,jdupl_lancoder__407742ea19__src_main_java_org_lancoder_Main.java,clean,,FP,test-label,0.0
driver-mergiraf,pos,jdupl_lancoder__407742ea19,jdupl_lancoder__407742ea19__src_main_java_org_lancoder_master_api_web_ApiServer.java,conflict,semantic,FN,dev-match,0.0
driver-mergiraf,pos,jenkinsci_coverity-plugin__2fb8690816,jenkinsci_coverity-plugin__2fb8690816__src_main_java_jenkins_plugins_coverity_CoverityTool_CoverityToolHandler.java,clean,,FP,test-label,0.0
driver-mergiraf,pos,jenkinsci_coverity-plugin__62bdb6232e,jenkinsci_coverity-plugin__62bdb6232e__src_main_java_jenkins_plugins_coverity_ws_DefectReader.java,clean,,FP,test-label,0.0
driver-mergiraf,pos,jenkinsci_coverity-plugin__62bdb6232e,jenkinsci_coverity-plugin__62bdb6232e__src_test_java_jenkins_plugins_coverity_ws_DefectReaderTest.java,clean,,FP,test-label,0.0
driver-mergiraf,pos,jenkinsci_credentials-plugin__b9cb5f9d1b,jenkinsci_credentials-plugin__b9cb5f9d1b__src_test_java_com_cloudbees_plugins_credentials_casc_CredentialsCategoryTest.java,clean,,FP,test-label,0.0
driver-mergiraf,pos,jenkinsci_docker-build-publish-plugin__59faa9673c,jenkinsci_docker-build-publish-plugin__59faa9673c__src_main_java_com_cloudbees_dockerpublish_DockerBuilder.java,clean,,FP,test-label,0.0
driver-mergiraf,pos,jenkinsci_email-ext-plugin__4def0e56a8,jenkinsci_email-ext-plugin__4def0e56a8__src_test_java_hudson_plugins_emailext_recipients_EmailRecipientUtilsTest.java,clean,,FP,test-label,0.0
driver-mergiraf,pos,jenkinsci_jira-plugin__0eec353cb5,jenkinsci_jira-plugin__0eec353cb5__src_main_java_hudson_plugins_jira_JiraSite.java,clean,,FP,test-label,0.0
driver-mergiraf,pos,jenkinsci_jira-plugin__6ad78581c9,jenkinsci_jira-plugin__6ad78581c9__src_main_java_hudson_plugins_jira_JiraChangeLogAnnotator.java,clean,,FP,test-label,0.0
driver-mergiraf,pos,jenkinsci_jira-plugin__6ad78581c9,jenkinsci_jira-plugin__6ad78581c9__src_main_java_hudson_plugins_jira_JiraSite.java,clean,,FP,test-label,0.0
driver-mergiraf,pos,jenkinsci_ldap-plugin__3eee59e25a,jenkinsci_ldap-plugin__3eee59e25a__src_main_java_hudson_security_LDAPSecurityRealm.java,clean,,FP,test-label,0.0
driver-mergiraf,pos,jenkinsci_ui-samples-plugin__81bf937a3d,jenkinsci_ui-samples-plugin__81bf937a3d__src_main_java_io_jenkins_plugins_designlibrary_Root.java,clean,,FP,test-label,0.0
driver-mergiraf,pos,jline_jline2__348cb9dada,jline_jline2__348cb9dada__src_main_java_jline_console_ConsoleReader.java,clean,,FP,test-label,0.0
driver-mergiraf,pos,jline_jline2__348cb9dada,jline_jline2__348cb9dada__src_test_java_jline_console_ConsoleReaderTestSupport.java,clean,,FP,test-label,0.0
driver-mergiraf,pos,jline_jline2__5869eaa93a,jline_jline2__5869eaa93a__src_main_java_jline_console_ConsoleReader.java,conflict,textual,TN,dev-match,0.0
driver-mergiraf,pos,jmetal_jmetal__162d1a63b7,jmetal_jmetal__162d1a63b7__jmetal-core_src_main_java_org_uma_jmetal_util_SolutionListUtils.java,clean,,FP,test-label,0.0
driver-mergiraf,pos,jmetal_jmetal__162d1a63b7,jmetal_jmetal__162d1a63b7__jmetal-core_src_main_java_org_uma_jmetal_util_neighborhood_impl_AdaptiveRandomNeighborhood.java,clean,,FP,test-label,0.0
driver-mergiraf,pos,jmetal_jmetal__7d9295f890,jmetal_jmetal__7d9295f890__jmetal-problem_src_main_java_org_uma_jmetal_problem_multiobjective_MultiobjectiveTSP.java,clean,,FP,test-label,0.0
driver-mergiraf,pos,jmetal_jmetal__b4630972a8,jmetal_jmetal__b4630972a8__jmetal-auto_src_main_java_org_uma_jmetal_auto_parameter_Parameter.java,clean,,FP,test-label,0.0
driver-mergiraf,pos,jnr_jnr-unixsocket__467698b6bd,jnr_jnr-unixsocket__467698b6bd__src_main_java_jnr_unixsocket_Native.java,clean,,FP,test-label,0.0
driver-mergiraf,pos,jnr_jnr-unixsocket__467698b6bd,jnr_jnr-unixsocket__467698b6bd__src_main_java_jnr_unixsocket_UnixSocketChannel.java,clean,,FP,test-label,0.0
driver-mergiraf,pos,jnr_jnr-unixsocket__f8f34e5634,jnr_jnr-unixsocket__f8f34e5634__src_main_java_jnr_unixsocket_Native.java,clean,,FP,test-label,0.0
driver-mergiraf,pos,joel-costigliola_assertj-core__1b4ad829f3,joel-costigliola_assertj-core__1b4ad829f3__src_test_java_org_assertj_core_api_SoftAssertionsTest.java,clean,,FP,test-label,0.0
driver-mergiraf,pos,joel-costigliola_assertj-core__74baae279d,joel-costigliola_assertj-core__74baae279d__src_main_java_org_assertj_core_api_AbstractMapAssert.java,clean,,FP,test-label,0.0
driver-mergiraf,pos,joel-costigliola_assertj-core__74baae279d,joel-costigliola_assertj-core__74baae279d__src_main_java_org_assertj_core_api_AbstractObjectAssert.java,conflict,textual,TN,dev-match,0.0
driver-mergiraf,pos,jparsec_jparsec__ef02642abd,jparsec_jparsec__ef02642abd__src_main_java_org_codehaus_jparsec_Parser.java,clean,,FP,test-label,0.0
driver-mergiraf,pos,jsprit_jsprit__5cf6758085,jsprit_jsprit__5cf6758085__jsprit-core_src_test_java_jsprit_core_analysis_SolutionAnalyserTest.java,clean,,FP,test-label,0.0
driver-mergiraf,pos,jwtk_jjwt__ff932e9838,jwtk_jjwt__ff932e9838__src_main_java_io_jsonwebtoken_impl_DefaultJwtParser.java,clean,,FP,test-label,0.0
driver-mergiraf,pos,k3po_k3po__084cc0b426,k3po_k3po__084cc0b426__specification_wse_src_test_java_org_kaazing_specification_wse_data_BinaryAsEscapedTextIT.java,clean,,FP,test-label,0.0
driver-mergiraf,pos,kaazing_k3po__084cc0b426,kaazing_k3po__084cc0b426__specification_wse_src_test_java_org_kaazing_specification_wse_data_BinaryAsEscapedTextIT.java,clean,,FP,test-label,0.0
driver-mergiraf,pos,kaazing_robot__084cc0b426,kaazing_robot__084cc0b426__specification_wse_src_test_java_org_kaazing_specification_wse_data_BinaryAsEscapedTextIT.java,clean,,FP,test-label,0.0
driver-mergiraf,pos,kohsuke_github-api__4e56b8bb78,kohsuke_github-api__4e56b8bb78__src_main_java_org_kohsuke_github_GHRepository.java,clean,,FP,test-label,0.0
driver-mergiraf,pos,kohsuke_github-api__4e56b8bb78,kohsuke_github-api__4e56b8bb78__src_main_java_org_kohsuke_github_Requester.java,clean,,FP,test-label,0.0
driver-mergiraf,pos,kongchen_swagger-maven-plugin__1e61731653,kongchen_swagger-maven-plugin__1e61731653__src_main_java_com_github_kongchen_swagger_docgen_reader_SpringMvcApiReader.java,clean,,FP,test-label,0.0
driver-mergiraf,pos,kongchen_swagger-maven-plugin__3d2ea22d07,kongchen_swagger-maven-plugin__3d2ea22d07__src_main_java_com_github_kongchen_swagger_docgen_reader_AbstractReader.java,clean,,FP,test-label,0.0
driver-mergiraf,pos,learning-layers_socialsemanticserver__4ada3cddc3,learning-layers_socialsemanticserver__4ada3cddc3__serv_serv.custom_serv.custom.caller_src_main_java_at_tugraz_sss_serv_caller_SSServCaller.java,conflict,textual,TN,dev-match,0.0
driver-mergiraf,pos,learning-layers_socialsemanticserver__4ada3cddc3,learning-layers_socialsemanticserver__4ada3cddc3__serv_serv.custom_serv.custom.ops_src_main_java_at_tugraz_sss_serv_SSServOpE.java,clean,,FP,test-label,0.0
driver-mergiraf,pos,lwhite1_tablesaw__13178c81a1,lwhite1_tablesaw__13178c81a1__core_src_main_java_tech_tablesaw_api_DateTimeColumn.java,clean,,FP,test-label,0.0
driver-mergiraf,pos,mashape_unirest-java__121f85b819,mashape_unirest-java__121f85b819__src_test_java_com_mashape_unirest_test_http_UnirestTest.java,clean,,FP,test-label,0.0
driver-mergiraf,pos,mashape_unirest-java__b43fb95f4a,mashape_unirest-java__b43fb95f4a__src_test_java_com_mashape_unirest_test_http_UnirestTest.java,clean,,FP,test-label,0.0
driver-mergiraf,pos,mbosecke_pebble__617aab328f,mbosecke_pebble__617aab328f__src_main_java_com_mitchellbosecke_pebble_extension_core_CoreExtension.java,clean,,FP,test-label,0.0
driver-mergiraf,pos,mbosecke_pebble__617aab328f,mbosecke_pebble__617aab328f__src_test_java_com_mitchellbosecke_pebble_CoreTagsTest.java,clean,,FP,test-label,0.0
driver-mergiraf,pos,mercadopago_sdk-java__b7498c6f9d,mercadopago_sdk-java__b7498c6f9d__src_main_java_com_mercadopago_client_payment_PaymentRefundClient.java,clean,,FP,test-label,0.0
driver-mergiraf,pos,mikera_vectorz__d93ef1b341,mikera_vectorz__d93ef1b341__src_test_java_mikera_matrixx_TestMatrices.java,clean,,FP,test-label,0.0
driver-mergiraf,pos,mitre_http-proxy-servlet__b7a68118f2,mitre_http-proxy-servlet__b7a68118f2__src_main_java_org_mitre_dsmiley_httpproxy_ProxyServlet.java,clean,,FP,test-label,0.0
driver-mergiraf,pos,mixpanel_mixpanel-java__bcdd1ed28f,mixpanel_mixpanel-java__bcdd1ed28f__src_main_java_com_mixpanel_mixpanelapi_MixpanelAPI.java,clean,,FP,test-label,0.0
driver-mergiraf,pos,monitorjbl_excel-streaming-reader__8698befdf4,monitorjbl_excel-streaming-reader__8698befdf4__src_main_java_com_monitorjbl_xlsx_impl_StreamingRow.java,conflict,textual,TN,dev-match,0.0
driver-mergiraf,pos,monitorjbl_excel-streaming-reader__8698befdf4,monitorjbl_excel-streaming-reader__8698befdf4__src_test_java_com_monitorjbl_xlsx_StreamingReaderTest.java,clean,,FP,test-label,0.0
driver-mergiraf,pos,movsim_movsim__00d5222b61,movsim_movsim__00d5222b61__src_main_java_org_movsim_simulator_roadSection_impl_RoadSectionImpl.java,conflict,textual,TN,dev-match,0.0
driver-mergiraf,pos,movsim_movsim__6dae25caf7,movsim_movsim__6dae25caf7__core_src_main_java_org_movsim_SimulationScan.java,clean,,FP,test-label,0.0
driver-mergiraf,pos,movsim_movsim__6dae25caf7,movsim_movsim__6dae25caf7__core_src_main_java_org_movsim_simulator_roadnetwork_RoadSegment.java,clean,,FP,test-label,0.0
driver-mergiraf,pos,msopentech_azure-activedirectory-library-for-java__d3f143872b,msopentech_azure-activedirectory-library-for-java__d3f143872b__src_test_java_com_microsoft_aad_adal4j_AuthenticationContextTest.java,clean,,FP,test-label,0.0
driver-mergiraf,pos,named-data_jndn__3d47402192,named-data_jndn__3d47402192__src_net_named_data_jndn_NetworkNack.java,clean,,FP,test-label,0.0
driver-mergiraf,pos,named-data_jndn__e0db451bf1,named-data_jndn__e0db451bf1__src_net_named_data_jndn_Face.java,clean,,FP,test-label,0.0
driver-mergiraf,pos,ninjaframework_ninja__31737c1a10,ninjaframework_ninja__31737c1a10__ninja-servlet_src_main_java_ninja_servlet_ContextImpl.java,clean,,FP,test-label,0.0
driver-mergiraf,pos,ninjaframework_ninja__31737c1a10,ninjaframework_ninja__31737c1a10__ninja-servlet_src_test_java_ninja_servlet_ContextImplTest.java,clean,,FP,test-label,0.0
driver-mergiraf,pos,ninjaframework_ninja__45bb542cb4,ninjaframework_ninja__45bb542cb4__ninja-core_src_main_java_ninja_AssetsController.java,clean,,FP,test-label,0.0
driver-mergiraf,pos,ninjaframework_ninja__45bb542cb4,ninjaframework_ninja__45bb542cb4__ninja-demo-application_src_test_java_controllers_ApplicationControllerTest.java,clean,,FP,test-label,0.0
driver-mergiraf,pos,ninjaframework_ninja__663883c228,ninjaframework_ninja__663883c228__ninja-core_src_main_java_ninja_utils_NinjaProperties.java,clean,,FP,test-label,0.0
driver-mergiraf,pos,ninjaframework_ninja__663883c228,ninjaframework_ninja__663883c228__ninja-core_src_main_java_ninja_utils_NinjaPropertiesImpl.java,clean,,FP,test-label,0.0
driver-mergiraf,pos,ninjaframework_ninja__94b2365be3,ninjaframework_ninja__94b2365be3__ninja-core_src_main_java_ninja_Context.java,clean,,FP,test-label,0.0
driver-mergiraf,pos,ninjaframework_ninja__94b2365be3,ninjaframework_ninja__94b2365be3__ninja-core_src_main_java_ninja_ContextImpl.java,clean,,FP,test-label,0.0
driver-mergiraf,pos,northlander_a__c3f2865b88,northlander_a__c3f2865b88__src_test_java_co_nordlander_a_BaseTest.java,clean,,FP,test-label,0.0
driver-mergiraf,pos,nuodb_migration-tools__2e1f6973c4,nuodb_migration-tools__2e1f6973c4__src_test_java_com_nuodb_tools_migration_jdbc_metamodel_DatabaseIntrospectorTest.java,clean,,FP,test-label,0.0
driver-mergiraf,pos,nurkiewicz_java8-workshop__f5918aa79c,nurkiewicz_java8-workshop__f5918aa79c__src_main_java_com_nurkiewicz_java8_holidays_PolishHolidays.java,clean,,FP,test-label,0.0
driver-mergiraf,pos,nysenate_openlegislation__9c7cf034c1,nysenate_openlegislation__9c7cf034c1__src_main_java_gov_nysenate_openleg_search_committee_ElasticCommitteeSearchDao.java,clean,,FP,test-label,0.0
driver-mergiraf,pos,okleine_ncoap__99de16a6d2,okleine_ncoap__99de16a6d2__src_main_java_de_uniluebeck_itm_spitfire_nCoap_message_CoapRequest.java,clean,,FP,test-label,0.0
driver-mergiraf,pos,onebusaway_onebusaway-application-modules__915e2f3ffe,onebusaway_onebusaway-application-modules__915e2f3ffe__onebusaway-transit-data-federation_src_main_java_org_onebusaway_transit_data_federation_impl_beans_StopWithArrivalsAndDeparturesBeanServiceImpl.java,clean,,FP,test-label,0.0
driver-mergiraf,pos,onebusaway_onebusaway-application-modules__e779e9fce1,onebusaway_onebusaway-application-modules__e779e9fce1__onebusaway-transit-data_src_main_java_org_onebusaway_transit_data_model_ArrivalsAndDeparturesQueryBean.java,clean,,FP,test-label,0.0
driver-mergiraf,pos,openhft_chronicle-bytes__5bad7e86ea,openhft_chronicle-bytes__5bad7e86ea__src_main_java_net_openhft_chronicle_bytes_NativeBytes.java,clean,,FP,test-label,0.0
driver-mergiraf,pos,openhft_chronicle-bytes__a9e7269a84,openhft_chronicle-bytes__a9e7269a84__src_main_java_net_openhft_chronicle_bytes_MappedFile.java,conflict,textual,TN,dev-match,0.0
driver-mergiraf,pos,openhft_chronicle-bytes__e3ac571d25,openhft_chronicle-bytes__e3ac571d25__src_test_java_net_openhft_chronicle_bytes_BytesTest.java,clean,,FP,test-label,0.0
driver-mergiraf,pos,openhft_chronicle-network__fb39c8ca3b,openhft_chronicle-network__fb39c8ca3b__src_main_java_net_openhft_chronicle_network_cluster_Cluster.java,conflict,textual,TN,dev-match,0.0
driver-mergiraf,pos,openpnp_openpnp__93126880a6,openpnp_openpnp__93126880a6__src_main_java_org_openpnp_gui_MainFrame.java,clean,,FP,test-label,0.0
driver-mergiraf,pos,openpnp_openpnp__a3cca4daba,openpnp_openpnp__a3cca4daba__src_main_java_org_openpnp_machine_reference_ReferenceNozzle.java,conflict,textual,TN,dev-match,0.0
driver-mergiraf,pos,openpnp_openpnp__a3cca4daba,openpnp_openpnp__a3cca4daba__src_main_java_org_openpnp_machine_reference_ReferenceNozzleTip.java,clean,,FP,test-label,0.0
driver-mergiraf,pos,openpnp_openpnp__fb30708fe0,openpnp_openpnp__fb30708fe0__src_main_java_org_openpnp_machine_reference_driver_GcodeDriver.java,clean,,FP,test-label,0.0
driver-mergiraf,pos,prism_prism-bukkit__15140fadb2,prism_prism-bukkit__15140fadb2__src_main_java_me_botsko_prism_Prism.java,clean,,FP,test-label,0.0
driver-mergiraf,pos,prism_prism-bukkit__6dfb9ef0cf,prism_prism-bukkit__6dfb9ef0cf__src_main_java_me_botsko_prism_commands_NearCommand.java,clean,,FP,test-label,0.0
driver-mergiraf,pos,prism_prism-bukkit__74927cacad,prism_prism-bukkit__74927cacad__src_main_java_me_botsko_prism_actionlibs_ActionsQuery.java,conflict,textual,TN,dev-match,0.0
driver-mergiraf,pos,prism_prism-bukkit__74927cacad,prism_prism-bukkit__74927cacad__src_main_java_me_botsko_prism_database_DeleteQuery.java,clean,,FP,test-label,0.0
driver-mergiraf,pos,progether_jadventure__9ce4a7106c,progether_jadventure__9ce4a7106c__src_main_java_com_jadventure_game_navigation_LocationType.java,clean,,FP,test-label,0.0
driver-mergiraf,pos,progether_jadventure__9ce4a7106c,progether_jadventure__9ce4a7106c__src_main_java_com_jadventure_game_prompts_CommandCollection.java,clean,,FP,test-label,0.0
driver-mergiraf,pos,progether_jadventure__e28401af85,progether_jadventure__e28401af85__src_main_java_com_jadventure_game_prompts_CommandParser.java,crash,crash,CRASH,n/a,0.0
driver-mergiraf,pos,projectblueshift_blueshiftapi__004679e5bb,projectblueshift_blueshiftapi__004679e5bb__src_main_java_net_tridentsdk_chat_ChatComponent.java,clean,,FP,test-label,0.0
driver-mergiraf,pos,recruit-tech_redpen__58d3096f6c,recruit-tech_redpen__58d3096f6c__redpen-core_src_test_java_cc_redpen_parser_SentenceExtractorTest.java,clean,,FP,test-label,0.0
driver-mergiraf,pos,relayrides_pushy__6badde9538,relayrides_pushy__6badde9538__src_main_java_com_relayrides_pushy_apns_PushManager.java,clean,,FP,test-label,0.0
driver-mergiraf,pos,sailthru_sailthru-java-client__ee1f917600,sailthru_sailthru-java-client__ee1f917600__src_main_com_sailthru_client_exceptions_ApiException.java,clean,,FP,test-label,0.0
driver-mergiraf,pos,samskivert_jmustache__940af397c4,samskivert_jmustache__940af397c4__src_main_java_com_samskivert_mustache_Mustache.java,clean,,FP,test-label,0.0
driver-mergiraf,pos,sander2798_enderstone__3de930e0ed,sander2798_enderstone__3de930e0ed__src_org_enderstone_server_entity_EnderPlayer.java,clean,,FP,test-label,0.0
driver-mergiraf,pos,sander2798_enderstone__b515bac1b0,sander2798_enderstone__b515bac1b0__src_org_enderstone_server_packet_codec_MinecraftServerCodex.java,clean,,FP,test-label,0.0
driver-mergiraf,pos,sandergielisse_enderstone__3de930e0ed,sandergielisse_enderstone__3de930e0ed__src_org_enderstone_server_entity_EnderPlayer.java,clean,,FP,test-label,0.0
driver-mergiraf,pos,sandergielisse_enderstone__b515bac1b0,sandergielisse_enderstone__b515bac1b0__src_org_enderstone_server_packet_codec_MinecraftServerCodex.java,clean,,FP,test-label,0.0
driver-mergiraf,pos,segmentio_analytics-java__0d4a7b4e69,segmentio_analytics-java__0d4a7b4e69__analytics_src_main_java_com_segment_analytics_internal_AnalyticsClient.java,clean,,FP,test-label,0.0
driver-mergiraf,pos,segmentio_analytics-java__0d4a7b4e69,segmentio_analytics-java__0d4a7b4e69__analytics_src_test_java_com_segment_analytics_internal_AnalyticsClientTest.java,clean,,FP,test-label,0.0
driver-mergiraf,pos,skyscreamer_nevado__cdc23cde46,skyscreamer_nevado__cdc23cde46__nevado-jms_src_main_java_org_skyscreamer_nevado_jms_connector_amazonaws_AmazonAwsSQSConnectorFactory.java,clean,,FP,test-label,0.0
driver-mergiraf,pos,softinstigate_restheart__98dda32101,softinstigate_restheart__98dda32101__graphql_src_main_java_org_restheart_graphql_GraphQLService.java,conflict,semantic,TN,dev-match,0.0
driver-mergiraf,pos,softinstigate_restheart__b196d4fc15,softinstigate_restheart__b196d4fc15__graphql_src_main_java_org_restheart_graphql_scalars_BsonScalars.java,clean,,FP,test-label,0.0
driver-mergiraf,pos,softinstigate_restheart__d8673744dc,softinstigate_restheart__d8673744dc__src_main_java_org_restheart_handlers_RequestContext.java,clean,,FP,test-label,0.0
driver-mergiraf,pos,softinstigate_restheart__d8673744dc,softinstigate_restheart__d8673744dc__src_main_java_org_restheart_handlers_RequestDispatcherHandler.java,clean,,FP,test-label,0.0
driver-mergiraf,pos,sps_pushover4j__88cd636fab,sps_pushover4j__88cd636fab__src_main_java_net_pushover_client_PushoverResponseFactory.java,conflict,textual,TN,dev-match,0.0
driver-mergiraf,pos,sps_pushover4j__88cd636fab,sps_pushover4j__88cd636fab__src_test_java_net_pushover_client_PushoverResponseFactoryTest.java,clean,,FP,test-label,0.0
driver-mergiraf,pos,square_javapoet__d019b6f624,square_javapoet__d019b6f624__src_main_java_com_squareup_javawriter_JavaWriter.java,clean,,FP,test-label,0.0
driver-mergiraf,pos,square_javapoet__d019b6f624,square_javapoet__d019b6f624__src_test_java_com_squareup_javawriter_JavaWriterTest.java,clean,,FP,test-label,0.0
driver-mergiraf,pos,sstrickx_yahoofinance-api__216ad70070,sstrickx_yahoofinance-api__216ad70070__src_main_java_stockagent_RuleBasedAgent.java,clean,,FP,test-label,0.0
driver-mergiraf,pos,steveice10_mcprotocollib__5c8a435832,steveice10_mcprotocollib__5c8a435832__src_main_java_com_github_steveice10_mc_protocol_data_message_style_MessageStyle.java,clean,,FP,test-label,0.0
driver-mergiraf,pos,steveice10_packetlib__295cf3e47a,steveice10_packetlib__295cf3e47a__src_main_java_com_github_steveice10_packetlib_tcp_TcpClientSession.java,conflict,textual,TN,dev-match,0.0
driver-mergiraf,pos,swagger-api_swagger-parser__41ccee4da3,swagger-api_swagger-parser__41ccee4da3__modules_swagger-parser-v3_src_test_java_io_swagger_v3_parser_test_OpenAPIV3ParserTest.java,clean,,FP,test-label,0.0
driver-mergiraf,pos,swagger-api_swagger-parser__59a85a29da,swagger-api_swagger-parser__59a85a29da__modules_swagger-parser-v3_src_test_java_io_swagger_v3_parser_test_OpenAPIV3ParserTest.java,clean,,FP,test-label,0.0
driver-mergiraf,pos,tabulapdf_tabula-java__767699f3aa,tabulapdf_tabula-java__767699f3aa__src_main_java_technology_tabula_detectors_RegexSearch.java,conflict,textual,TN,dev-match,0.0
driver-mergiraf,pos,tabulapdf_tabula-java__767699f3aa,tabulapdf_tabula-java__767699f3aa__src_test_java_technology_tabula_TestRegexSearch.java,clean,,FP,test-label,0.0
driver-mergiraf,pos,tcurdt_jdeb__77d052996a,tcurdt_jdeb__77d052996a__src_main_java_org_vafer_jdeb_DataBuilder.java,conflict,semantic,TN,dev-match,0.0
driver-mergiraf,pos,tcurdt_jdeb__77d052996a,tcurdt_jdeb__77d052996a__src_test_java_org_vafer_jdeb_DataBuilderTestCase.java,clean,,FP,test-label,0.0
driver-mergiraf,pos,thenewcircle_spring-hibernate-20120924__7ec9c1b4bb,thenewcircle_spring-hibernate-20120924__7ec9c1b4bb__src_main_java_com_marakana_contacts_controllers_ContactController.java,clean,,FP,test-label,0.0
driver-mergiraf,pos,tridentsdk_tridentsdk__004679e5bb,tridentsdk_tridentsdk__004679e5bb__src_main_java_net_tridentsdk_chat_ChatComponent.java,clean,,FP,test-label,0.0
driver-mergiraf,pos,tumblr_jumblr__31bd6f8335,tumblr_jumblr__31bd6f8335__src_main_java_com_tumblr_jumblr_exceptions_JumblrException.java,clean,,FP,test-label,0.0
driver-mergiraf,pos,tumblr_jumblr__31bd6f8335,tumblr_jumblr__31bd6f8335__src_main_java_com_tumblr_jumblr_request_RequestBuilder.java,clean,,FP,test-label,0.0
driver-mergiraf,pos,urbanairship_datacube__b8bef94f4d,urbanairship_datacube__b8bef94f4d__src_main_java_com_urbanairship_datacube_DataCubeIo.java,clean,,FP,test-label,0.0
driver-mergiraf,pos,urbanairship_datacube__b8bef94f4d,urbanairship_datacube__b8bef94f4d__src_main_java_com_urbanairship_datacube_dbharnesses_HBaseDbHarness.java,clean,,FP,test-label,0.0
driver-mergiraf,pos,urbanairship_java-library__bbe0297a10,urbanairship_java-library__bbe0297a10__src_test_java_com_urbanairship_api_customevents_model_CustomEventPayloadTest.java,clean,,FP,test-label,0.0
driver-mergiraf,pos,urbanairship_java-library__bbe0297a10,urbanairship_java-library__bbe0297a10__src_test_java_com_urbanairship_api_customevents_parse_CustomEventPayloadSerializerTest.java,clean,,FP,test-label,0.0
driver-mergiraf,pos,uwolfer_gerrit-rest-java-client__8e688db702,uwolfer_gerrit-rest-java-client__8e688db702__src_main_java_com_urswolfer_gerrit_client_rest_http_GerritRestClient.java,conflict,textual,TN,dev-match,0.0
driver-mergiraf,pos,vkostyukov_la4j__d216aa8928,vkostyukov_la4j__d216aa8928__src_main_java_org_la4j_vector_AbstractVector.java,clean,,FP,test-label,0.0
driver-mergiraf,pos,vkostyukov_la4j__d216aa8928,vkostyukov_la4j__d216aa8928__src_test_java_org_la4j_vector_sparse_SparseVectorTest.java,clean,,FP,test-label,0.0
driver-mergiraf,pos,vojtechhabarta_typescript-generator__51835d3c16,vojtechhabarta_typescript-generator__51835d3c16__typescript-generator-spring_src_test_java_cz_habarta_typescript_generator_spring_SpringTest.java,clean,,FP,test-label,0.0
driver-mergiraf,pos,warmuuh_libsass-maven-plugin__5ca7b3f086,warmuuh_libsass-maven-plugin__5ca7b3f086__src_main_java_wrm_CompilationMojo.java,conflict,textual,TN,dev-match,0.0
driver-mergiraf,pos,winder_universal-g-code-sender__84d687330a,winder_universal-g-code-sender__84d687330a__ugs-core_src_com_willwinder_universalgcodesender_model_GUIBackend.java,clean,,FP,test-label,0.0
driver-mergiraf,pos,winder_universal-g-code-sender__84d687330a,winder_universal-g-code-sender__84d687330a__ugs-core_src_com_willwinder_universalgcodesender_utils_ControllerSettings.java,clean,,FP,test-label,0.0
driver-mergiraf,pos,winder_universal-g-code-sender__bc742cb4c4,winder_universal-g-code-sender__bc742cb4c4__ugs-core_src_com_willwinder_universalgcodesender_GrblController.java,clean,,FP,test-label,0.0
driver-mergiraf,pos,winder_universal-g-code-sender__c93fec43ee,winder_universal-g-code-sender__c93fec43ee__ugs-core_src_com_willwinder_universalgcodesender_gcode_util_CommandProcessorLoader.java,clean,,FP,test-label,0.0
driver-mergiraf,pos,xebia_xebium__2808ba14a8,xebia_xebium__2808ba14a8__src_main_java_com_xebia_incubator_xebium_SeleniumDriverFixture.java,clean,,FP,test-label,0.0
driver-mergiraf,pos,xebia_xebium__a82603c978,xebia_xebium__a82603c978__src_main_java_com_xebia_incubator_xebium_SeleniumDriverFixture.java,clean,,FP,test-label,0.0
driver-mergiraf,ctl,adoptopenjdk_mjprof__44b7a2b3db,adoptopenjdk_mjprof__44b7a2b3db__src_main_java_com_performizeit_mjstack_MJStack.java,clean,,TP,test-label,0.0
driver-mergiraf,ctl,aerospike_aerospike-client-java__b77316ac92,aerospike_aerospike-client-java__b77316ac92__proxy_src_com_aerospike_client_proxy_grpc_GrpcChannelExecutor.java,clean,,TP,test-label,0.0
driver-mergiraf,ctl,aerospike_aerospike-client-java__b77316ac92,aerospike_aerospike-client-java__b77316ac92__proxy_src_com_aerospike_client_proxy_grpc_GrpcStreamingCall.java,conflict,semantic,TN,dev-match,0.0
driver-mergiraf,ctl,aerospike_aerospike-client-java__dfa7c50814,aerospike_aerospike-client-java__dfa7c50814__test_src_com_aerospike_test_util_Args.java,clean,,TP,test-label,0.0
driver-mergiraf,ctl,aleksandr-m_gitflow-maven-plugin__7482fdb5b6,aleksandr-m_gitflow-maven-plugin__7482fdb5b6__src_main_java_com_amashchenko_maven_plugin_gitflow_AbstractGitFlowMojo.java,clean,,TP,test-label,0.0
driver-mergiraf,ctl,alexcojocaru_elasticsearch-maven-plugin__6c23c6286d,alexcojocaru_elasticsearch-maven-plugin__6c23c6286d__src_main_java_com_github_alexcojocaru_mojo_elasticsearch_v2_StopMojo.java,clean,,TP,test-label,0.0
driver-mergiraf,ctl,alibaba_canal__10930b9e3d,alibaba_canal__10930b9e3d__parse_src_main_java_com_alibaba_otter_canal_parse_inbound_mysql_dbsync_LogEventConvert.java,clean,,TP,test-label,0.0
driver-mergiraf,ctl,alibaba_canal__10930b9e3d,alibaba_canal__10930b9e3d__parse_src_main_java_com_alibaba_otter_canal_parse_inbound_mysql_dbsync_SimpleDdlParser.java,clean,,TP,test-label,0.0
driver-mergiraf,ctl,andrewphorn_classicube-client__645941b423,andrewphorn_classicube-client__645941b423__src_main_java_com_mojang_minecraft_gui_FontRenderer.java,clean,,TP,test-label,0.0
driver-mergiraf,ctl,anjuke_hwi__93f975a6d0,anjuke_hwi__93f975a6d0__src_main_java_org_apache_hadoop_hive_hwi_servlet_RQuery.java,clean,,TP,test-label,0.0
driver-mergiraf,ctl,apache_commons-csv__2e851bc960,apache_commons-csv__2e851bc960__src_test_java_org_apache_commons_csv_CSVParserTest.java,clean,,TP,test-label,0.0
driver-mergiraf,ctl,apache_commons-ognl__c1132d8fb3,apache_commons-ognl__c1132d8fb3__src_main_java_org_apache_commons_ognl_internal_entry_PropertyDescriptorCacheEntryFactory.java,clean,,TP,test-label,0.0
driver-mergiraf,ctl,apache_maven-enforcer__f4f8c2559e,apache_maven-enforcer__f4f8c2559e__enforcer-rules_src_main_java_org_apache_maven_plugins_enforcer_AbstractBanDependencies.java,clean,,TP,test-label,0.0
driver-mergiraf,ctl,apache_metamodel__f9f2bc07f3,apache_metamodel__f9f2bc07f3__core_src_main_java_org_apache_metamodel_query_parser_QueryPartParser.java,clean,,TP,test-label,0.0
driver-mergiraf,ctl,apache_metamodel__f9f2bc07f3,apache_metamodel__f9f2bc07f3__core_src_test_java_org_apache_metamodel_query_parser_QueryParserTest.java,clean,,TP,test-label,0.0
driver-mergiraf,ctl,apache_roller__d362f5d1ee,apache_roller__d362f5d1ee__app_src_main_java_org_apache_roller_weblogger_business_search_IndexManagerImpl.java,clean,,TP,test-label,0.0
driver-mergiraf,ctl,apache_tomcat-maven-plugin__74e25e53e8,apache_tomcat-maven-plugin__74e25e53e8__tomcat7-war-runner_src_main_java_org_apache_tomcat_maven_runner_Tomcat7Runner.java,clean,,TP,test-label,0.0
driver-mergiraf,ctl,apache_tomcat-maven-plugin__74e25e53e8,apache_tomcat-maven-plugin__74e25e53e8__tomcat7-war-runner_src_main_java_org_apache_tomcat_maven_runner_Tomcat7RunnerCli.java,clean,,TP,test-label,0.0
driver-mergiraf,ctl,bronx_saci-vraptor__cb9355ed08,bronx_saci-vraptor__cb9355ed08__src_main_java_net_diegomaia_vraptor_saci_component_startup_PageHandler.java,clean,,TP,test-label,0.0
driver-mergiraf,ctl,brunoribeiro_sql-parser__a1ddf59b7c,brunoribeiro_sql-parser__a1ddf59b7c__src_main_java_com_akiban_sql_unparser_NodeToString.java,clean,,TP,test-label,0.0
driver-mergiraf,ctl,bserdar_jcliff__206c63ba6f,bserdar_jcliff__206c63ba6f__src_main_java_com_redhat_jcliff_Main.java,clean,,TP,test-label,0.0
driver-mergiraf,ctl,buddycloud_buddycloud-server-java__e05c0ee54a,buddycloud_buddycloud-server-java__e05c0ee54a__src_main_java_org_buddycloud_channelserver_packetprocessor_iq_namespace_pubsub_set_Publish.java,clean,,TP,test-label,0.0
driver-mergiraf,ctl,chrsan_css-selectors__0f725a05d1,chrsan_css-selectors__0f725a05d1__src_main_java_se_fishtank_css_selectors_dom_internal_PseudoContainsSpecifierChecker.java,clean,,TP,test-label,0.0
driver-mergiraf,ctl,citytechinc_cq-component-maven-plugin__2fb3c23f39,citytechinc_cq-component-maven-plugin__2fb3c23f39__cq-component-maven-plugin_src_main_java_com_citytechinc_cq_component_dialog_impl_SelectionWidget.java,clean,,TP,test-label,0.0
driver-mergiraf,ctl,citytechinc_cq-component-maven-plugin__2fb3c23f39,citytechinc_cq-component-maven-plugin__2fb3c23f39__cq-component-maven-plugin_src_main_java_com_citytechinc_cq_component_dialog_maker_impl_SelectionWidgetMaker.java,clean,,TP,test-label,0.0
driver-mergiraf,ctl,citytechinc_cq-component-maven-plugin__79dfb91780,citytechinc_cq-component-maven-plugin__79dfb91780__cq-component-maven-plugin_src_main_java_com_citytechinc_cq_component_dialog_impl_SelectionWidget.java,clean,,TP,test-label,0.0
driver-mergiraf,ctl,clickntap_vimeo__85bd093b58,clickntap_vimeo__85bd093b58__src_main_java_com_clickntap_vimeo_Vimeo.java,clean,,TP,test-label,0.0
driver-mergiraf,ctl,clickntap_vimeo__cedaf74fc7,clickntap_vimeo__cedaf74fc7__src_main_java_com_clickntap_vimeo_Vimeo.java,clean,,TP,test-label,0.0
driver-mergiraf,ctl,clojure_clojure__c862603a33,clojure_clojure__c862603a33__src_jvm_clojure_lang_Compiler.java,clean,,TP,test-label,0.0
driver-mergiraf,ctl,cloudfoundry_cf-java-client__0d588aa1e7,cloudfoundry_cf-java-client__0d588aa1e7__cloudfoundry-client-reactor_src_main_java_org_cloudfoundry_reactor_util_Operator.java,conflict,semantic,TN,dev-match,0.0
driver-mergiraf,ctl,cloudfoundry_cf-java-client__f994a25985,cloudfoundry_cf-java-client__f994a25985__cloudfoundry-client-reactor_src_main_java_org_cloudfoundry_reactor_util_Operator.java,conflict,semantic,TN,dev-match,0.0
driver-mergiraf,ctl,cloudfoundry_cf-java-client__f994a25985,cloudfoundry_cf-java-client__f994a25985__cloudfoundry-client-reactor_src_test_java_org_cloudfoundry_reactor_util_ErrorPayloadMappersTest.java,clean,,TP,test-label,0.0
driver-mergiraf,ctl,cloudslang_score__49b00c4bf9,cloudslang_score__49b00c4bf9__runtime-management_runtime-management-impl_src_main_java_io_cloudslang_runtime_impl_python_PythonExecutor.java,clean,,TP,test-label,0.0
driver-mergiraf,ctl,coutume_imageonmap__20d2a60d29,coutume_imageonmap__20d2a60d29__src_main_java_fr_moribus_imageonmap_ui_MapItemManager.java,clean,,TP,test-label,0.0
driver-mergiraf,ctl,dankurka_gwtphonegap__e19aa67e33,dankurka_gwtphonegap__e19aa67e33__src_main_java_com_googlecode_gwtphonegap_client_notification_NotificationBrowserImpl.java,clean,,TP,test-label,0.0
driver-mergiraf,ctl,davidmoten_rxjava-slf4j__fbe2fde40f,davidmoten_rxjava-slf4j__fbe2fde40f__src_test_java_com_github_davidmoten_rx_slf4j_LoggingTest.java,clean,,TP,test-label,0.0
driver-mergiraf,ctl,douglasrodrigo_bfmapper__b0056fd6f8,douglasrodrigo_bfmapper__b0056fd6f8__src_main_java_br_com_bfmapper_Mapping.java,clean,,TP,test-label,0.0
driver-mergiraf,ctl,dspace_dspace__0a0cf18c36,dspace_dspace__0a0cf18c36__dspace-server-webapp_src_test_java_org_dspace_app_rest_ExternalSourcesRestControllerIT.java,clean,,TP,test-label,0.0
driver-mergiraf,ctl,dspace_dspace__2e3c4f033d,dspace_dspace__2e3c4f033d__dspace-api_src_main_java_org_dspace_curate_CitationPage.java,clean,,TP,test-label,0.0
driver-mergiraf,ctl,dspace_dspace__eb28c639a0,dspace_dspace__eb28c639a0__dspace-server-webapp_src_main_java_org_dspace_app_rest_repository_DiscoveryRestRepository.java,clean,,TP,test-label,0.0
driver-mergiraf,ctl,dtrules_dtrules__621afc4ef5,dtrules_dtrules__621afc4ef5__compilerutil_src_main_java_com_dtrules_compiler_decisiontables_DTCompiler.java,clean,,TP,test-label,0.0
driver-mergiraf,ctl,dtrules_dtrules__621afc4ef5,dtrules_dtrules__621afc4ef5__dsl_el_src_main_java_com_dtrules_compiler_el_EL.java,clean,,TP,test-label,0.0
driver-mergiraf,ctl,eirslett_frontend-maven-plugin__3e67ca8791,eirslett_frontend-maven-plugin__3e67ca8791__frontend-plugin-core_src_main_java_com_github_eirslett_maven_plugins_frontend_lib_NodeAndNPMInstaller.java,clean,,TP,test-label,0.0
driver-mergiraf,ctl,ekryd_sortpom__b918df820e,ekryd_sortpom__b918df820e__sorter_src_main_java_sortpom_wrapper_content_ChildElementSorter.java,clean,,TP,test-label,0.0
driver-mergiraf,ctl,farin_jcloisterzone__4a38e3b926,farin_jcloisterzone__4a38e3b926__src_main_java_com_jcloisterzone_engine_Engine.java,clean,,TP,test-label,0.0
driver-mergiraf,ctl,fasseg_exp4j__184e5535f9,fasseg_exp4j__184e5535f9__src_main_java_de_congrace_exp4j_Tokenizer.java,clean,,TP,test-label,0.0
driver-mergiraf,ctl,fasseg_exp4j__184e5535f9,fasseg_exp4j__184e5535f9__src_test_java_de_congrace_exp4j_ExpressionBuilderTest.java,clean,,TP,test-label,0.0
driver-mergiraf,ctl,fasterxml_jackson-core__be2854d5c6,fasterxml_jackson-core__be2854d5c6__src_test_java_com_fasterxml_jackson_core_filter_BasicParserFilteringTest.java,clean,,TP,test-label,0.0
driver-mergiraf,ctl,fernandezpablo85_scribe-java__33d45e1797,fernandezpablo85_scribe-java__33d45e1797__scribejava-core_src_main_java_com_github_scribejava_core_oauth_OAuth10aService.java,clean,,TP,test-label,0.0
driver-mergiraf,ctl,fiji_trackmate__1792dcc505,fiji_trackmate__1792dcc505__src_main_java_fiji_plugin_trackmate_io_TmXmlReader.java,clean,,TP,test-label,0.0
driver-mergiraf,ctl,fiji_trackmate__97cfa79dd2,fiji_trackmate__97cfa79dd2__src_main_java_fiji_plugin_trackmate_action_CopyOverlayAction.java,clean,,TP,test-label,0.0
driver-mergiraf,ctl,fiji_trackmate__97cfa79dd2,fiji_trackmate__97cfa79dd2__src_main_java_fiji_plugin_trackmate_gui_TrackMateGUIController.java,clean,,TP,test-label,0.0
driver-mergiraf,ctl,fincatto_nfe__6758366981,fincatto_nfe__6758366981__src_main_java_com_fincatto_documentofiscal_nfe400_classes_lote_envio_NFLoteEnvioRetorno.java,clean,,TP,test-label,0.0
driver-mergiraf,ctl,fincatto_nfe__bd66db2a72,fincatto_nfe__bd66db2a72__src_main_java_com_fincatto_documentofiscal_utils_DFSocketFactory.java,clean,,TP,test-label,0.0
driver-mergiraf,ctl,findwise_hydra__76fe21c315,findwise_hydra__76fe21c315__admin-service_src_main_java_com_findwise_hydra_admin_rest_ConfigurationController.java,clean,,TP,test-label,0.0
driver-mergiraf,ctl,flaxsearch_luwak__2805c0447a,flaxsearch_luwak__2805c0447a__luwak_src_main_java_uk_co_flax_luwak_util_SpanExtractor.java,clean,,TP,test-label,0.0
driver-mergiraf,ctl,fluentlenium_fluentlenium__2cd4ecb82f,fluentlenium_fluentlenium__2cd4ecb82f__fluentlenium-core_src_main_java_org_fluentlenium_core_inject_FluentInjector.java,clean,,TP,test-label,0.0
driver-mergiraf,ctl,fluentlenium_fluentlenium__d88fff0f59,fluentlenium_fluentlenium__d88fff0f59__fluentlenium-core_src_test_java_org_fluentlenium_integration_FluentLeniumWaitTest.java,clean,,TP,test-label,0.0
driver-mergiraf,ctl,flyingsaucerproject_flyingsaucer__5a2a7d36a1,flyingsaucerproject_flyingsaucer__5a2a7d36a1__flying-saucer-core_src_main_java_org_xhtmlrenderer_css_newmatch_Condition.java,clean,,TP,test-label,0.0
driver-mergiraf,ctl,flyingsaucerproject_flyingsaucer__9b83c56a8c,flyingsaucerproject_flyingsaucer__9b83c56a8c__flying-saucer-pdf_src_main_java_org_xhtmlrenderer_pdf_ITextRenderer.java,clean,,TP,test-label,0.0
driver-mergiraf,ctl,flyingsaucerproject_flyingsaucer__b2ef06a76f,flyingsaucerproject_flyingsaucer__b2ef06a76f__flying-saucer-pdf-itext5_src_main_java_org_xhtmlrenderer_pdf_ITextOutputDevice.java,clean,,TP,test-label,0.0
driver-mergiraf,ctl,forcedotcom_wsc__332e09483d,forcedotcom_wsc__332e09483d__src_main_java_com_sforce_ws_bind_TypeMapper.java,clean,,TP,test-label,0.0
driver-mergiraf,ctl,fusesource_jansi__f4065227fc,fusesource_jansi__f4065227fc__src_main_java_org_fusesource_jansi_WindowsAnsiOutputStream.java,clean,,TP,test-label,0.0
driver-mergiraf,ctl,galenframework_galen__7567dd8d2f,galenframework_galen__7567dd8d2f__galen-core_src_main_java_com_galenframework_speclang2_specs_SpecImageProcessor.java,clean,,TP,test-label,0.0
driver-mergiraf,ctl,galenframework_galen__7567dd8d2f,galenframework_galen__7567dd8d2f__galen-core_src_test_java_com_galenframework_tests_speclang2_SpecsReaderV2Test.java,clean,,TP,test-label,0.0
driver-mergiraf,ctl,gitools_gitools__8f2043e3c5,gitools_gitools__8f2043e3c5__org.gitools.ui.app_src_main_java_org_gitools_ui_app_fileimport_wizard_text_ListItemTransferHandler.java,clean,,TP,test-label,0.0
driver-mergiraf,ctl,gitools_gitools__9f09acdad0,gitools_gitools__9f09acdad0__org.gitools.ui.app_src_main_java_org_gitools_ui_app_actions_Actions.java,clean,,TP,test-label,0.0
driver-mergiraf,ctl,glenkpeterson_j-sicle__8ad8d6f00e,glenkpeterson_j-sicle__8ad8d6f00e__src_test_java_org_organicdesign_fp_permanent_SequenceTest.java,clean,,TP,test-label,0.0
driver-mergiraf,ctl,google_truth__2bb82cafdf,google_truth__2bb82cafdf__src_main_java_org_junit_contrib_truth_subjects_IterableSubject.java,clean,,TP,test-label,0.0
driver-mergiraf,ctl,google_truth__6bba06199f,google_truth__6bba06199f__core_src_main_java_com_google_common_truth_Truth.java,clean,,TP,test-label,0.0
driver-mergiraf,ctl,googlecloudplatform_gcloud-java__1fa53a817a,googlecloudplatform_gcloud-java__1fa53a817a__gcloud-java-storage_src_main_java_com_google_gcloud_storage_StorageImpl.java,clean,,TP,test-label,0.0
driver-mergiraf,ctl,googlecloudplatform_gcloud-maven-plugin__990444129c,googlecloudplatform_gcloud-maven-plugin__990444129c__src_main_java_com_google_appengine_gcloudapp_AbstractGcloudMojo.java,clean,,TP,test-label,0.0
driver-mergiraf,ctl,graphity_graphity-client__2a8e8c75e9,graphity_graphity-client__2a8e8c75e9__src_main_java_org_graphity_util_XSLTBuilder.java,conflict,textual,TN,dev-match,0.0
driver-mergiraf,ctl,greese_dasein-cloud-core__5fe1190801,greese_dasein-cloud-core__5fe1190801__src_main_java_org_dasein_cloud_compute_MachineImageSupport.java,clean,,TP,test-label,0.0
driver-mergiraf,ctl,gwtbootstrap3_gwtbootstrap3__d558959ad2,gwtbootstrap3_gwtbootstrap3__d558959ad2__gwtbootstrap3_src_main_java_org_gwtbootstrap3_client_ui_SimpleCheckBox.java,clean,,TP,test-label,0.0
driver-mergiraf,ctl,gwtbootstrap3_gwtbootstrap3__d558959ad2,gwtbootstrap3_gwtbootstrap3__d558959ad2__gwtbootstrap3_src_main_java_org_gwtbootstrap3_client_ui_SimpleRadioButton.java,clean,,TP,test-label,0.0
driver-mergiraf,ctl,hdrhistogram_hdrhistogram__4faeeb6c17,hdrhistogram_hdrhistogram__4faeeb6c17__src_main_java_org_HdrHistogram_HistogramLogProcessor.java,clean,,TP,test-label,0.0
driver-mergiraf,ctl,hdrhistogram_hdrhistogram__6debea175f,hdrhistogram_hdrhistogram__6debea175f__src_main_java_org_HdrHistogram_AbstractHistogram.java,clean,,TP,test-label,0.0
driver-mergiraf,ctl,hdrhistogram_hdrhistogram__6debea175f,hdrhistogram_hdrhistogram__6debea175f__src_main_java_org_HdrHistogram_DoubleHistogram.java,clean,,TP,test-label,0.0
driver-mergiraf,ctl,hdrhistogram_hdrhistogram__beadadbe25,hdrhistogram_hdrhistogram__beadadbe25__src_main_java_org_HdrHistogram_AbstractHistogram.java,clean,,TP,test-label,0.0
driver-mergiraf,ctl,imixs_imixs-workflow__dfb841cc6c,imixs_imixs-workflow__dfb841cc6c__imixs-workflow-index-lucene_src_main_java_org_imixs_workflow_engine_lucene_LuceneIndexService.java,clean,,TP,test-label,0.0
driver-mergiraf,ctl,jalkanen_speed4j__18370b9544,jalkanen_speed4j__18370b9544__src_main_java_com_ecyrd_speed4j_log_PeriodicalLog.java,clean,,TP,test-label,0.0
driver-mergiraf,ctl,jasig_java-cas-client__9714053f07,jasig_java-cas-client__9714053f07__cas-client-core_src_main_java_org_jasig_cas_client_util_CommonUtils.java,clean,,TP,test-label,0.0
driver-mergiraf,ctl,jasig_java-cas-client__9714053f07,jasig_java-cas-client__9714053f07__cas-client-core_src_test_java_org_jasig_cas_client_util_CommonUtilsTests.java,clean,,TP,test-label,0.0
driver-mergiraf,ctl,javaparser_javaparser__091c0fab6e,javaparser_javaparser__091c0fab6e__javaparser-core_src_main_java_com_github_javaparser_PositionUtils.java,clean,,TP,test-label,0.0
driver-mergiraf,ctl,javaparser_javaparser__8ca0e9b6ea,javaparser_javaparser__8ca0e9b6ea__javaparser-symbol-solver-core_src_main_java_com_github_javaparser_symbolsolver_javaparsermodel_JavaParserFacade.java,clean,,TP,test-label,0.0
driver-mergiraf,ctl,jboss-remoting_jboss-remoting__1f07248ce4,jboss-remoting_jboss-remoting__1f07248ce4__src_main_java_org_jboss_remoting3_remote_RemoteConnection.java,clean,,TP,test-label,0.0
driver-mergiraf,ctl,jcabi_jcabi-aspects__5780cbf85c,jcabi_jcabi-aspects__5780cbf85c__src_main_java_com_jcabi_aspects_aj_MethodCacher.java,clean,,TP,test-label,0.0
driver-mergiraf,ctl,jcabi_jcabi-github__512102da91,jcabi_jcabi-github__512102da91__src_main_java_com_jcabi_github_RtReleaseAsset.java,clean,,TP,test-label,0.0
driver-mergiraf,ctl,jdatepicker_jdatepicker__cc3905a9c7,jdatepicker_jdatepicker__cc3905a9c7__src_main_java_org_jdatepicker_impl_JDatePickerImpl.java,clean,,TP,test-label,0.0
driver-mergiraf,ctl,jdatepicker_jdatepicker__cc74e94ac3,jdatepicker_jdatepicker__cc74e94ac3__src_main_java_org_jdatepicker_ComponentTextDefaults.java,clean,,TP,test-label,0.0
driver-mergiraf,ctl,jdatepicker_jdatepicker__cc74e94ac3,jdatepicker_jdatepicker__cc74e94ac3__src_main_java_org_jdatepicker_JDatePanel.java,clean,,TP,test-label,0.0
driver-mergiraf,ctl,jdeparser_jdeparser2__1da0e2349a,jdeparser_jdeparser2__1da0e2349a__src_main_java_org_jboss_jdeparser_FormatPreferences.java,clean,,TP,test-label,0.0
driver-mergiraf,ctl,jenkinsci_ant-plugin__7025e65f06,jenkinsci_ant-plugin__7025e65f06__src_main_java_hudson_tasks_Ant.java,clean,,TP,test-label,0.0
driver-mergiraf,ctl,jenkinsci_ant-plugin__7025e65f06,jenkinsci_ant-plugin__7025e65f06__src_test_java_hudson_tasks_AntTest.java,clean,,TP,test-label,0.0
driver-mergiraf,ctl,jenkinsci_coverity-plugin__7ce14e1f97,jenkinsci_coverity-plugin__7ce14e1f97__src_test_java_jenkins_plugins_coverity_CoverityTool_CovBuildCommandTest.java,clean,,TP,test-label,0.0
driver-mergiraf,ctl,jenkinsci_coverity-plugin__bd192d7108,jenkinsci_coverity-plugin__bd192d7108__src_main_java_jenkins_plugins_coverity_CoverityPublisher.java,clean,,TP,test-label,0.0
driver-mergiraf,ctl,jenkinsci_coverity-plugin__db750a7a69,jenkinsci_coverity-plugin__db750a7a69__src_main_java_jenkins_plugins_coverity_CIMStream.java,clean,,TP,test-label,0.0
driver-mergiraf,ctl,jenkinsci_coverity-plugin__db750a7a69,jenkinsci_coverity-plugin__db750a7a69__src_main_java_jenkins_plugins_coverity_CoverityPublisher.java,clean,,TP,test-label,0.0
driver-mergiraf,ctl,jenkinsci_credentials-plugin__ccd45a5263,jenkinsci_credentials-plugin__ccd45a5263__src_main_java_com_cloudbees_plugins_credentials_CredentialsSelectHelper.java,clean,,TP,test-label,0.0
driver-mergiraf,ctl,jenkinsci_email-ext-plugin__312def504a,jenkinsci_email-ext-plugin__312def504a__src_test_java_hudson_plugins_emailext_ExtendedEmailPublisherDescriptorJCasCTest.java,clean,,TP,test-label,0.0
driver-mergiraf,ctl,jenkinsci_email-ext-plugin__9cc2357cac,jenkinsci_email-ext-plugin__9cc2357cac__src_main_java_hudson_plugins_emailext_EmailThrottler.java,clean,,TP,test-label,0.0
driver-mergiraf,ctl,jenkinsci_email-ext-plugin__9cc2357cac,jenkinsci_email-ext-plugin__9cc2357cac__src_test_java_hudson_plugins_emailext_ExtendedEmailPublisherTest.java,clean,,TP,test-label,0.0
driver-mergiraf,ctl,jenkinsci_jira-plugin__09485920f4,jenkinsci_jira-plugin__09485920f4__src_main_java_hudson_plugins_jira_JiraSite.java,clean,,TP,test-label,0.0
driver-mergiraf,ctl,jenkinsci_junit-plugin__2f4179baf2,jenkinsci_junit-plugin__2f4179baf2__src_main_java_hudson_tasks_junit_CaseResult.java,clean,,TP,test-label,0.0
driver-mergiraf,ctl,jenkinsci_ldap-plugin__744083390f,jenkinsci_ldap-plugin__744083390f__src_main_java_hudson_security_LDAPSecurityRealm.java,clean,,TP,test-label,0.0
driver-mergiraf,ctl,jenkinsci_mailer-plugin__67ab48f1a6,jenkinsci_mailer-plugin__67ab48f1a6__src_test_java_hudson_tasks_MailerTest.java,clean,,TP,test-label,0.0
driver-mergiraf,ctl,jenkinsci_maven-hpi-plugin__cfbf819e58,jenkinsci_maven-hpi-plugin__cfbf819e58__src_main_java_org_jenkinsci_maven_plugins_hpi_RunMojo.java,clean,,TP,test-label,0.0
driver-mergiraf,ctl,jenkinsci_ui-samples-plugin__179ee92cdf,jenkinsci_ui-samples-plugin__179ee92cdf__src_main_java_jenkins_plugins_ui_samples_Select.java,clean,,TP,test-label,0.0
driver-mergiraf,ctl,jgralab_jgralab__d631209030,jgralab_jgralab__d631209030__src_de_uni_koblenz_jgralab_greql2_funlib_FunLib.java,clean,,TP,test-label,0.0
driver-mergiraf,ctl,jgralab_jgralab__d631209030,jgralab_jgralab__d631209030__src_de_uni_koblenz_jgralab_greql2_funlib_schema_HasType.java,clean,,TP,test-label,0.0
driver-mergiraf,ctl,jmetal_jmetal__4edc74bc22,jmetal_jmetal__4edc74bc22__jmetal-lab_src_main_java_org_uma_jmetal_lab_experiment_studies_PPSN20203DStudy.java,clean,,TP,test-label,0.0
driver-mergiraf,ctl,jmetal_jmetal__d8ececa506,jmetal_jmetal__d8ececa506__jmetal-exec_src_main_java_org_uma_jmetal_runner_multiobjective_WASFGAMeasuresRunner.java,clean,,TP,test-label,0.0
driver-mergiraf,ctl,jparsec_jparsec__a1fac0af65,jparsec_jparsec__a1fac0af65__jparsec_src_main_java_org_codehaus_jparsec_ScannerState.java,clean,,TP,test-label,0.0
driver-mergiraf,ctl,jri_deepamehta__03658cb2e9,jri_deepamehta__03658cb2e9__modules_dm4-geomaps_src_main_java_de_deepamehta_plugins_geomaps_GeomapsPlugin.java,clean,,TP,test-label,0.0
driver-mergiraf,ctl,jruby_bytelist__989a36efd0,jruby_bytelist__989a36efd0__src_org_jruby_util_ByteList.java,clean,,TP,test-label,0.0
driver-mergiraf,ctl,jruby_bytelist__989a36efd0,jruby_bytelist__989a36efd0__test_org_jruby_util_ByteListTest.java,clean,,TP,test-label,0.0
driver-mergiraf,ctl,jsprit_jsprit__7834e66d7c,jsprit_jsprit__7834e66d7c__jsprit-io_src_main_java_com_graphhopper_jsprit_io_algorithm_VehicleRoutingAlgorithms.java,clean,,TP,test-label,0.0
driver-mergiraf,ctl,jsprit_jsprit__a6726537e9,jsprit_jsprit__a6726537e9__jsprit-core_src_test_java_jsprit_core_problem_vehicle_VehicleImplTest.java,clean,,TP,test-label,0.0
driver-mergiraf,ctl,julianhyde_linq4j__c0f3b4a744,julianhyde_linq4j__c0f3b4a744__src_main_java_net_hydromatic_linq4j_QueryableFactory.java,clean,,TP,test-label,0.0
driver-mergiraf,ctl,julianhyde_linq4j__c0f3b4a744,julianhyde_linq4j__c0f3b4a744__src_main_java_net_hydromatic_linq4j_QueryableRecorder.java,clean,,TP,test-label,0.0
driver-mergiraf,ctl,julietkilo_canbabel__ea550c2876,julietkilo_canbabel__ea550c2876__src_main_java_com_github_canbabel_canio_dbc_DbcReader.java,clean,,TP,test-label,0.0
driver-mergiraf,ctl,kevinbayes_vest__3209c8480f,kevinbayes_vest__3209c8480f__src_main_java_me_bayes_vertx_vest_VestApplication.java,clean,,TP,test-label,0.0
driver-mergiraf,ctl,khmarbaise_iterator-maven-plugin__99d1681276,khmarbaise_iterator-maven-plugin__99d1681276__src_main_java_com_soebes_maven_plugins_iterator_IteratorMojo.java,clean,,TP,test-label,0.0
driver-mergiraf,ctl,killbilling_recurly-java-library__fafb064903,killbilling_recurly-java-library__fafb064903__src_main_java_com_ning_billing_recurly_model_RecurlyObject.java,clean,,TP,test-label,0.0
driver-mergiraf,ctl,killme2008_aviator__eb6c698603,killme2008_aviator__eb6c698603__src_main_java_com_googlecode_aviator_utils_Env.java,clean,,TP,test-label,0.0
driver-mergiraf,ctl,kohsuke_github-api__432585cb75,kohsuke_github-api__432585cb75__src_main_java_org_kohsuke_github_GitHub.java,clean,,TP,test-label,0.0
driver-mergiraf,ctl,kohsuke_github-api__432585cb75,kohsuke_github-api__432585cb75__src_test_java_org_kohsuke_github_GitHubTest.java,clean,,TP,test-label,0.0
driver-mergiraf,ctl,kohsuke_github-api__5ea8638369,kohsuke_github-api__5ea8638369__src_test_java_org_kohsuke_github_GHRepositoryTest.java,clean,,TP,test-label,0.0
driver-mergiraf,ctl,kohsuke_github-api__f6674a9aef,kohsuke_github-api__f6674a9aef__src_main_java_org_kohsuke_github_GHWorkflowJob.java,clean,,TP,test-label,0.0
driver-mergiraf,ctl,kongchen_swagger-maven-plugin__335021b217,kongchen_swagger-maven-plugin__335021b217__src_main_java_com_github_kongchen_swagger_docgen_mustache_MustacheDocument.java,clean,,TP,test-label,0.0
driver-mergiraf,ctl,kongchen_swagger-maven-plugin__335021b217,kongchen_swagger-maven-plugin__335021b217__src_main_java_com_github_kongchen_swagger_docgen_mustache_OutputTemplate.java,clean,,TP,test-label,0.0
driver-mergiraf,ctl,kongchen_swagger-maven-plugin__5060afbf1d,kongchen_swagger-maven-plugin__5060afbf1d__src_main_java_com_github_kongchen_swagger_docgen_AbstractDocumentSource.java,clean,,TP,test-label,0.0
driver-mergiraf,ctl,kongchen_swagger-maven-plugin__5060afbf1d,kongchen_swagger-maven-plugin__5060afbf1d__src_test_java_com_github_kongchen_smp_integration_SwaggerMavenPluginTest.java,clean,,TP,test-label,0.0
driver-mergiraf,ctl,koraktor_steam-condenser-java__81c376e088,koraktor_steam-condenser-java__81c376e088__src_main_java_com_github_koraktor_steamcondenser_steam_community_SteamId.java,clean,,TP,test-label,0.0
driver-mergiraf,ctl,kvladislav_ticketmanager__0ffb612f18,kvladislav_ticketmanager__0ffb612f18__src_main_java_org_JavaArt_TicketManager_controllers_EventsController.java,clean,,TP,test-label,0.0
driver-mergiraf,ctl,lemire_javaewah__5829fc009b,lemire_javaewah__5829fc009b__src_main_java_com_googlecode_javaewah_IteratorAggregation.java,clean,,TP,test-label,0.0
driver-mergiraf,ctl,linkedin_camus__288c5aae77,linkedin_camus__288c5aae77__camus-etl-kafka_src_test_java_com_linkedin_camus_etl_kafka_CamusJobTestWithMock.java,clean,,TP,test-label,0.0
driver-mergiraf,ctl,linkedin_camus__fd747243ca,linkedin_camus__fd747243ca__camus-etl-kafka_src_main_java_com_linkedin_camus_etl_kafka_mapred_EtlInputFormat.java,clean,,TP,test-label,0.0
driver-mergiraf,ctl,lwhite1_tablesaw__86cd643c39,lwhite1_tablesaw__86cd643c39__src_main_java_com_github_lwhite1_tablesaw_io_csv_CsvReader.java,clean,,TP,test-label,0.0
driver-mergiraf,ctl,lyncode_xoai__dc7a68da97,lyncode_xoai__dc7a68da97__xoai-service-provider_src_main_java_org_dspace_xoai_serviceprovider_client_HttpOAIClient.java,clean,,TP,test-label,0.0
driver-mergiraf,ctl,mambu-gmbh_mambu-apis-java__9975c4d9e5,mambu-gmbh_mambu-apis-java__9975c4d9e5__src_demo_DemoTestLoanService.java,clean,,TP,test-label,0.0
driver-mergiraf,ctl,marginallyclever_makelangelo__bfbac0b14d,marginallyclever_makelangelo__bfbac0b14d__src_main_java_com_marginallyclever_makelangelo_Makelangelo.java,clean,,TP,test-label,0.0
driver-mergiraf,ctl,marloncarvalho_aliendroid-activerecord__f03a2f645f,marloncarvalho_aliendroid-activerecord__f03a2f645f__src_main_java_org_alienlabs_aliendroid_activerecord_Model.java,clean,,TP,test-label,0.0
driver-mergiraf,ctl,maven-nar_nar-maven-plugin__00d2e833de,maven-nar_nar-maven-plugin__00d2e833de__src_main_java_com_github_maven_nar_AbstractNarMojo.java,clean,,TP,test-label,0.0
driver-mergiraf,ctl,maven-nar_nar-maven-plugin__bd5a26aed9,maven-nar_nar-maven-plugin__bd5a26aed9__src_main_java_com_github_maven_nar_AbstractNarMojo.java,clean,,TP,test-label,0.0
driver-mergiraf,ctl,maven-nar_nar-maven-plugin__bd5a26aed9,maven-nar_nar-maven-plugin__bd5a26aed9__src_main_java_com_github_maven_nar_Msvc.java,clean,,TP,test-label,0.0
driver-mergiraf,ctl,maxmind_geoip-api-java__3c90dc1bd7,maxmind_geoip-api-java__3c90dc1bd7__src_main_java_com_maxmind_geoip_LookupService.java,clean,,TP,test-label,0.0
driver-mergiraf,ctl,mbosecke_pebble__22c0075ed2,mbosecke_pebble__22c0075ed2__src_main_java_com_mitchellbosecke_pebble_template_EvaluationContext.java,clean,,TP,test-label,0.0
driver-mergiraf,ctl,medcl_elasticsearch-analysis-ik__8c50edf0e0,medcl_elasticsearch-analysis-ik__8c50edf0e0__src_main_java_org_wltea_analyzer_help_Sleep.java,clean,,TP,test-label,0.0
driver-mergiraf,ctl,medcl_elasticsearch-analysis-pinyin__acdd6eff2a,medcl_elasticsearch-analysis-pinyin__acdd6eff2a__src_main_java_org_elasticsearch_index_analysis_PinyinTokenFilter.java,clean,,TP,test-label,0.0
driver-mergiraf,ctl,medcl_elasticsearch-analysis-pinyin__acdd6eff2a,medcl_elasticsearch-analysis-pinyin__acdd6eff2a__src_main_java_org_elasticsearch_index_analysis_PinyinTokenizer.java,clean,,TP,test-label,0.0
driver-mergiraf,ctl,mercadopago_sdk-java__540cfa9763,mercadopago_sdk-java__540cfa9763__src_test_java_com_mercadopago_BaseClientIT.java,clean,,TP,test-label,0.0
driver-mergiraf,ctl,mercadopago_sdk-java__540cfa9763,mercadopago_sdk-java__540cfa9763__src_test_java_com_mercadopago_client_cardtoken_CardTokenClientIT.java,clean,,TP,test-label,0.0
driver-mergiraf,ctl,mlaccetti_javapns__21e9ae8885,mlaccetti_javapns__21e9ae8885__src_main_java_javapns_notification_transmission_NotificationThreads.java,clean,,TP,test-label,0.0
driver-mergiraf,ctl,mmazi_rescu__efdd938e7a,mmazi_rescu__efdd938e7a__src_test_java_si_mazi_rescu_RestInvocationHandlerTest.java,clean,,TP,test-label,0.0
driver-mergiraf,ctl,mongobee_mongobee__abf507930c,mongobee_mongobee__abf507930c__src_main_java_com_github_mongobee_Mongobee.java,clean,,TP,test-label,0.0
driver-mergiraf,ctl,mongobee_mongobee__abf507930c,mongobee_mongobee__abf507930c__src_main_java_com_github_mongobee_dao_ChangeEntryDao.java,clean,,TP,test-label,0.0
driver-mergiraf,ctl,mongobee_mongobee__ac5bd40a5a,mongobee_mongobee__ac5bd40a5a__src_main_java_com_github_mongobee_Mongobee.java,clean,,TP,test-label,0.0
driver-mergiraf,ctl,movsim_movsim__393a33e6d0,movsim_movsim__393a33e6d0__core_src_main_java_org_movsim_simulator_vehicles_Vehicle.java,clean,,TP,test-label,0.0
driver-mergiraf,ctl,mrcookieslime_slimefun-3.0__6a34470b47,mrcookieslime_slimefun-3.0__6a34470b47__src_main_java_io_github_thebusybiscuit_slimefun4_api_items_SlimefunItem.java,clean,,TP,test-label,0.0
driver-mergiraf,ctl,mtedone_podam__1075ffea79,mtedone_podam__1075ffea79__src_main_java_uk_co_jemos_podam_api_PodamFactoryImpl.java,conflict,semantic,TN,dev-match,0.0
driver-mergiraf,ctl,mtedone_podam__1075ffea79,mtedone_podam__1075ffea79__src_test_java_uk_co_jemos_podam_test_unit_pdm3_Pdm3PojoUnitTest.java,clean,,TP,test-label,0.0
driver-mergiraf,ctl,mycila_license-maven-plugin__b28809b593,mycila_license-maven-plugin__b28809b593__license-maven-plugin_src_main_java_com_mycila_maven_plugin_license_header_HeaderParser.java,clean,,TP,test-label,0.0
driver-mergiraf,ctl,mycila_license-maven-plugin__b28809b593,mycila_license-maven-plugin__b28809b593__license-maven-plugin_src_test_java_com_mycila_maven_plugin_license_UpdateMojoTest.java,clean,,TP,test-label,0.0
driver-mergiraf,ctl,mycila_license-maven-plugin__d3bf529757,mycila_license-maven-plugin__d3bf529757__license-maven-plugin-git_src_main_java_com_mycila_maven_plugin_license_git_GitLookup.java,clean,,TP,test-label,0.0
driver-mergiraf,ctl,named-data_jndn__320742aa20,named-data_jndn__320742aa20__src_net_named_data_jndn_Data.java,clean,,TP,test-label,0.0
driver-mergiraf,ctl,named-data_jndn__320742aa20,named-data_jndn__320742aa20__src_net_named_data_jndn_Node.java,clean,,TP,test-label,0.0
driver-mergiraf,ctl,nysenate_openlegislation__8645aab4d6,nysenate_openlegislation__8645aab4d6__src_main_java_gov_nysenate_openleg_controller_api_bill_BillGetCtrl.java,clean,,TP,test-label,0.0
driver-mergiraf,ctl,omnifaces_omnifaces__2e8d3a4ee3,omnifaces_omnifaces__2e8d3a4ee3__src_main_java_org_omnifaces_util_Components.java,clean,,TP,test-label,0.0
driver-mergiraf,ctl,openhft_chronicle-bytes__dc67904a63,openhft_chronicle-bytes__dc67904a63__src_main_java_net_openhft_chronicle_bytes_Bytes.java,clean,,TP,test-label,0.0
driver-mergiraf,ctl,openhft_chronicle-bytes__dc67904a63,openhft_chronicle-bytes__dc67904a63__src_test_java_net_openhft_chronicle_bytes_BytesJavaDocComplianceTest.java,conflict,textual,TN,dev-match,0.0
driver-mergiraf,ctl,openhft_chronicle-threads__8b940638d7,openhft_chronicle-threads__8b940638d7__src_main_java_net_openhft_chronicle_threads_MonitorEventLoop.java,clean,,TP,test-label,0.0
driver-mergiraf,ctl,openpnp_openpnp__17a7443913,openpnp_openpnp__17a7443913__src_main_java_org_openpnp_gui_importer_EagleBoardImporter.java,clean,,TP,test-label,0.0
driver-mergiraf,ctl,openpnp_openpnp__99835c7c58,openpnp_openpnp__99835c7c58__src_main_java_org_openpnp_gui_JobPanel.java,clean,,TP,test-label,0.0
driver-mergiraf,ctl,openpnp_openpnp__99835c7c58,openpnp_openpnp__99835c7c58__src_main_java_org_openpnp_gui_support_Icons.java,clean,,TP,test-label,0.0
driver-mergiraf,ctl,openpnp_openpnp__e8a35b8e6f,openpnp_openpnp__e8a35b8e6f__src_main_java_org_openpnp_gui_importer_EagleBoardImporter.java,clean,,TP,test-label,0.0
driver-mergiraf,ctl,openskynetwork_java-adsb__14f216cddf,openskynetwork_java-adsb__14f216cddf__src_main_java_org_opensky_libadsb_Decoder.java,clean,,TP,test-label,0.0
driver-mergiraf,ctl,outbrain_ob1k__8b2c257efe,outbrain_ob1k__8b2c257efe__ob1k-example_src_main_java_com_outbrain_ob1k_example_hello_server_HelloServer.java,clean,,TP,test-label,0.0
driver-mergiraf,ctl,pandcorps_pandam__e736609b61,pandcorps_pandam__e736609b61__game-furguardians_src_main_java_org_pandcorps_furguardians_FurGuardiansGame.java,clean,,TP,test-label,0.0
driver-mergiraf,ctl,poetix_protonpack__2ce321af89,poetix_protonpack__2ce321af89__src_main_java_com_codepoetics_protonpack_StreamUtils.java,clean,,TP,test-label,0.0
driver-mergiraf,ctl,progether_jadventure__d4407d1e77,progether_jadventure__d4407d1e77__src_main_java_com_jadventure_game_repository_ItemRepository.java,clean,,TP,test-label,0.0
driver-mergiraf,ctl,progether_jadventure__d62cfd35b9,progether_jadventure__d62cfd35b9__src_main_java_com_jadventure_game_menus_BattleMenu.java,clean,,TP,test-label,0.0
driver-mergiraf,ctl,reckart_shib-http-client__536fe936a3,reckart_shib-http-client__536fe936a3__src_main_java_de_tudarmstadt_ukp_shibhttpclient_ShibHttpClient.java,clean,,TP,test-label,0.0
driver-mergiraf,ctl,reckart_shib-http-client__8f3bd71757,reckart_shib-http-client__8f3bd71757__src_main_java_de_tudarmstadt_ukp_shibhttpclient_ShibHttpClient.java,clean,,TP,test-label,0.0
driver-mergiraf,ctl,recommenders_rival__aa1752831e,recommenders_rival__aa1752831e__rival-examples_src_main_java_net_recommenders_rival_examples_movielens100k_CrossValidatedMahoutKNNRecommenderEvaluator.java,clean,,TP,test-label,0.0
driver-mergiraf,ctl,recommenders_rival__aa1752831e,recommenders_rival__aa1752831e__rival-examples_src_main_java_net_recommenders_rival_examples_movielens100k_TemporalSplitMahoutKNNRecommenderEvaluator.java,clean,,TP,test-label,0.0
driver-mergiraf,ctl,relayrides_pushy__43129f9c9a,relayrides_pushy__43129f9c9a__src_main_java_com_relayrides_pushy_apns_PushManager.java,clean,,TP,test-label,0.0
driver-mergiraf,ctl,relayrides_pushy__9446136376,relayrides_pushy__9446136376__src_main_java_com_relayrides_pushy_apns_ApnsClientThread.java,clean,,TP,test-label,0.0
driver-mergiraf,ctl,renepickhardt_generalized-language-modeling-toolkit__f8105ddc44,renepickhardt_generalized-language-modeling-toolkit__f8105ddc44__src_de_typology_utils_Config.java,clean,,TP,test-label,0.0
driver-mergiraf,ctl,richardwarburton_lambda-behave__8695b13525,richardwarburton_lambda-behave__8695b13525__lambda-behave_src_main_java_com_insightfullogic_lambdabehave_BehaveRunner.java,clean,,TP,test-label,0.0
driver-mergiraf,ctl,sachin-handiekar_jinstagram__210897a17d,sachin-handiekar_jinstagram__210897a17d__src_main_java_org_jinstagram_realtime_Constants.java,clean,,TP,test-label,0.0
driver-mergiraf,ctl,sachin-handiekar_jinstagram__210897a17d,sachin-handiekar_jinstagram__210897a17d__src_main_java_org_jinstagram_realtime_InstagramSubscription.java,clean,,TP,test-label,0.0
driver-mergiraf,ctl,sander2798_enderstone__4cf9ea9f17,sander2798_enderstone__4cf9ea9f17__src_org_enderstone_server_Main.java,clean,,TP,test-label,0.0
driver-mergiraf,ctl,sander2798_enderstone__4cf9ea9f17,sander2798_enderstone__4cf9ea9f17__src_org_enderstone_server_packet_NetworkManager.java,clean,,TP,test-label,0.0
driver-mergiraf,ctl,sander2798_enderstone__ba66c3e8b2,sander2798_enderstone__ba66c3e8b2__src_org_enderstone_server_Location.java,clean,,TP,test-label,0.0
driver-mergiraf,ctl,sander2798_enderstone__bd46a612d1,sander2798_enderstone__bd46a612d1__src_org_enderstone_server_Main.java,clean,,TP,test-label,0.0
driver-mergiraf,ctl,sandergielisse_enderstone__272bbb1c0f,sandergielisse_enderstone__272bbb1c0f__src_org_enderstone_server_inventory_CraftingInventory.java,clean,,TP,test-label,0.0
driver-mergiraf,ctl,sandergielisse_enderstone__272bbb1c0f,sandergielisse_enderstone__272bbb1c0f__src_org_enderstone_server_inventory_PlayerInventory.java,clean,,TP,test-label,0.0
driver-mergiraf,ctl,sandergielisse_enderstone__8e17a2983e,sandergielisse_enderstone__8e17a2983e__src_org_enderstone_server_packet_NetworkManager.java,clean,,TP,test-label,0.0
driver-mergiraf,ctl,sandergielisse_enderstone__bae18e3ef8,sandergielisse_enderstone__bae18e3ef8__src_org_enderstone_server_entity_EnderEntity.java,clean,,TP,test-label,0.0
driver-mergiraf,ctl,sandergielisse_enderstone__bae18e3ef8,sandergielisse_enderstone__bae18e3ef8__src_org_enderstone_server_entity_EntityMob.java,clean,,TP,test-label,0.0
driver-mergiraf,ctl,sd4324530_fastweixin__53b5138ff7,sd4324530_fastweixin__53b5138ff7__src_main_java_com_github_sd4324530_fastweixin_servlet_WeixinSupport.java,clean,,TP,test-label,0.0
driver-mergiraf,ctl,sebfz1_wicket-jquery-ui__0f6ed11d6f,sebfz1_wicket-jquery-ui__0f6ed11d6f__wicket-kendo-ui_src_main_java_com_googlecode_wicket_kendo_ui_widget_treeview_AjaxTreeView.java,clean,,TP,test-label,0.0
driver-mergiraf,ctl,semanticvectors_semanticvectors__4dbe868ff9,semanticvectors_semanticvectors__4dbe868ff9__src_main_java_pitt_search_semanticvectors_LuceneUtils.java,clean,,TP,test-label,0.0
driver-mergiraf,ctl,socialsensor_graphdb-benchmarks__87e995db56,socialsensor_graphdb-benchmarks__87e995db56__src_main_java_eu_socialsensor_graphdatabases_Neo4jGraphDatabase.java,clean,,TP,test-label,0.0
driver-mergiraf,ctl,socialsensor_graphdb-benchmarks__87e995db56,socialsensor_graphdb-benchmarks__87e995db56__src_main_java_eu_socialsensor_graphdatabases_TitanGraphDatabase.java,clean,,TP,test-label,0.0
driver-mergiraf,ctl,square_javapoet__c0f4a89bc0,square_javapoet__c0f4a89bc0__src_main_java_com_squareup_javawriter_JavaWriter.java,clean,,TP,test-label,0.0
driver-mergiraf,ctl,square_javapoet__c0f4a89bc0,square_javapoet__c0f4a89bc0__src_test_java_com_squareup_javawriter_JavaWriterTest.java,clean,,TP,test-label,0.0
driver-mergiraf,ctl,srt_asterisk-java__99ba7cc5bd,srt_asterisk-java__99ba7cc5bd__src_main_java_org_asteriskjava_live_internal_AsteriskServerImpl.java,clean,,TP,test-label,0.0
driver-mergiraf,ctl,steveice10_mcprotocollib__ba0c6af56c,steveice10_mcprotocollib__ba0c6af56c__src_main_java_com_github_steveice10_mc_protocol_MinecraftConstants.java,conflict,textual,TN,dev-match,0.0
driver-mergiraf,ctl,structr_structr__b0df448496,structr_structr__b0df448496__structr-core_src_main_java_org_structr_common_SecurityContext.java,clean,,TP,test-label,0.0
driver-mergiraf,ctl,swagger-api_swagger-parser__2316e42a34,swagger-api_swagger-parser__2316e42a34__modules_swagger-parser_src_test_java_io_swagger_parser_OpenAPIParserTest.java,clean,,TP,test-label,0.0
driver-mergiraf,ctl,synbiodex_libsbolj__0ceaff01a9,synbiodex_libsbolj__0ceaff01a9__core2_src_main_java_org_sbolstandard_core2_SBOLDocument.java,clean,,TP,test-label,0.0
driver-mergiraf,ctl,syncleus_ferma__dc1fdab4a2,syncleus_ferma__dc1fdab4a2__totorom-tinkerpop2_src_main_java_org_jglue_totorom_FramedGraph.java,clean,,TP,test-label,0.0
driver-mergiraf,ctl,t-oster_liblasercut__f64046a00a,t-oster_liblasercut__f64046a00a__src_main_java_de_thomas_oster_liblasercut_drivers_GenericGcodeDriver.java,clean,,TP,test-label,0.0
driver-mergiraf,ctl,tabulapdf_tabula-java__c603b0f4aa,tabulapdf_tabula-java__c603b0f4aa__src_main_java_technology_tabula_ObjectExtractorStreamEngine.java,clean,,TP,test-label,0.0
driver-mergiraf,ctl,techblue_alfresco-restclient__8e71d5b8d7,techblue_alfresco-restclient__8e71d5b8d7__src_test_java_uk_co_techblue_alfresco_client_test_AlfrescoServiceTest.java,clean,,TP,test-label,0.0
driver-mergiraf,ctl,teknux-org_jetty-bootstrap__993299fa8b,teknux-org_jetty-bootstrap__993299fa8b__src_main_java_org_genux_jettybootstrap_JettyBootstrap.java,clean,,TP,test-label,0.0
driver-mergiraf,ctl,teknux-org_jetty-bootstrap__993299fa8b,teknux-org_jetty-bootstrap__993299fa8b__src_main_java_org_genux_jettybootstrap_configuration_JettyConfiguration.java,clean,,TP,test-label,0.0
driver-mergiraf,ctl,threeten_threeten-extra__419518c223,threeten_threeten-extra__419518c223__src_main_java_org_threeten_extra_chrono_Symmetry010Date.java,clean,,TP,test-label,0.0
driver-mergiraf,ctl,threeten_threeten-extra__419518c223,threeten_threeten-extra__419518c223__src_test_java_org_threeten_extra_chrono_TestSymmetry010Chronology.java,clean,,TP,test-label,0.0
driver-mergiraf,ctl,threeten_threeten-extra__f0bf686f17,threeten_threeten-extra__f0bf686f17__src_main_java_org_threeten_extra_scale_UtcInstant.java,clean,,TP,test-label,0.0
driver-mergiraf,ctl,titokone_titokone__b4ac484b6a,titokone_titokone__b4ac484b6a__src_main_java_fi_helsinki_cs_titokone_Compiler.java,clean,,TP,test-label,0.0
driver-mergiraf,ctl,tkelley-eg_collectd-fast-jmx__558343d132,tkelley-eg_collectd-fast-jmx__558343d132__src_main_java_org_collectd_AttributePermutation.java,clean,,TP,test-label,0.0
driver-mergiraf,ctl,tupilabs_tap4j__99628e2c44,tupilabs_tap4j__99628e2c44__tap4j-ext_src_main_java_org_tap4j_ext_junit_listener_TapListener.java,clean,,TP,test-label,0.0
driver-mergiraf,ctl,uklimaschewski_evalex__15aa26eab7,uklimaschewski_evalex__15aa26eab7__src_com_udojava_evalex_Expression.java,clean,,TP,test-label,0.0
driver-mergiraf,ctl,unitsofmeasurement_uom-se__c2ae9d4caa,unitsofmeasurement_uom-se__c2ae9d4caa__src_main_java_tec_uom_se_AbstractUnit.java,clean,,TP,test-label,0.0
driver-mergiraf,ctl,unitsofmeasurement_uom-se__c2ae9d4caa,unitsofmeasurement_uom-se__c2ae9d4caa__src_main_java_tec_uom_se_format_SimpleUnitFormat.java,clean,,TP,test-label,0.0
driver-mergiraf,ctl,uwolfer_gerrit-rest-java-client__35856ab8bd,uwolfer_gerrit-rest-java-client__35856ab8bd__src_test_java_com_urswolfer_gerrit_client_rest_http_GerritRestClientTest.java,clean,,TP,test-label,0.0
driver-mergiraf,ctl,verhas_djcproxy__db3b9bf795,verhas_djcproxy__db3b9bf795__src_main_java_com_javax0_djcproxy_ProxySourceFactory.java,clean,,TP,test-label,0.0
driver-mergiraf,ctl,vojtechhabarta_typescript-generator__05aea6d7c1,vojtechhabarta_typescript-generator__05aea6d7c1__typescript-generator-core_src_main_java_cz_habarta_typescript_generator_ext_BeanPropertyPathExtension.java,clean,,TP,test-label,0.0
driver-mergiraf,ctl,wokier_teh__4291bbd98f,wokier_teh__4291bbd98f__src_test_java_teh_perf_PerfTest.java,clean,,TP,test-label,0.0
driver-mergiraf,ctl,wvengen_proguard-maven-plugin__1cc9601e1f,wvengen_proguard-maven-plugin__1cc9601e1f__src_main_java_com_github_wvengen_maven_proguard_ProGuardMojo.java,clean,,TP,test-label,0.0
driver-mergiraf,ctl,xebia_xebium__817270a3db,xebia_xebium__817270a3db__src_main_java_com_xebia_incubator_xebium_SeleniumDriverFixture.java,clean,,TP,test-label,0.0
driver-mergiraf,ctl,yubico_ykneo-openpgp__2766bd7444,yubico_ykneo-openpgp__2766bd7444__applet_src_openpgpcard_OpenPGPApplet.java,clean,,TP,test-label,0.0
driver-mergiraf,ctl,yubico_ykneo-openpgp__2766bd7444,yubico_ykneo-openpgp__2766bd7444__test_test_openpgpcardTest_OpenPGPAppletTest.java,clean,,TP,test-label,0.0
driver-mergiraf,ctl,yubico_ykneo-openpgp__b145a6bdbc,yubico_ykneo-openpgp__b145a6bdbc__applet_src_openpgpcard_OpenPGPApplet.java,clean,,TP,test-label,0.0
driver-mergiraf,ctl,yubico_ykneo-openpgp__b145a6bdbc,yubico_ykneo-openpgp__b145a6bdbc__applet_src_openpgpcard_PGPKey.java,clean,,TP,test-label,0.0
driver-auto,pos,ahome-it_lienzo-core__bf4b253816,ahome-it_lienzo-core__bf4b253816__src_main_java_com_ait_lienzo_client_core_shape_wires_WiresShape.java,conflict,semantic,TN,dev-match,88.615
driver-auto,pos,alesaudate_kickstart-springjerseyhibernate__feb36bfc8e,alesaudate_kickstart-springjerseyhibernate__feb36bfc8e__src_main_java_com_alesaudate_samples_springjersey_example_People.java,conflict,textual,TN,dev-match,78.745
driver-auto,pos,apache_commons-lang__53184369d0,apache_commons-lang__53184369d0__src_main_java_org_apache_commons_lang3_builder_ReflectionToStringBuilder.java,clean,,FP,test-label,87.897
driver-auto,pos,apache_olingo-odata4__820b462f49,apache_olingo-odata4__820b462f49__lib_client-core_src_main_java_org_apache_olingo_client_core_serialization_JsonSerializer.java,clean,,FP,dev-match,101.246
driver-auto,pos,apache_olingo-odata4__cf731c2cb8,apache_olingo-odata4__cf731c2cb8__lib_client-core_src_main_java_org_apache_olingo_client_core_serialization_JsonSerializer.java,clean,,FP,dev-match,101.292
driver-auto,pos,apache_olingo-odata4__cf731c2cb8,apache_olingo-odata4__cf731c2cb8__lib_client-core_src_test_java_org_apache_olingo_client_core_JSONTest.java,clean,,FP,test-label,125.457
driver-auto,pos,apache_shiro__13806fc623,apache_shiro__13806fc623__web_src_test_java_org_apache_shiro_web_mgt_CookieRememberMeManagerTest.java,clean,,FP,test-label,94.838
driver-auto,pos,atam4j_atam4j__71fcecb071,atam4j_atam4j__71fcecb071__acceptance-tests_src_test_java_me_atam_atam4jsampleapp_PassingTestAcceptanceTest.java,clean,,FP,test-label,90.187
driver-auto,pos,atam4j_atam4j__71fcecb071,atam4j_atam4j__71fcecb071__acceptance-tests_src_test_java_me_atam_atam4jsampleapp_testsupport_AcceptanceTest.java,conflict,textual,TN,dev-match,86.364
driver-auto,pos,azuread_azure-activedirectory-library-for-java__d3f143872b,azuread_azure-activedirectory-library-for-java__d3f143872b__src_test_java_com_microsoft_aad_adal4j_AuthenticationContextTest.java,clean,,FP,test-label,96.874
driver-auto,pos,bedatadriven_jackson-datatype-jts__1416f1af06,bedatadriven_jackson-datatype-jts__1416f1af06__src_main_java_com_bedatadriven_jackson_datatype_jts_GeometryDeserializer.java,conflict,textual,TN,dev-match,87.917
driver-auto,pos,bguerout_jongo__3aaaf0e4c7,bguerout_jongo__3aaaf0e4c7__src_main_java_org_jongo_Jongo.java,clean,,FP,test-label,89.112
driver-auto,pos,blockchain_api-v1-client-java__abdf54e6ab,blockchain_api-v1-client-java__abdf54e6ab__src_main_java_info_blockchain_api_HttpClient.java,clean,,FP,test-label,92.901
driver-auto,pos,blockchain_api-v1-client-java__e349598f95,blockchain_api-v1-client-java__e349598f95__src_main_java_info_blockchain_api_HttpClient.java,clean,,FP,test-label,92.929
driver-auto,pos,buddycloud_buddycloud-server-java__33ec3ec7cd,buddycloud_buddycloud-server-java__33ec3ec7cd__src_main_java_org_buddycloud_channelserver_packetprocessor_iq_namespace_pubsub_set_UnsubscribeSet.java,clean,,FP,test-label,94.012
driver-auto,pos,buddycloud_buddycloud-server-java__33ec3ec7cd,buddycloud_buddycloud-server-java__33ec3ec7cd__src_test_java_org_buddycloud_channelserver_packetprocessor_iq_namespace_pubsub_set_UnsubscribeSetTest.java,clean,,FP,test-label,97.31
driver-auto,pos,buddycloud_buddycloud-server-java__43c8b054e9,buddycloud_buddycloud-server-java__43c8b054e9__src_main_java_org_buddycloud_channelserver_packetprocessor_iq_namespace_pubsub_set_NodeDelete.java,clean,,FP,test-label,92.926
driver-auto,pos,buddycloud_buddycloud-server-java__43c8b054e9,buddycloud_buddycloud-server-java__43c8b054e9__src_test_java_org_buddycloud_channelserver_packetprocessor_iq_namespace_pubsub_get_SubscriptionsGetTest.java,clean,,FP,test-label,96.32
driver-auto,pos,buddycloud_buddycloud-server-java__48e4675ee2,buddycloud_buddycloud-server-java__48e4675ee2__src_main_java_org_buddycloud_channelserver_packetprocessor_iq_namespace_pubsub_get_RepliesGet.java,clean,,FP,test-label,93.341
driver-auto,pos,buddycloud_buddycloud-server-java__48e4675ee2,buddycloud_buddycloud-server-java__48e4675ee2__src_test_java_org_buddycloud_channelserver_packetprocessor_iq_namespace_pubsub_get_RepliesGetTest.java,conflict,textual,TN,dev-match,91.179
driver-auto,pos,buschmais_extended-objects__46ec306cf6,buschmais_extended-objects__46ec306cf6__neo4j_remote_src_main_java_com_buschmais_xo_neo4j_remote_impl_datastore_RemoteDatastoreEntityManager.java,clean,,FP,test-label,99.239
driver-auto,pos,camsys_onebusaway-application-modules__915e2f3ffe,camsys_onebusaway-application-modules__915e2f3ffe__onebusaway-transit-data-federation_src_main_java_org_onebusaway_transit_data_federation_impl_beans_StopWithArrivalsAndDeparturesBeanServiceImpl.java,clean,,FP,test-label,94.463
driver-auto,pos,camsys_onebusaway-application-modules__e779e9fce1,camsys_onebusaway-application-modules__e779e9fce1__onebusaway-transit-data_src_main_java_org_onebusaway_transit_data_model_ArrivalsAndDeparturesQueryBean.java,clean,,FP,test-label,93.162
driver-auto,pos,clojure_clojure__77342d2e35,clojure_clojure__77342d2e35__src_jvm_clojure_lang_Compiler.java,conflict,semantic,TN,dev-match,198.392
driver-auto,pos,cloudfoundry_cf-java-client__80d0a0dff9,cloudfoundry_cf-java-client__80d0a0dff9__cloudfoundry-operations_src_main_java_org_cloudfoundry_operations_serviceadmin_DefaultServiceAdmin.java,clean,,FP,test-label,101.874
driver-auto,pos,cloudfoundry_cf-java-client__933add90ad,cloudfoundry_cf-java-client__933add90ad__cloudfoundry-operations_src_main_java_org_cloudfoundry_operations_useradmin_DefaultUserAdmin.java,clean,,FP,test-label,103.263
driver-auto,pos,cloudfoundry_cf-java-client__9f6b79e294,cloudfoundry_cf-java-client__9f6b79e294__cloudfoundry-operations_src_main_java_org_cloudfoundry_operations_applications_DefaultApplications.java,clean,,FP,test-label,126.415
driver-auto,pos,cloudfoundry_cf-java-client__a69078adc8,cloudfoundry_cf-java-client__a69078adc8__cloudfoundry-operations_src_main_java_org_cloudfoundry_operations__DefaultCloudFoundryOperations.java,clean,,FP,test-label,94.401
driver-auto,pos,cloudfoundry_cf-java-client__a69078adc8,cloudfoundry_cf-java-client__a69078adc8__integration-test_src_test_java_org_cloudfoundry_IntegrationTestConfiguration.java,clean,,FP,test-label,98.664
driver-auto,pos,cloudfoundry_cf-java-client__a9d35d542d,cloudfoundry_cf-java-client__a9d35d542d__cloudfoundry-operations_src_main_java_org_cloudfoundry_operations_routes_DefaultRoutes.java,clean,,FP,dev-match,107.034
driver-auto,pos,cloudfoundry_cf-java-client__a9d35d542d,cloudfoundry_cf-java-client__a9d35d542d__integration-test_src_test_java_org_cloudfoundry_operations_RoutesTest.java,clean,,FP,test-label,101.148
driver-auto,pos,cloudfoundry_cf-java-client__b0add1ef2a,cloudfoundry_cf-java-client__b0add1ef2a__cloudfoundry-operations_src_main_java_org_cloudfoundry_operations_services_DefaultServices.java,clean,,FP,dev-match,119.094
driver-auto,pos,cloudfoundry_cf-java-client__be097d5860,cloudfoundry_cf-java-client__be097d5860__cloudfoundry-client-reactor_src_main_java_org_cloudfoundry_reactor__DefaultConnectionContext.java,clean,,FP,test-label,94.894
driver-auto,pos,cloudfoundry_cf-java-client__be097d5860,cloudfoundry_cf-java-client__be097d5860__cloudfoundry-client-reactor_src_main_java_org_cloudfoundry_reactor_util_DefaultSslCertificateTruster.java,clean,,FP,test-label,95.746
driver-auto,pos,cloudfoundry_cf-java-client__eb3b2f5beb,cloudfoundry_cf-java-client__eb3b2f5beb__cloudfoundry-operations_src_main_java_org_cloudfoundry_operations__DefaultCloudFoundryOperations.java,clean,,FP,test-label,94.509
driver-auto,pos,cloudslang_score__66ba4f51e3,cloudslang_score__66ba4f51e3__score-api_src_main_java_io_cloudslang_score_lang_ExecutionRuntimeServices.java,conflict,textual,TN,dev-match,92.257
driver-auto,pos,comatoes_ftl-profile-editor__e87fe65818,comatoes_ftl-profile-editor__e87fe65818__src_main_java_net_blerf_ftl_parser_SavedGameParser.java,conflict,semantic,TN,dev-match,101.222
driver-auto,pos,cribbstechnologies_java-mandrill-wrapper__0cf79745f1,cribbstechnologies_java-mandrill-wrapper__0cf79745f1__src_main_java_com_cribbstechnologies_clients_mandrill_model_MandrillMessage.java,conflict,textual,TN,dev-match,86.736
driver-auto,pos,cribbstechnologies_java-mandrill-wrapper__0cf79745f1,cribbstechnologies_java-mandrill-wrapper__0cf79745f1__src_test_java_com_cribbstechnologies_clients_mandrill_request_MandrillRESTRequestTest.java,conflict,textual,TN,dev-match,97.411
driver-auto,pos,cternes_openkeepass__bb53512ab2,cternes_openkeepass__bb53512ab2__src_main_java_de_slackspace_openkeepass_KeePassDatabase.java,clean,,FP,test-label,94.977
driver-auto,pos,cternes_openkeepass__bb53512ab2,cternes_openkeepass__bb53512ab2__src_test_java_de_slackspace_openkeepass_reader_KeepassDatabaseReaderTest.java,conflict,textual,TN,dev-match,89.759
driver-auto,pos,dabsquared_gitlab-plugin__d555b8773d,dabsquared_gitlab-plugin__d555b8773d__src_main_java_com_dabsquared_gitlabjenkins_connection_GitLabConnectionConfig.java,clean,,FP,test-label,93.806
driver-auto,pos,datastax_java-driver__0dd96ea21f,datastax_java-driver__0dd96ea21f__driver-core_src_main_java_com_datastax_driver_core_TableMetadata.java,conflict,textual,TN,dev-match,98.557
driver-auto,pos,datastax_java-driver__1f25c7e3a0,datastax_java-driver__1f25c7e3a0__driver-core_src_main_java_com_datastax_driver_core_Cluster.java,clean,,FP,test-label,110.986
driver-auto,pos,datastax_java-driver__1f25c7e3a0,datastax_java-driver__1f25c7e3a0__driver-core_src_main_java_com_datastax_driver_core_TypeCodec.java,conflict,textual,TN,dev-match,101.854
driver-auto,pos,datastax_java-driver__3eb34e6785,datastax_java-driver__3eb34e6785__driver-core_src_main_java_com_datastax_driver_core_TableMetadata.java,clean,,FP,dev-match,105.105
driver-auto,pos,datastax_java-driver__725b790a79,datastax_java-driver__725b790a79__driver-core_src_main_java_com_datastax_driver_core_Cluster.java,conflict,textual,TN,dev-match,101.825
driver-auto,pos,datastax_java-driver__7ff4958746,datastax_java-driver__7ff4958746__driver-core_src_main_java_com_datastax_driver_core_Cluster.java,clean,,FP,test-label,111.41
driver-auto,pos,datastax_java-driver__7ff4958746,datastax_java-driver__7ff4958746__driver-core_src_main_java_com_datastax_driver_core_ControlConnection.java,clean,,FP,dev-match,98.416
driver-auto,pos,datastax_java-driver__e1535e89ad,datastax_java-driver__e1535e89ad__driver-core_src_main_java_com_datastax_driver_core_HostConnectionPool.java,conflict,semantic,TN,dev-match,97.037
driver-auto,pos,deemopen_zkui__2843e7c28f,deemopen_zkui__2843e7c28f__src_main_java_com_deem_zkui_controller_Import.java,clean,,FP,test-label,94.58
driver-auto,pos,deemopen_zkui__2843e7c28f,deemopen_zkui__2843e7c28f__src_main_java_com_deem_zkui_vo_LeafBean.java,conflict,textual,TN,dev-match,87.423
driver-auto,pos,digidotcom_xbeejavalibrary__6279f85f74,digidotcom_xbeejavalibrary__6279f85f74__src_com_digi_xbee_api_XBeeDevice.java,conflict,textual,TN,dev-match,97.05
driver-auto,pos,dius_java-faker__4c61966b1c,dius_java-faker__4c61966b1c__src_main_java_com_github_javafaker_Faker.java,clean,,FP,test-label,96.674
driver-auto,pos,dtrules_dtrules__505c5cbf82,dtrules_dtrules__505c5cbf82__compilerutil_src_main_java_com_dtrules_trace_Trace.java,clean,,FP,test-label,90.686
driver-auto,pos,elisarver_selophane__4ecc600017,elisarver_selophane__4ecc600017__src_test_java_org_selophane_elements_FormTest.java,clean,,FP,test-label,91.577
driver-auto,pos,elisarver_selophane__4ecc600017,elisarver_selophane__4ecc600017__src_test_java_org_selophane_elements_helpers_FormTestObject.java,clean,,FP,test-label,89.644
driver-auto,pos,erudika_para__a9e67cc8b3,erudika_para__a9e67cc8b3__para-server_src_main_java_com_erudika_para_aop_IndexAndCacheAspect.java,conflict,textual,TN,dev-match,94.361
driver-auto,pos,fasterxml_jackson-core__2572819ed9,fasterxml_jackson-core__2572819ed9__src_test_java_com_fasterxml_jackson_core_sym_TestSymbolTables.java,clean,,FP,test-label,92.744
driver-auto,pos,fasterxml_jackson-datatype-joda__4e6c266339,fasterxml_jackson-datatype-joda__4e6c266339__src_test_java_com_fasterxml_jackson_datatype_joda_JodaSerializationTest.java,clean,,FP,test-label,93.469
driver-auto,pos,feroult_yawp__141f79a8e9,feroult_yawp__141f79a8e9__src_main_java_endpoint_repository_IdRef.java,clean,,FP,test-label,92.952
driver-auto,pos,feroult_yawp__1723236a65,feroult_yawp__1723236a65__src_main_java_endpoint_actions_RepositoryActions.java,clean,,FP,test-label,94.709
driver-auto,pos,frankbille_scoreboard__890ecd0bdb,frankbille_scoreboard__890ecd0bdb__src_main_java_dk_frankbille_scoreboard_domain_Player.java,clean,,FP,test-label,91.612
driver-auto,pos,garbagemule_mobarena__b34dc0d5ac,garbagemule_mobarena__b34dc0d5ac__src_main_java_com_garbagemule_MobArena_MASpawnThread.java,clean,,FP,test-label,101.014
driver-auto,pos,google_compile-testing__608e1cb92a,google_compile-testing__608e1cb92a__src_test_java_com_google_testing_compile_JavaSourcesSubjectFactoryTest.java,conflict,textual,FN,dev-match,91.109
driver-auto,pos,google_truth__2e4a23bebb,google_truth__2e4a23bebb__core_src_main_java_org_truth0_subjects_StringSubject.java,clean,,FP,test-label,93.049
driver-auto,pos,google_truth__2e4a23bebb,google_truth__2e4a23bebb__core_src_test_java_org_truth0_subjects_StringTest.java,clean,,FP,test-label,92.651
driver-auto,pos,google_truth__9289ed34ae,google_truth__9289ed34ae__src_main_java_org_junit_contrib_truth_subjects_IterableSubject.java,conflict,textual,TN,dev-match,88.101
driver-auto,pos,google_truth__9289ed34ae,google_truth__9289ed34ae__src_test_java_org_junit_contrib_truth_IterableTest.java,clean,,FP,test-label,90.811
driver-auto,pos,greese_dasein-cloud-core__6c37152e5f,greese_dasein-cloud-core__6c37152e5f__src_main_java_org_dasein_cloud_network_LoadBalancerHealthCheck.java,conflict,textual,FN,dev-match,88.948
driver-auto,pos,guhilling_cdi-test__f3f8094c67,guhilling_cdi-test__f3f8094c67__cdi-test-jpa_src_test_java_de_hilling_junit_cdi_jee_EntityManagerLifecycleTest.java,clean,,FP,test-label,89.798
driver-auto,pos,gwtbootstrap3_gwtbootstrap3__5c0d1eab79,gwtbootstrap3_gwtbootstrap3__5c0d1eab79__gwtbootstrap3_src_main_java_org_gwtbootstrap3_client_ui_base_form_AbstractForm.java,conflict,semantic,TN,dev-match,96.008
driver-auto,pos,haraldwalker_user-agent-utils__eaaaa1488b,haraldwalker_user-agent-utils__eaaaa1488b__src_main_java_eu_bitwalker_useragentutils_Browser.java,clean,,FP,test-label,95.829
driver-auto,pos,haraldwalker_user-agent-utils__eaaaa1488b,haraldwalker_user-agent-utils__eaaaa1488b__src_main_java_eu_bitwalker_useragentutils_OperatingSystem.java,clean,,FP,test-label,94.445
driver-auto,pos,ignorance77_transformiceapi__9a65b8374f,ignorance77_transformiceapi__9a65b8374f__src_main_java_ee_ignorance_transformiceapi_processors_MouseDeathProcessor.java,clean,,FP,test-label,88.868
driver-auto,pos,imixs_imixs-workflow__23b86de5b4,imixs_imixs-workflow__23b86de5b4__imixs-workflow-index-lucene_src_main_java_org_imixs_workflow_engine_lucene_LuceneIndexService.java,conflict,semantic,TN,dev-match,101.771
driver-auto,pos,imixs_imixs-workflow__23b86de5b4,imixs_imixs-workflow__23b86de5b4__imixs-workflow-index-lucene_src_main_java_org_imixs_workflow_engine_lucene_LuceneUpdateService.java,clean,,FP,test-label,91.266
driver-auto,pos,iryndin_jdbf__9853124d73,iryndin_jdbf__9853124d73__src_main_java_net_iryndin_jdbf_util_DbfMetadataUtils.java,clean,,FP,test-label,95.124
driver-auto,pos,j256_ormlite-core__2c159335d4,j256_ormlite-core__2c159335d4__src_main_java_com_j256_ormlite_stmt_mapped_MappedCreate.java,clean,,FP,test-label,96.314
driver-auto,pos,j256_ormlite-core__606986f118,j256_ormlite-core__606986f118__src_main_java_com_j256_ormlite_field_FieldType.java,clean,,FP,test-label,120.433
driver-auto,pos,jacquesberger_jsonparsingexample__ac521954c2,jacquesberger_jsonparsingexample__ac521954c2__src_main_java_org_jberger_jsonparsingexample_json_JSON.java,conflict,textual,TN,dev-match,88.373
driver-auto,pos,jadler-mocking_jadler__294a06c3fc,jadler-mocking_jadler__294a06c3fc__jadler-core_src_main_java_net_jadler_JadlerMocker.java,clean,,FP,test-label,98.255
driver-auto,pos,javamoney_jsr354-api__6d2356a153,javamoney_jsr354-api__6d2356a153__money-api_provider_src_test_java_javax_money_provider_MonetaryTest.java,clean,,FP,test-label,93.483
driver-auto,pos,javaparser_javaparser__41a398414f,javaparser_javaparser__41a398414f__javaparser-symbol-solver-core_src_main_java_com_github_javaparser_symbolsolver_javaparsermodel_JavaParserFacade.java,clean,,FP,dev-match,105.823
driver-auto,pos,javaparser_javaparser__41a398414f,javaparser_javaparser__41a398414f__javaparser-symbol-solver-core_src_main_java_com_github_javaparser_symbolsolver_javaparsermodel_TypeExtractor.java,clean,,FP,test-label,102.321
driver-auto,pos,javaparser_javaparser__91ebf36c06,javaparser_javaparser__91ebf36c06__javaparser-symbol-solver-core_src_main_java_com_github_javaparser_symbolsolver_javassistmodel_JavassistClassDeclaration.java,conflict,textual,TN,dev-match,100.307
driver-auto,pos,javaparser_javaparser__91ebf36c06,javaparser_javaparser__91ebf36c06__javaparser-symbol-solver-testing_src_test_java_com_github_javaparser_symbolsolver_resolution_AnalyseJavaSymbolSolver060Test.java,clean,,FP,test-label,97.981
driver-auto,pos,javaparser_javaparser__a23c6aa3b8,javaparser_javaparser__a23c6aa3b8__javaparser-testing_src_test_java_com_github_javaparser_bdd_steps_DumpingSteps.java,clean,,FP,test-label,90.927
driver-auto,pos,javaparser_javaparser__dc6254f1bf,javaparser_javaparser__dc6254f1bf__javaparser-symbol-solver-core_src_main_java_com_github_javaparser_symbolsolver_javaparsermodel_declarations_JavaParserSymbolDeclaration.java,clean,,FP,test-label,92.1
driver-auto,pos,javaparser_javaparser__ff91564b7f,javaparser_javaparser__ff91564b7f__javaparser-core-testing_src_test_java_com_github_javaparser_modules_ModuleDeclarationTest.java,clean,,FP,test-label,94.285
driver-auto,pos,jboss-msc_jboss-msc__1d9b8d45ff,jboss-msc_jboss-msc__1d9b8d45ff__src_main_java_org_jboss_msc_service_BatchInjectionBuilderImpl.java,conflict,textual,FN,dev-match,91.858
driver-auto,pos,jboss-msc_jboss-msc__a4e21a3b10,jboss-msc_jboss-msc__a4e21a3b10__src_main_java_org_jboss_msc_service_ServiceContainerImpl.java,clean,,FP,test-label,97.163
driver-auto,pos,jboss-remoting_jboss-remoting__66a0631d13,jboss-remoting_jboss-remoting__66a0631d13__src_main_java_org_jboss_remoting3_RemotingXmlParser.java,clean,,FP,test-label,95.204
driver-auto,pos,jcabi_jcabi-github__27cc460e3c,jcabi_jcabi-github__27cc460e3c__src_main_java_com_jcabi_github_Gist.java,clean,,FP,test-label,91.76
driver-auto,pos,jcabi_jcabi-github__27cc460e3c,jcabi_jcabi-github__27cc460e3c__src_test_java_com_jcabi_github_RtGistITCase.java,conflict,semantic,TN,dev-match,91.756
driver-auto,pos,jcabi_jcabi-github__b13d2596ba,jcabi_jcabi-github__b13d2596ba__src_test_java_com_jcabi_github_RtIssueITCase.java,conflict,textual,TN,dev-match,89.859
driver-auto,pos,jcabi_jcabi-github__b13d2596ba,jcabi_jcabi-github__b13d2596ba__src_test_java_com_jcabi_github_RtMilestonesITCase.java,clean,,FP,test-label,91.407
driver-auto,pos,jcabi_jcabi-github__e18a8ffd16,jcabi_jcabi-github__e18a8ffd16__src_test_java_com_jcabi_github_RtHooksITCase.java,conflict,semantic,TN,dev-match,91.974
driver-auto,pos,jcabi_jcabi-http__0c63dd0c75,jcabi_jcabi-http__0c63dd0c75__src_main_java_com_jcabi_http_mock_MkQueryMatchers.java,clean,,TP,dev-match,89.643
driver-auto,pos,jdupl_lancoder__407742ea19,jdupl_lancoder__407742ea19__src_main_java_org_lancoder_Main.java,clean,,FP,test-label,94.22
driver-auto,pos,jdupl_lancoder__407742ea19,jdupl_lancoder__407742ea19__src_main_java_org_lancoder_master_api_web_ApiServer.java,conflict,textual,FN,dev-match,88.865
driver-auto,pos,jenkinsci_coverity-plugin__2fb8690816,jenkinsci_coverity-plugin__2fb8690816__src_main_java_jenkins_plugins_coverity_CoverityTool_CoverityToolHandler.java,clean,,FP,test-label,99.589
driver-auto,pos,jenkinsci_coverity-plugin__62bdb6232e,jenkinsci_coverity-plugin__62bdb6232e__src_main_java_jenkins_plugins_coverity_ws_DefectReader.java,clean,,FP,test-label,94.277
driver-auto,pos,jenkinsci_coverity-plugin__62bdb6232e,jenkinsci_coverity-plugin__62bdb6232e__src_test_java_jenkins_plugins_coverity_ws_DefectReaderTest.java,clean,,FP,test-label,93.202
driver-auto,pos,jenkinsci_credentials-plugin__b9cb5f9d1b,jenkinsci_credentials-plugin__b9cb5f9d1b__src_test_java_com_cloudbees_plugins_credentials_casc_CredentialsCategoryTest.java,clean,,FP,test-label,91.938
driver-auto,pos,jenkinsci_docker-build-publish-plugin__59faa9673c,jenkinsci_docker-build-publish-plugin__59faa9673c__src_main_java_com_cloudbees_dockerpublish_DockerBuilder.java,clean,,FP,test-label,101.52
driver-auto,pos,jenkinsci_email-ext-plugin__4def0e56a8,jenkinsci_email-ext-plugin__4def0e56a8__src_test_java_hudson_plugins_emailext_recipients_EmailRecipientUtilsTest.java,clean,,FP,test-label,96.291
driver-auto,pos,jenkinsci_jira-plugin__0eec353cb5,jenkinsci_jira-plugin__0eec353cb5__src_main_java_hudson_plugins_jira_JiraSite.java,clean,,FP,test-label,100.402
driver-auto,pos,jenkinsci_jira-plugin__6ad78581c9,jenkinsci_jira-plugin__6ad78581c9__src_main_java_hudson_plugins_jira_JiraChangeLogAnnotator.java,clean,,FP,test-label,94.295
driver-auto,pos,jenkinsci_jira-plugin__6ad78581c9,jenkinsci_jira-plugin__6ad78581c9__src_main_java_hudson_plugins_jira_JiraSite.java,clean,,FP,test-label,101.264
driver-auto,pos,jenkinsci_ldap-plugin__3eee59e25a,jenkinsci_ldap-plugin__3eee59e25a__src_main_java_hudson_security_LDAPSecurityRealm.java,conflict,semantic,TN,dev-match,118.577
driver-auto,pos,jenkinsci_ui-samples-plugin__81bf937a3d,jenkinsci_ui-samples-plugin__81bf937a3d__src_main_java_io_jenkins_plugins_designlibrary_Root.java,conflict,textual,TN,dev-match,89.567
driver-auto,pos,jline_jline2__348cb9dada,jline_jline2__348cb9dada__src_main_java_jline_console_ConsoleReader.java,clean,,FP,test-label,127.742
driver-auto,pos,jline_jline2__348cb9dada,jline_jline2__348cb9dada__src_test_java_jline_console_ConsoleReaderTestSupport.java,clean,,FP,test-label,94.676
driver-auto,pos,jline_jline2__5869eaa93a,jline_jline2__5869eaa93a__src_main_java_jline_console_ConsoleReader.java,conflict,textual,TN,dev-match,102.379
driver-auto,pos,jmetal_jmetal__162d1a63b7,jmetal_jmetal__162d1a63b7__jmetal-core_src_main_java_org_uma_jmetal_util_SolutionListUtils.java,clean,,FP,test-label,98.119
driver-auto,pos,jmetal_jmetal__162d1a63b7,jmetal_jmetal__162d1a63b7__jmetal-core_src_main_java_org_uma_jmetal_util_neighborhood_impl_AdaptiveRandomNeighborhood.java,clean,,FP,test-label,95.041
driver-auto,pos,jmetal_jmetal__7d9295f890,jmetal_jmetal__7d9295f890__jmetal-problem_src_main_java_org_uma_jmetal_problem_multiobjective_MultiobjectiveTSP.java,clean,,FP,test-label,96.782
driver-auto,pos,jmetal_jmetal__b4630972a8,jmetal_jmetal__b4630972a8__jmetal-auto_src_main_java_org_uma_jmetal_auto_parameter_Parameter.java,clean,,FP,dev-match,96.581
driver-auto,pos,jnr_jnr-unixsocket__467698b6bd,jnr_jnr-unixsocket__467698b6bd__src_main_java_jnr_unixsocket_Native.java,conflict,textual,TN,dev-match,91.647
driver-auto,pos,jnr_jnr-unixsocket__467698b6bd,jnr_jnr-unixsocket__467698b6bd__src_main_java_jnr_unixsocket_UnixSocketChannel.java,clean,,FP,test-label,94.305
driver-auto,pos,jnr_jnr-unixsocket__f8f34e5634,jnr_jnr-unixsocket__f8f34e5634__src_main_java_jnr_unixsocket_Native.java,clean,,FP,test-label,94.954
driver-auto,pos,joel-costigliola_assertj-core__1b4ad829f3,joel-costigliola_assertj-core__1b4ad829f3__src_test_java_org_assertj_core_api_SoftAssertionsTest.java,clean,,FP,test-label,103.994
driver-auto,pos,joel-costigliola_assertj-core__74baae279d,joel-costigliola_assertj-core__74baae279d__src_main_java_org_assertj_core_api_AbstractMapAssert.java,clean,,FP,test-label,95.881
driver-auto,pos,joel-costigliola_assertj-core__74baae279d,joel-costigliola_assertj-core__74baae279d__src_main_java_org_assertj_core_api_AbstractObjectAssert.java,clean,,TP,dev-match,93.427
driver-auto,pos,jparsec_jparsec__ef02642abd,jparsec_jparsec__ef02642abd__src_main_java_org_codehaus_jparsec_Parser.java,conflict,textual,TN,dev-match,93.085
driver-auto,pos,jsprit_jsprit__5cf6758085,jsprit_jsprit__5cf6758085__jsprit-core_src_test_java_jsprit_core_analysis_SolutionAnalyserTest.java,clean,,FP,test-label,122.335
driver-auto,pos,jwtk_jjwt__ff932e9838,jwtk_jjwt__ff932e9838__src_main_java_io_jsonwebtoken_impl_DefaultJwtParser.java,clean,,FP,dev-match,97.579
driver-auto,pos,k3po_k3po__084cc0b426,k3po_k3po__084cc0b426__specification_wse_src_test_java_org_kaazing_specification_wse_data_BinaryAsEscapedTextIT.java,clean,,FP,test-label,91.802
driver-auto,pos,kaazing_k3po__084cc0b426,kaazing_k3po__084cc0b426__specification_wse_src_test_java_org_kaazing_specification_wse_data_BinaryAsEscapedTextIT.java,clean,,FP,test-label,90.842
driver-auto,pos,kaazing_robot__084cc0b426,kaazing_robot__084cc0b426__specification_wse_src_test_java_org_kaazing_specification_wse_data_BinaryAsEscapedTextIT.java,clean,,FP,test-label,90.528
driver-auto,pos,kohsuke_github-api__4e56b8bb78,kohsuke_github-api__4e56b8bb78__src_main_java_org_kohsuke_github_GHRepository.java,conflict,textual,TN,dev-match,112.23
driver-auto,pos,kohsuke_github-api__4e56b8bb78,kohsuke_github-api__4e56b8bb78__src_main_java_org_kohsuke_github_Requester.java,clean,,FP,test-label,102.318
driver-auto,pos,kongchen_swagger-maven-plugin__1e61731653,kongchen_swagger-maven-plugin__1e61731653__src_main_java_com_github_kongchen_swagger_docgen_reader_SpringMvcApiReader.java,clean,,FP,test-label,101.985
driver-auto,pos,kongchen_swagger-maven-plugin__3d2ea22d07,kongchen_swagger-maven-plugin__3d2ea22d07__src_main_java_com_github_kongchen_swagger_docgen_reader_AbstractReader.java,conflict,semantic,TN,dev-match,104.699
driver-auto,pos,learning-layers_socialsemanticserver__4ada3cddc3,learning-layers_socialsemanticserver__4ada3cddc3__serv_serv.custom_serv.custom.caller_src_main_java_at_tugraz_sss_serv_caller_SSServCaller.java,conflict,textual,TN,dev-match,102.992
driver-auto,pos,learning-layers_socialsemanticserver__4ada3cddc3,learning-layers_socialsemanticserver__4ada3cddc3__serv_serv.custom_serv.custom.ops_src_main_java_at_tugraz_sss_serv_SSServOpE.java,clean,,FP,test-label,91.314
driver-auto,pos,lwhite1_tablesaw__13178c81a1,lwhite1_tablesaw__13178c81a1__core_src_main_java_tech_tablesaw_api_DateTimeColumn.java,clean,,FP,test-label,103.185
driver-auto,pos,mashape_unirest-java__121f85b819,mashape_unirest-java__121f85b819__src_test_java_com_mashape_unirest_test_http_UnirestTest.java,conflict,textual,TN,dev-match,97.401
driver-auto,pos,mashape_unirest-java__b43fb95f4a,mashape_unirest-java__b43fb95f4a__src_test_java_com_mashape_unirest_test_http_UnirestTest.java,conflict,textual,TN,dev-match,97.756
driver-auto,pos,mbosecke_pebble__617aab328f,mbosecke_pebble__617aab328f__src_main_java_com_mitchellbosecke_pebble_extension_core_CoreExtension.java,clean,,FP,test-label,96.788
driver-auto,pos,mbosecke_pebble__617aab328f,mbosecke_pebble__617aab328f__src_test_java_com_mitchellbosecke_pebble_CoreTagsTest.java,clean,,FP,test-label,105.335
driver-auto,pos,mercadopago_sdk-java__b7498c6f9d,mercadopago_sdk-java__b7498c6f9d__src_main_java_com_mercadopago_client_payment_PaymentRefundClient.java,clean,,FP,test-label,92.586
driver-auto,pos,mikera_vectorz__d93ef1b341,mikera_vectorz__d93ef1b341__src_test_java_mikera_matrixx_TestMatrices.java,clean,,FP,test-label,101.043
driver-auto,pos,mitre_http-proxy-servlet__b7a68118f2,mitre_http-proxy-servlet__b7a68118f2__src_main_java_org_mitre_dsmiley_httpproxy_ProxyServlet.java,clean,,FP,test-label,99.79
driver-auto,pos,mixpanel_mixpanel-java__bcdd1ed28f,mixpanel_mixpanel-java__bcdd1ed28f__src_main_java_com_mixpanel_mixpanelapi_MixpanelAPI.java,conflict,textual,TN,dev-match,90.247
driver-auto,pos,monitorjbl_excel-streaming-reader__8698befdf4,monitorjbl_excel-streaming-reader__8698befdf4__src_main_java_com_monitorjbl_xlsx_impl_StreamingRow.java,clean,,TP,dev-match,93.339
driver-auto,pos,monitorjbl_excel-streaming-reader__8698befdf4,monitorjbl_excel-streaming-reader__8698befdf4__src_test_java_com_monitorjbl_xlsx_StreamingReaderTest.java,conflict,textual,TN,dev-match,97.717
driver-auto,pos,movsim_movsim__00d5222b61,movsim_movsim__00d5222b61__src_main_java_org_movsim_simulator_roadSection_impl_RoadSectionImpl.java,clean,,FP,dev-match,100.252
driver-auto,pos,movsim_movsim__6dae25caf7,movsim_movsim__6dae25caf7__core_src_main_java_org_movsim_SimulationScan.java,clean,,TP,dev-match,93.904
driver-auto,pos,movsim_movsim__6dae25caf7,movsim_movsim__6dae25caf7__core_src_main_java_org_movsim_simulator_roadnetwork_RoadSegment.java,clean,,FP,test-label,108.047
driver-auto,pos,msopentech_azure-activedirectory-library-for-java__d3f143872b,msopentech_azure-activedirectory-library-for-java__d3f143872b__src_test_java_com_microsoft_aad_adal4j_AuthenticationContextTest.java,clean,,FP,test-label,99.04
driver-auto,pos,named-data_jndn__3d47402192,named-data_jndn__3d47402192__src_net_named_data_jndn_NetworkNack.java,clean,,FP,test-label,92.51
driver-auto,pos,named-data_jndn__e0db451bf1,named-data_jndn__e0db451bf1__src_net_named_data_jndn_Face.java,clean,,FP,test-label,98.494
driver-auto,pos,ninjaframework_ninja__31737c1a10,ninjaframework_ninja__31737c1a10__ninja-servlet_src_main_java_ninja_servlet_ContextImpl.java,clean,,FP,test-label,100.033
driver-auto,pos,ninjaframework_ninja__31737c1a10,ninjaframework_ninja__31737c1a10__ninja-servlet_src_test_java_ninja_servlet_ContextImplTest.java,clean,,FP,test-label,102.353
driver-auto,pos,ninjaframework_ninja__45bb542cb4,ninjaframework_ninja__45bb542cb4__ninja-core_src_main_java_ninja_AssetsController.java,conflict,textual,TN,dev-match,89.814
driver-auto,pos,ninjaframework_ninja__45bb542cb4,ninjaframework_ninja__45bb542cb4__ninja-demo-application_src_test_java_controllers_ApplicationControllerTest.java,conflict,textual,TN,dev-match,91.264
driver-auto,pos,ninjaframework_ninja__663883c228,ninjaframework_ninja__663883c228__ninja-core_src_main_java_ninja_utils_NinjaProperties.java,clean,,FP,test-label,89.32
driver-auto,pos,ninjaframework_ninja__663883c228,ninjaframework_ninja__663883c228__ninja-core_src_main_java_ninja_utils_NinjaPropertiesImpl.java,clean,,FP,test-label,98.213
driver-auto,pos,ninjaframework_ninja__94b2365be3,ninjaframework_ninja__94b2365be3__ninja-core_src_main_java_ninja_Context.java,clean,,FP,test-label,90.294
driver-auto,pos,ninjaframework_ninja__94b2365be3,ninjaframework_ninja__94b2365be3__ninja-core_src_main_java_ninja_ContextImpl.java,clean,,FP,test-label,97.363
driver-auto,pos,northlander_a__c3f2865b88,northlander_a__c3f2865b88__src_test_java_co_nordlander_a_BaseTest.java,conflict,textual,TN,dev-match,94.993
driver-auto,pos,nuodb_migration-tools__2e1f6973c4,nuodb_migration-tools__2e1f6973c4__src_test_java_com_nuodb_tools_migration_jdbc_metamodel_DatabaseIntrospectorTest.java,clean,,FP,test-label,92.651
driver-auto,pos,nurkiewicz_java8-workshop__f5918aa79c,nurkiewicz_java8-workshop__f5918aa79c__src_main_java_com_nurkiewicz_java8_holidays_PolishHolidays.java,clean,,FP,test-label,93.073
driver-auto,pos,nysenate_openlegislation__9c7cf034c1,nysenate_openlegislation__9c7cf034c1__src_main_java_gov_nysenate_openleg_search_committee_ElasticCommitteeSearchDao.java,clean,,FP,test-label,95.996
driver-auto,pos,okleine_ncoap__99de16a6d2,okleine_ncoap__99de16a6d2__src_main_java_de_uniluebeck_itm_spitfire_nCoap_message_CoapRequest.java,clean,,FP,test-label,97.623
driver-auto,pos,onebusaway_onebusaway-application-modules__915e2f3ffe,onebusaway_onebusaway-application-modules__915e2f3ffe__onebusaway-transit-data-federation_src_main_java_org_onebusaway_transit_data_federation_impl_beans_StopWithArrivalsAndDeparturesBeanServiceImpl.java,clean,,FP,test-label,97.381
driver-auto,pos,onebusaway_onebusaway-application-modules__e779e9fce1,onebusaway_onebusaway-application-modules__e779e9fce1__onebusaway-transit-data_src_main_java_org_onebusaway_transit_data_model_ArrivalsAndDeparturesQueryBean.java,clean,,FP,test-label,97.39
driver-auto,pos,openhft_chronicle-bytes__5bad7e86ea,openhft_chronicle-bytes__5bad7e86ea__src_main_java_net_openhft_chronicle_bytes_NativeBytes.java,clean,,FP,test-label,99.686
driver-auto,pos,openhft_chronicle-bytes__a9e7269a84,openhft_chronicle-bytes__a9e7269a84__src_main_java_net_openhft_chronicle_bytes_MappedFile.java,conflict,textual,TN,dev-match,93.852
driver-auto,pos,openhft_chronicle-bytes__e3ac571d25,openhft_chronicle-bytes__e3ac571d25__src_test_java_net_openhft_chronicle_bytes_BytesTest.java,conflict,textual,TN,dev-match,98.46
driver-auto,pos,openhft_chronicle-network__fb39c8ca3b,openhft_chronicle-network__fb39c8ca3b__src_main_java_net_openhft_chronicle_network_cluster_Cluster.java,conflict,textual,TN,dev-match,94.409
driver-auto,pos,openpnp_openpnp__93126880a6,openpnp_openpnp__93126880a6__src_main_java_org_openpnp_gui_MainFrame.java,clean,,FP,test-label,246.792
driver-auto,pos,openpnp_openpnp__a3cca4daba,openpnp_openpnp__a3cca4daba__src_main_java_org_openpnp_machine_reference_ReferenceNozzle.java,conflict,textual,TN,dev-match,102.4
driver-auto,pos,openpnp_openpnp__a3cca4daba,openpnp_openpnp__a3cca4daba__src_main_java_org_openpnp_machine_reference_ReferenceNozzleTip.java,clean,,FP,test-label,104.121
driver-auto,pos,openpnp_openpnp__fb30708fe0,openpnp_openpnp__fb30708fe0__src_main_java_org_openpnp_machine_reference_driver_GcodeDriver.java,clean,,FP,dev-match,117.177
driver-auto,pos,prism_prism-bukkit__15140fadb2,prism_prism-bukkit__15140fadb2__src_main_java_me_botsko_prism_Prism.java,clean,,FP,test-label,105.257
driver-auto,pos,prism_prism-bukkit__6dfb9ef0cf,prism_prism-bukkit__6dfb9ef0cf__src_main_java_me_botsko_prism_commands_NearCommand.java,clean,,FP,test-label,96.835
driver-auto,pos,prism_prism-bukkit__74927cacad,prism_prism-bukkit__74927cacad__src_main_java_me_botsko_prism_actionlibs_ActionsQuery.java,conflict,textual,TN,dev-match,92.067
driver-auto,pos,prism_prism-bukkit__74927cacad,prism_prism-bukkit__74927cacad__src_main_java_me_botsko_prism_database_DeleteQuery.java,clean,,FP,test-label,89.837
driver-auto,pos,progether_jadventure__9ce4a7106c,progether_jadventure__9ce4a7106c__src_main_java_com_jadventure_game_navigation_LocationType.java,conflict,textual,TN,dev-match,87.793
driver-auto,pos,progether_jadventure__9ce4a7106c,progether_jadventure__9ce4a7106c__src_main_java_com_jadventure_game_prompts_CommandCollection.java,clean,,FP,test-label,99.25
driver-auto,pos,progether_jadventure__e28401af85,progether_jadventure__e28401af85__src_main_java_com_jadventure_game_prompts_CommandParser.java,conflict,semantic,FN,dev-match,90.87
driver-auto,pos,projectblueshift_blueshiftapi__004679e5bb,projectblueshift_blueshiftapi__004679e5bb__src_main_java_net_tridentsdk_chat_ChatComponent.java,clean,,FP,dev-match,99.256
driver-auto,pos,recruit-tech_redpen__58d3096f6c,recruit-tech_redpen__58d3096f6c__redpen-core_src_test_java_cc_redpen_parser_SentenceExtractorTest.java,clean,,FP,test-label,99.694
driver-auto,pos,relayrides_pushy__6badde9538,relayrides_pushy__6badde9538__src_main_java_com_relayrides_pushy_apns_PushManager.java,conflict,semantic,TN,dev-match,102.932
driver-auto,pos,sailthru_sailthru-java-client__ee1f917600,sailthru_sailthru-java-client__ee1f917600__src_main_com_sailthru_client_exceptions_ApiException.java,clean,,FP,test-label,93.692
driver-auto,pos,samskivert_jmustache__940af397c4,samskivert_jmustache__940af397c4__src_main_java_com_samskivert_mustache_Mustache.java,clean,,FP,test-label,111.172
driver-auto,pos,sander2798_enderstone__3de930e0ed,sander2798_enderstone__3de930e0ed__src_org_enderstone_server_entity_EnderPlayer.java,clean,,FP,test-label,116.877
driver-auto,pos,sander2798_enderstone__b515bac1b0,sander2798_enderstone__b515bac1b0__src_org_enderstone_server_packet_codec_MinecraftServerCodex.java,clean,,FP,test-label,97.966
driver-auto,pos,sandergielisse_enderstone__3de930e0ed,sandergielisse_enderstone__3de930e0ed__src_org_enderstone_server_entity_EnderPlayer.java,clean,,FP,test-label,115.336
driver-auto,pos,sandergielisse_enderstone__b515bac1b0,sandergielisse_enderstone__b515bac1b0__src_org_enderstone_server_packet_codec_MinecraftServerCodex.java,clean,,FP,test-label,96.775
driver-auto,pos,segmentio_analytics-java__0d4a7b4e69,segmentio_analytics-java__0d4a7b4e69__analytics_src_main_java_com_segment_analytics_internal_AnalyticsClient.java,clean,,FP,test-label,103.372
driver-auto,pos,segmentio_analytics-java__0d4a7b4e69,segmentio_analytics-java__0d4a7b4e69__analytics_src_test_java_com_segment_analytics_internal_AnalyticsClientTest.java,clean,,FP,test-label,107.67
driver-auto,pos,skyscreamer_nevado__cdc23cde46,skyscreamer_nevado__cdc23cde46__nevado-jms_src_main_java_org_skyscreamer_nevado_jms_connector_amazonaws_AmazonAwsSQSConnectorFactory.java,conflict,textual,TN,dev-match,90.972
driver-auto,pos,softinstigate_restheart__98dda32101,softinstigate_restheart__98dda32101__graphql_src_main_java_org_restheart_graphql_GraphQLService.java,conflict,semantic,TN,dev-match,103.053
driver-auto,pos,softinstigate_restheart__b196d4fc15,softinstigate_restheart__b196d4fc15__graphql_src_main_java_org_restheart_graphql_scalars_BsonScalars.java,clean,,FP,dev-match,96.223
driver-auto,pos,softinstigate_restheart__d8673744dc,softinstigate_restheart__d8673744dc__src_main_java_org_restheart_handlers_RequestContext.java,clean,,FP,test-label,110.637
driver-auto,pos,softinstigate_restheart__d8673744dc,softinstigate_restheart__d8673744dc__src_main_java_org_restheart_handlers_RequestDispatcherHandler.java,conflict,textual,TN,dev-match,103.532
driver-auto,pos,sps_pushover4j__88cd636fab,sps_pushover4j__88cd636fab__src_main_java_net_pushover_client_PushoverResponseFactory.java,conflict,textual,TN,dev-match,92.814
driver-auto,pos,sps_pushover4j__88cd636fab,sps_pushover4j__88cd636fab__src_test_java_net_pushover_client_PushoverResponseFactoryTest.java,clean,,FP,test-label,95.501
driver-auto,pos,square_javapoet__d019b6f624,square_javapoet__d019b6f624__src_main_java_com_squareup_javawriter_JavaWriter.java,clean,,FP,test-label,106.73
driver-auto,pos,square_javapoet__d019b6f624,square_javapoet__d019b6f624__src_test_java_com_squareup_javawriter_JavaWriterTest.java,clean,,FP,test-label,104.84
driver-auto,pos,sstrickx_yahoofinance-api__216ad70070,sstrickx_yahoofinance-api__216ad70070__src_main_java_stockagent_RuleBasedAgent.java,clean,,FP,test-label,94.319
driver-auto,pos,steveice10_mcprotocollib__5c8a435832,steveice10_mcprotocollib__5c8a435832__src_main_java_com_github_steveice10_mc_protocol_data_message_style_MessageStyle.java,clean,,FP,test-label,95.975
driver-auto,pos,steveice10_packetlib__295cf3e47a,steveice10_packetlib__295cf3e47a__src_main_java_com_github_steveice10_packetlib_tcp_TcpClientSession.java,conflict,textual,TN,dev-match,97.654
driver-auto,pos,swagger-api_swagger-parser__41ccee4da3,swagger-api_swagger-parser__41ccee4da3__modules_swagger-parser-v3_src_test_java_io_swagger_v3_parser_test_OpenAPIV3ParserTest.java,conflict,textual,TN,dev-match,113.009
driver-auto,pos,swagger-api_swagger-parser__59a85a29da,swagger-api_swagger-parser__59a85a29da__modules_swagger-parser-v3_src_test_java_io_swagger_v3_parser_test_OpenAPIV3ParserTest.java,conflict,textual,TN,dev-match,113.306
driver-auto,pos,tabulapdf_tabula-java__767699f3aa,tabulapdf_tabula-java__767699f3aa__src_main_java_technology_tabula_detectors_RegexSearch.java,clean,,FP,dev-match,116.793
driver-auto,pos,tabulapdf_tabula-java__767699f3aa,tabulapdf_tabula-java__767699f3aa__src_test_java_technology_tabula_TestRegexSearch.java,clean,,FP,dev-match,109.066
driver-auto,pos,tcurdt_jdeb__77d052996a,tcurdt_jdeb__77d052996a__src_main_java_org_vafer_jdeb_DataBuilder.java,conflict,semantic,TN,dev-match,104.116
driver-auto,pos,tcurdt_jdeb__77d052996a,tcurdt_jdeb__77d052996a__src_test_java_org_vafer_jdeb_DataBuilderTestCase.java,clean,,FP,test-label,95.721
driver-auto,pos,thenewcircle_spring-hibernate-20120924__7ec9c1b4bb,thenewcircle_spring-hibernate-20120924__7ec9c1b4bb__src_main_java_com_marakana_contacts_controllers_ContactController.java,conflict,textual,TN,dev-match,92.577
driver-auto,pos,tridentsdk_tridentsdk__004679e5bb,tridentsdk_tridentsdk__004679e5bb__src_main_java_net_tridentsdk_chat_ChatComponent.java,clean,,FP,dev-match,100.961
driver-auto,pos,tumblr_jumblr__31bd6f8335,tumblr_jumblr__31bd6f8335__src_main_java_com_tumblr_jumblr_exceptions_JumblrException.java,clean,,FP,test-label,96.846
driver-auto,pos,tumblr_jumblr__31bd6f8335,tumblr_jumblr__31bd6f8335__src_main_java_com_tumblr_jumblr_request_RequestBuilder.java,clean,,FP,test-label,98.677
driver-auto,pos,urbanairship_datacube__b8bef94f4d,urbanairship_datacube__b8bef94f4d__src_main_java_com_urbanairship_datacube_DataCubeIo.java,clean,,FP,test-label,100.883
driver-auto,pos,urbanairship_datacube__b8bef94f4d,urbanairship_datacube__b8bef94f4d__src_main_java_com_urbanairship_datacube_dbharnesses_HBaseDbHarness.java,clean,,FP,test-label,102.393
driver-auto,pos,urbanairship_java-library__bbe0297a10,urbanairship_java-library__bbe0297a10__src_test_java_com_urbanairship_api_customevents_model_CustomEventPayloadTest.java,clean,,FP,test-label,101.271
driver-auto,pos,urbanairship_java-library__bbe0297a10,urbanairship_java-library__bbe0297a10__src_test_java_com_urbanairship_api_customevents_parse_CustomEventPayloadSerializerTest.java,clean,,FP,test-label,96.356
driver-auto,pos,uwolfer_gerrit-rest-java-client__8e688db702,uwolfer_gerrit-rest-java-client__8e688db702__src_main_java_com_urswolfer_gerrit_client_rest_http_GerritRestClient.java,conflict,textual,TN,dev-match,96.511
driver-auto,pos,vkostyukov_la4j__d216aa8928,vkostyukov_la4j__d216aa8928__src_main_java_org_la4j_vector_AbstractVector.java,clean,,FP,test-label,100.612
driver-auto,pos,vkostyukov_la4j__d216aa8928,vkostyukov_la4j__d216aa8928__src_test_java_org_la4j_vector_sparse_SparseVectorTest.java,clean,,FP,test-label,92.625
driver-auto,pos,vojtechhabarta_typescript-generator__51835d3c16,vojtechhabarta_typescript-generator__51835d3c16__typescript-generator-spring_src_test_java_cz_habarta_typescript_generator_spring_SpringTest.java,clean,,FP,test-label,99.626
driver-auto,pos,warmuuh_libsass-maven-plugin__5ca7b3f086,warmuuh_libsass-maven-plugin__5ca7b3f086__src_main_java_wrm_CompilationMojo.java,clean,,TP,dev-match,93.432
driver-auto,pos,winder_universal-g-code-sender__84d687330a,winder_universal-g-code-sender__84d687330a__ugs-core_src_com_willwinder_universalgcodesender_model_GUIBackend.java,clean,,FP,test-label,106.793
driver-auto,pos,winder_universal-g-code-sender__84d687330a,winder_universal-g-code-sender__84d687330a__ugs-core_src_com_willwinder_universalgcodesender_utils_ControllerSettings.java,clean,,FP,test-label,94.223
driver-auto,pos,winder_universal-g-code-sender__bc742cb4c4,winder_universal-g-code-sender__bc742cb4c4__ugs-core_src_com_willwinder_universalgcodesender_GrblController.java,clean,,FP,test-label,103.263
driver-auto,pos,winder_universal-g-code-sender__c93fec43ee,winder_universal-g-code-sender__c93fec43ee__ugs-core_src_com_willwinder_universalgcodesender_gcode_util_CommandProcessorLoader.java,clean,,FP,test-label,94.598
driver-auto,pos,xebia_xebium__2808ba14a8,xebia_xebium__2808ba14a8__src_main_java_com_xebia_incubator_xebium_SeleniumDriverFixture.java,clean,,FP,test-label,99.866
driver-auto,pos,xebia_xebium__a82603c978,xebia_xebium__a82603c978__src_main_java_com_xebia_incubator_xebium_SeleniumDriverFixture.java,conflict,textual,TN,dev-match,93.438
driver-auto,ctl,adoptopenjdk_mjprof__44b7a2b3db,adoptopenjdk_mjprof__44b7a2b3db__src_main_java_com_performizeit_mjstack_MJStack.java,clean,,TP,test-label,89.076
driver-auto,ctl,aerospike_aerospike-client-java__b77316ac92,aerospike_aerospike-client-java__b77316ac92__proxy_src_com_aerospike_client_proxy_grpc_GrpcChannelExecutor.java,clean,,FP,dev-match,97.213
driver-auto,ctl,aerospike_aerospike-client-java__b77316ac92,aerospike_aerospike-client-java__b77316ac92__proxy_src_com_aerospike_client_proxy_grpc_GrpcStreamingCall.java,conflict,semantic,TN,dev-match,86.022
driver-auto,ctl,aerospike_aerospike-client-java__dfa7c50814,aerospike_aerospike-client-java__dfa7c50814__test_src_com_aerospike_test_util_Args.java,clean,,TP,test-label,89.823
driver-auto,ctl,aleksandr-m_gitflow-maven-plugin__7482fdb5b6,aleksandr-m_gitflow-maven-plugin__7482fdb5b6__src_main_java_com_amashchenko_maven_plugin_gitflow_AbstractGitFlowMojo.java,clean,,TP,test-label,106.894
driver-auto,ctl,alexcojocaru_elasticsearch-maven-plugin__6c23c6286d,alexcojocaru_elasticsearch-maven-plugin__6c23c6286d__src_main_java_com_github_alexcojocaru_mojo_elasticsearch_v2_StopMojo.java,clean,,TP,test-label,91.999
driver-auto,ctl,alibaba_canal__10930b9e3d,alibaba_canal__10930b9e3d__parse_src_main_java_com_alibaba_otter_canal_parse_inbound_mysql_dbsync_LogEventConvert.java,clean,,TP,test-label,111.58
driver-auto,ctl,alibaba_canal__10930b9e3d,alibaba_canal__10930b9e3d__parse_src_main_java_com_alibaba_otter_canal_parse_inbound_mysql_dbsync_SimpleDdlParser.java,clean,,TP,test-label,97.773
driver-auto,ctl,andrewphorn_classicube-client__645941b423,andrewphorn_classicube-client__645941b423__src_main_java_com_mojang_minecraft_gui_FontRenderer.java,clean,,FP,dev-match,98.188
driver-auto,ctl,anjuke_hwi__93f975a6d0,anjuke_hwi__93f975a6d0__src_main_java_org_apache_hadoop_hive_hwi_servlet_RQuery.java,clean,,TP,test-label,99.435
driver-auto,ctl,apache_commons-csv__2e851bc960,apache_commons-csv__2e851bc960__src_test_java_org_apache_commons_csv_CSVParserTest.java,clean,,TP,test-label,112.736
driver-auto,ctl,apache_commons-ognl__c1132d8fb3,apache_commons-ognl__c1132d8fb3__src_main_java_org_apache_commons_ognl_internal_entry_PropertyDescriptorCacheEntryFactory.java,clean,,FP,dev-match,99.21
driver-auto,ctl,apache_maven-enforcer__f4f8c2559e,apache_maven-enforcer__f4f8c2559e__enforcer-rules_src_main_java_org_apache_maven_plugins_enforcer_AbstractBanDependencies.java,clean,,TP,test-label,94.459
driver-auto,ctl,apache_metamodel__f9f2bc07f3,apache_metamodel__f9f2bc07f3__core_src_main_java_org_apache_metamodel_query_parser_QueryPartParser.java,clean,,TP,test-label,95.001
driver-auto,ctl,apache_metamodel__f9f2bc07f3,apache_metamodel__f9f2bc07f3__core_src_test_java_org_apache_metamodel_query_parser_QueryParserTest.java,clean,,TP,test-label,99.909
driver-auto,ctl,apache_roller__d362f5d1ee,apache_roller__d362f5d1ee__app_src_main_java_org_apache_roller_weblogger_business_search_IndexManagerImpl.java,clean,,TP,test-label,97.855
driver-auto,ctl,apache_tomcat-maven-plugin__74e25e53e8,apache_tomcat-maven-plugin__74e25e53e8__tomcat7-war-runner_src_main_java_org_apache_tomcat_maven_runner_Tomcat7Runner.java,clean,,TP,test-label,105.613
driver-auto,ctl,apache_tomcat-maven-plugin__74e25e53e8,apache_tomcat-maven-plugin__74e25e53e8__tomcat7-war-runner_src_main_java_org_apache_tomcat_maven_runner_Tomcat7RunnerCli.java,clean,,TP,test-label,98.433
driver-auto,ctl,bronx_saci-vraptor__cb9355ed08,bronx_saci-vraptor__cb9355ed08__src_main_java_net_diegomaia_vraptor_saci_component_startup_PageHandler.java,clean,,TP,test-label,93.45
driver-auto,ctl,brunoribeiro_sql-parser__a1ddf59b7c,brunoribeiro_sql-parser__a1ddf59b7c__src_main_java_com_akiban_sql_unparser_NodeToString.java,clean,,TP,test-label,106.158
driver-auto,ctl,bserdar_jcliff__206c63ba6f,bserdar_jcliff__206c63ba6f__src_main_java_com_redhat_jcliff_Main.java,clean,,TP,test-label,104.185
driver-auto,ctl,buddycloud_buddycloud-server-java__e05c0ee54a,buddycloud_buddycloud-server-java__e05c0ee54a__src_main_java_org_buddycloud_channelserver_packetprocessor_iq_namespace_pubsub_set_Publish.java,clean,,TP,test-label,99.153
driver-auto,ctl,chrsan_css-selectors__0f725a05d1,chrsan_css-selectors__0f725a05d1__src_main_java_se_fishtank_css_selectors_dom_internal_PseudoContainsSpecifierChecker.java,clean,,TP,test-label,92.218
driver-auto,ctl,citytechinc_cq-component-maven-plugin__2fb3c23f39,citytechinc_cq-component-maven-plugin__2fb3c23f39__cq-component-maven-plugin_src_main_java_com_citytechinc_cq_component_dialog_impl_SelectionWidget.java,clean,,TP,test-label,92.275
driver-auto,ctl,citytechinc_cq-component-maven-plugin__2fb3c23f39,citytechinc_cq-component-maven-plugin__2fb3c23f39__cq-component-maven-plugin_src_main_java_com_citytechinc_cq_component_dialog_maker_impl_SelectionWidgetMaker.java,clean,,TP,test-label,96.178
driver-auto,ctl,citytechinc_cq-component-maven-plugin__79dfb91780,citytechinc_cq-component-maven-plugin__79dfb91780__cq-component-maven-plugin_src_main_java_com_citytechinc_cq_component_dialog_impl_SelectionWidget.java,clean,,TP,test-label,91.903
driver-auto,ctl,clickntap_vimeo__85bd093b58,clickntap_vimeo__85bd093b58__src_main_java_com_clickntap_vimeo_Vimeo.java,clean,,TP,test-label,102.292
driver-auto,ctl,clickntap_vimeo__cedaf74fc7,clickntap_vimeo__cedaf74fc7__src_main_java_com_clickntap_vimeo_Vimeo.java,clean,,TP,test-label,102.868
driver-auto,ctl,clojure_clojure__c862603a33,clojure_clojure__c862603a33__src_jvm_clojure_lang_Compiler.java,clean,,TP,test-label,177.612
driver-auto,ctl,cloudfoundry_cf-java-client__0d588aa1e7,cloudfoundry_cf-java-client__0d588aa1e7__cloudfoundry-client-reactor_src_main_java_org_cloudfoundry_reactor_util_Operator.java,conflict,semantic,TN,dev-match,100.977
driver-auto,ctl,cloudfoundry_cf-java-client__f994a25985,cloudfoundry_cf-java-client__f994a25985__cloudfoundry-client-reactor_src_main_java_org_cloudfoundry_reactor_util_Operator.java,conflict,semantic,TN,dev-match,101.713
driver-auto,ctl,cloudfoundry_cf-java-client__f994a25985,cloudfoundry_cf-java-client__f994a25985__cloudfoundry-client-reactor_src_test_java_org_cloudfoundry_reactor_util_ErrorPayloadMappersTest.java,clean,,FP,dev-match,97.702
driver-auto,ctl,cloudslang_score__49b00c4bf9,cloudslang_score__49b00c4bf9__runtime-management_runtime-management-impl_src_main_java_io_cloudslang_runtime_impl_python_PythonExecutor.java,clean,,TP,test-label,97.71
driver-auto,ctl,coutume_imageonmap__20d2a60d29,coutume_imageonmap__20d2a60d29__src_main_java_fr_moribus_imageonmap_ui_MapItemManager.java,clean,,TP,test-label,99.684
driver-auto,ctl,dankurka_gwtphonegap__e19aa67e33,dankurka_gwtphonegap__e19aa67e33__src_main_java_com_googlecode_gwtphonegap_client_notification_NotificationBrowserImpl.java,clean,,TP,test-label,93.074
driver-auto,ctl,davidmoten_rxjava-slf4j__fbe2fde40f,davidmoten_rxjava-slf4j__fbe2fde40f__src_test_java_com_github_davidmoten_rx_slf4j_LoggingTest.java,conflict,textual,TN,dev-match,93.744
driver-auto,ctl,douglasrodrigo_bfmapper__b0056fd6f8,douglasrodrigo_bfmapper__b0056fd6f8__src_main_java_br_com_bfmapper_Mapping.java,clean,,TP,test-label,100.412
driver-auto,ctl,dspace_dspace__0a0cf18c36,dspace_dspace__0a0cf18c36__dspace-server-webapp_src_test_java_org_dspace_app_rest_ExternalSourcesRestControllerIT.java,clean,,TP,test-label,97.123
driver-auto,ctl,dspace_dspace__2e3c4f033d,dspace_dspace__2e3c4f033d__dspace-api_src_main_java_org_dspace_curate_CitationPage.java,clean,,TP,test-label,101.205
driver-auto,ctl,dspace_dspace__eb28c639a0,dspace_dspace__eb28c639a0__dspace-server-webapp_src_main_java_org_dspace_app_rest_repository_DiscoveryRestRepository.java,clean,,TP,test-label,95.511
driver-auto,ctl,dtrules_dtrules__621afc4ef5,dtrules_dtrules__621afc4ef5__compilerutil_src_main_java_com_dtrules_compiler_decisiontables_DTCompiler.java,clean,,TP,test-label,100.48
driver-auto,ctl,dtrules_dtrules__621afc4ef5,dtrules_dtrules__621afc4ef5__dsl_el_src_main_java_com_dtrules_compiler_el_EL.java,clean,,TP,test-label,99.391
driver-auto,ctl,eirslett_frontend-maven-plugin__3e67ca8791,eirslett_frontend-maven-plugin__3e67ca8791__frontend-plugin-core_src_main_java_com_github_eirslett_maven_plugins_frontend_lib_NodeAndNPMInstaller.java,clean,,TP,test-label,98.415
driver-auto,ctl,ekryd_sortpom__b918df820e,ekryd_sortpom__b918df820e__sorter_src_main_java_sortpom_wrapper_content_ChildElementSorter.java,clean,,TP,test-label,98.488
driver-auto,ctl,farin_jcloisterzone__4a38e3b926,farin_jcloisterzone__4a38e3b926__src_main_java_com_jcloisterzone_engine_Engine.java,clean,,FP,dev-match,108.587
driver-auto,ctl,fasseg_exp4j__184e5535f9,fasseg_exp4j__184e5535f9__src_main_java_de_congrace_exp4j_Tokenizer.java,clean,,FP,dev-match,100.199
driver-auto,ctl,fasseg_exp4j__184e5535f9,fasseg_exp4j__184e5535f9__src_test_java_de_congrace_exp4j_ExpressionBuilderTest.java,clean,,TP,test-label,114.792
driver-auto,ctl,fasterxml_jackson-core__be2854d5c6,fasterxml_jackson-core__be2854d5c6__src_test_java_com_fasterxml_jackson_core_filter_BasicParserFilteringTest.java,clean,,TP,test-label,105.64
driver-auto,ctl,fernandezpablo85_scribe-java__33d45e1797,fernandezpablo85_scribe-java__33d45e1797__scribejava-core_src_main_java_com_github_scribejava_core_oauth_OAuth10aService.java,clean,,TP,test-label,99.573
driver-auto,ctl,fiji_trackmate__1792dcc505,fiji_trackmate__1792dcc505__src_main_java_fiji_plugin_trackmate_io_TmXmlReader.java,clean,,TP,test-label,109.384
driver-auto,ctl,fiji_trackmate__97cfa79dd2,fiji_trackmate__97cfa79dd2__src_main_java_fiji_plugin_trackmate_action_CopyOverlayAction.java,clean,,TP,test-label,105.723
driver-auto,ctl,fiji_trackmate__97cfa79dd2,fiji_trackmate__97cfa79dd2__src_main_java_fiji_plugin_trackmate_gui_TrackMateGUIController.java,clean,,TP,test-label,109.784
driver-auto,ctl,fincatto_nfe__6758366981,fincatto_nfe__6758366981__src_main_java_com_fincatto_documentofiscal_nfe400_classes_lote_envio_NFLoteEnvioRetorno.java,clean,,TP,test-label,92.66
driver-auto,ctl,fincatto_nfe__bd66db2a72,fincatto_nfe__bd66db2a72__src_main_java_com_fincatto_documentofiscal_utils_DFSocketFactory.java,clean,,FP,dev-match,96.466
driver-auto,ctl,findwise_hydra__76fe21c315,findwise_hydra__76fe21c315__admin-service_src_main_java_com_findwise_hydra_admin_rest_ConfigurationController.java,clean,,TP,test-label,95.252
driver-auto,ctl,flaxsearch_luwak__2805c0447a,flaxsearch_luwak__2805c0447a__luwak_src_main_java_uk_co_flax_luwak_util_SpanExtractor.java,conflict,textual,TN,dev-match,94.524
driver-auto,ctl,fluentlenium_fluentlenium__2cd4ecb82f,fluentlenium_fluentlenium__2cd4ecb82f__fluentlenium-core_src_main_java_org_fluentlenium_core_inject_FluentInjector.java,clean,,TP,test-label,104.138
driver-auto,ctl,fluentlenium_fluentlenium__d88fff0f59,fluentlenium_fluentlenium__d88fff0f59__fluentlenium-core_src_test_java_org_fluentlenium_integration_FluentLeniumWaitTest.java,conflict,textual,TN,dev-match,99.473
driver-auto,ctl,flyingsaucerproject_flyingsaucer__5a2a7d36a1,flyingsaucerproject_flyingsaucer__5a2a7d36a1__flying-saucer-core_src_main_java_org_xhtmlrenderer_css_newmatch_Condition.java,clean,,TP,test-label,98.74
driver-auto,ctl,flyingsaucerproject_flyingsaucer__9b83c56a8c,flyingsaucerproject_flyingsaucer__9b83c56a8c__flying-saucer-pdf_src_main_java_org_xhtmlrenderer_pdf_ITextRenderer.java,clean,,TP,test-label,102.152
driver-auto,ctl,flyingsaucerproject_flyingsaucer__b2ef06a76f,flyingsaucerproject_flyingsaucer__b2ef06a76f__flying-saucer-pdf-itext5_src_main_java_org_xhtmlrenderer_pdf_ITextOutputDevice.java,clean,,FP,dev-match,117.493
driver-auto,ctl,forcedotcom_wsc__332e09483d,forcedotcom_wsc__332e09483d__src_main_java_com_sforce_ws_bind_TypeMapper.java,clean,,TP,test-label,109.72
driver-auto,ctl,fusesource_jansi__f4065227fc,fusesource_jansi__f4065227fc__src_main_java_org_fusesource_jansi_WindowsAnsiOutputStream.java,conflict,textual,FN,dev-match,92.902
driver-auto,ctl,galenframework_galen__7567dd8d2f,galenframework_galen__7567dd8d2f__galen-core_src_main_java_com_galenframework_speclang2_specs_SpecImageProcessor.java,clean,,TP,test-label,98.931
driver-auto,ctl,galenframework_galen__7567dd8d2f,galenframework_galen__7567dd8d2f__galen-core_src_test_java_com_galenframework_tests_speclang2_SpecsReaderV2Test.java,clean,,TP,test-label,112.623
driver-auto,ctl,gitools_gitools__8f2043e3c5,gitools_gitools__8f2043e3c5__org.gitools.ui.app_src_main_java_org_gitools_ui_app_fileimport_wizard_text_ListItemTransferHandler.java,clean,,TP,test-label,97.584
driver-auto,ctl,gitools_gitools__9f09acdad0,gitools_gitools__9f09acdad0__org.gitools.ui.app_src_main_java_org_gitools_ui_app_actions_Actions.java,clean,,TP,test-label,95.531
driver-auto,ctl,glenkpeterson_j-sicle__8ad8d6f00e,glenkpeterson_j-sicle__8ad8d6f00e__src_test_java_org_organicdesign_fp_permanent_SequenceTest.java,clean,,TP,test-label,93.578
driver-auto,ctl,google_truth__2bb82cafdf,google_truth__2bb82cafdf__src_main_java_org_junit_contrib_truth_subjects_IterableSubject.java,clean,,TP,test-label,94.323
driver-auto,ctl,google_truth__6bba06199f,google_truth__6bba06199f__core_src_main_java_com_google_common_truth_Truth.java,clean,,TP,test-label,93.533
driver-auto,ctl,googlecloudplatform_gcloud-java__1fa53a817a,googlecloudplatform_gcloud-java__1fa53a817a__gcloud-java-storage_src_main_java_com_google_gcloud_storage_StorageImpl.java,clean,,TP,test-label,108.226
driver-auto,ctl,googlecloudplatform_gcloud-maven-plugin__990444129c,googlecloudplatform_gcloud-maven-plugin__990444129c__src_main_java_com_google_appengine_gcloudapp_AbstractGcloudMojo.java,clean,,FP,dev-match,104.835
driver-auto,ctl,graphity_graphity-client__2a8e8c75e9,graphity_graphity-client__2a8e8c75e9__src_main_java_org_graphity_util_XSLTBuilder.java,conflict,semantic,TN,dev-match,97.405
driver-auto,ctl,greese_dasein-cloud-core__5fe1190801,greese_dasein-cloud-core__5fe1190801__src_main_java_org_dasein_cloud_compute_MachineImageSupport.java,clean,,TP,test-label,94.234
driver-auto,ctl,gwtbootstrap3_gwtbootstrap3__d558959ad2,gwtbootstrap3_gwtbootstrap3__d558959ad2__gwtbootstrap3_src_main_java_org_gwtbootstrap3_client_ui_SimpleCheckBox.java,clean,,TP,test-label,94.094
driver-auto,ctl,gwtbootstrap3_gwtbootstrap3__d558959ad2,gwtbootstrap3_gwtbootstrap3__d558959ad2__gwtbootstrap3_src_main_java_org_gwtbootstrap3_client_ui_SimpleRadioButton.java,clean,,TP,test-label,95.309
driver-auto,ctl,hdrhistogram_hdrhistogram__4faeeb6c17,hdrhistogram_hdrhistogram__4faeeb6c17__src_main_java_org_HdrHistogram_HistogramLogProcessor.java,clean,,FP,dev-match,119.127
driver-auto,ctl,hdrhistogram_hdrhistogram__6debea175f,hdrhistogram_hdrhistogram__6debea175f__src_main_java_org_HdrHistogram_AbstractHistogram.java,clean,,TP,test-label,111.019
driver-auto,ctl,hdrhistogram_hdrhistogram__6debea175f,hdrhistogram_hdrhistogram__6debea175f__src_main_java_org_HdrHistogram_DoubleHistogram.java,clean,,TP,test-label,105.012
driver-auto,ctl,hdrhistogram_hdrhistogram__beadadbe25,hdrhistogram_hdrhistogram__beadadbe25__src_main_java_org_HdrHistogram_AbstractHistogram.java,clean,,FP,dev-match,115.132
driver-auto,ctl,imixs_imixs-workflow__dfb841cc6c,imixs_imixs-workflow__dfb841cc6c__imixs-workflow-index-lucene_src_main_java_org_imixs_workflow_engine_lucene_LuceneIndexService.java,clean,,TP,test-label,103.785
driver-auto,ctl,jalkanen_speed4j__18370b9544,jalkanen_speed4j__18370b9544__src_main_java_com_ecyrd_speed4j_log_PeriodicalLog.java,clean,,TP,test-label,101.705
driver-auto,ctl,jasig_java-cas-client__9714053f07,jasig_java-cas-client__9714053f07__cas-client-core_src_main_java_org_jasig_cas_client_util_CommonUtils.java,clean,,TP,test-label,100.403
driver-auto,ctl,jasig_java-cas-client__9714053f07,jasig_java-cas-client__9714053f07__cas-client-core_src_test_java_org_jasig_cas_client_util_CommonUtilsTests.java,clean,,TP,test-label,97.298
driver-auto,ctl,javaparser_javaparser__091c0fab6e,javaparser_javaparser__091c0fab6e__javaparser-core_src_main_java_com_github_javaparser_PositionUtils.java,clean,,TP,test-label,96.325
driver-auto,ctl,javaparser_javaparser__8ca0e9b6ea,javaparser_javaparser__8ca0e9b6ea__javaparser-symbol-solver-core_src_main_java_com_github_javaparser_symbolsolver_javaparsermodel_JavaParserFacade.java,clean,,TP,test-label,110.153
driver-auto,ctl,jboss-remoting_jboss-remoting__1f07248ce4,jboss-remoting_jboss-remoting__1f07248ce4__src_main_java_org_jboss_remoting3_remote_RemoteConnection.java,clean,,TP,test-label,102.041
driver-auto,ctl,jcabi_jcabi-aspects__5780cbf85c,jcabi_jcabi-aspects__5780cbf85c__src_main_java_com_jcabi_aspects_aj_MethodCacher.java,clean,,TP,test-label,100.741
driver-auto,ctl,jcabi_jcabi-github__512102da91,jcabi_jcabi-github__512102da91__src_main_java_com_jcabi_github_RtReleaseAsset.java,clean,,TP,test-label,95.034
driver-auto,ctl,jdatepicker_jdatepicker__cc3905a9c7,jdatepicker_jdatepicker__cc3905a9c7__src_main_java_org_jdatepicker_impl_JDatePickerImpl.java,clean,,TP,test-label,115.337
driver-auto,ctl,jdatepicker_jdatepicker__cc74e94ac3,jdatepicker_jdatepicker__cc74e94ac3__src_main_java_org_jdatepicker_ComponentTextDefaults.java,clean,,TP,test-label,97.106
driver-auto,ctl,jdatepicker_jdatepicker__cc74e94ac3,jdatepicker_jdatepicker__cc74e94ac3__src_main_java_org_jdatepicker_JDatePanel.java,clean,,TP,test-label,181.611
driver-auto,ctl,jdeparser_jdeparser2__1da0e2349a,jdeparser_jdeparser2__1da0e2349a__src_main_java_org_jboss_jdeparser_FormatPreferences.java,clean,,TP,test-label,100.958
driver-auto,ctl,jenkinsci_ant-plugin__7025e65f06,jenkinsci_ant-plugin__7025e65f06__src_main_java_hudson_tasks_Ant.java,clean,,TP,test-label,102.704
driver-auto,ctl,jenkinsci_ant-plugin__7025e65f06,jenkinsci_ant-plugin__7025e65f06__src_test_java_hudson_tasks_AntTest.java,clean,,TP,test-label,101.241
driver-auto,ctl,jenkinsci_coverity-plugin__7ce14e1f97,jenkinsci_coverity-plugin__7ce14e1f97__src_test_java_jenkins_plugins_coverity_CoverityTool_CovBuildCommandTest.java,conflict,textual,TN,dev-match,92.9
driver-auto,ctl,jenkinsci_coverity-plugin__bd192d7108,jenkinsci_coverity-plugin__bd192d7108__src_main_java_jenkins_plugins_coverity_CoverityPublisher.java,clean,,TP,test-label,106.417
driver-auto,ctl,jenkinsci_coverity-plugin__db750a7a69,jenkinsci_coverity-plugin__db750a7a69__src_main_java_jenkins_plugins_coverity_CIMStream.java,clean,,TP,test-label,100.84
driver-auto,ctl,jenkinsci_coverity-plugin__db750a7a69,jenkinsci_coverity-plugin__db750a7a69__src_main_java_jenkins_plugins_coverity_CoverityPublisher.java,clean,,TP,test-label,111.287
driver-auto,ctl,jenkinsci_credentials-plugin__ccd45a5263,jenkinsci_credentials-plugin__ccd45a5263__src_main_java_com_cloudbees_plugins_credentials_CredentialsSelectHelper.java,clean,,TP,test-label,106.447
driver-auto,ctl,jenkinsci_email-ext-plugin__312def504a,jenkinsci_email-ext-plugin__312def504a__src_test_java_hudson_plugins_emailext_ExtendedEmailPublisherDescriptorJCasCTest.java,clean,,TP,test-label,97.88
driver-auto,ctl,jenkinsci_email-ext-plugin__9cc2357cac,jenkinsci_email-ext-plugin__9cc2357cac__src_main_java_hudson_plugins_emailext_EmailThrottler.java,clean,,TP,test-label,95.216
driver-auto,ctl,jenkinsci_email-ext-plugin__9cc2357cac,jenkinsci_email-ext-plugin__9cc2357cac__src_test_java_hudson_plugins_emailext_ExtendedEmailPublisherTest.java,clean,,TP,test-label,116.614
driver-auto,ctl,jenkinsci_jira-plugin__09485920f4,jenkinsci_jira-plugin__09485920f4__src_main_java_hudson_plugins_jira_JiraSite.java,clean,,TP,test-label,111.12
driver-auto,ctl,jenkinsci_junit-plugin__2f4179baf2,jenkinsci_junit-plugin__2f4179baf2__src_main_java_hudson_tasks_junit_CaseResult.java,clean,,TP,test-label,105.376
driver-auto,ctl,jenkinsci_ldap-plugin__744083390f,jenkinsci_ldap-plugin__744083390f__src_main_java_hudson_security_LDAPSecurityRealm.java,clean,,TP,test-label,131.488
driver-auto,ctl,jenkinsci_mailer-plugin__67ab48f1a6,jenkinsci_mailer-plugin__67ab48f1a6__src_test_java_hudson_tasks_MailerTest.java,clean,,TP,test-label,107.892
driver-auto,ctl,jenkinsci_maven-hpi-plugin__cfbf819e58,jenkinsci_maven-hpi-plugin__cfbf819e58__src_main_java_org_jenkinsci_maven_plugins_hpi_RunMojo.java,conflict,textual,TN,dev-match,102.36
driver-auto,ctl,jenkinsci_ui-samples-plugin__179ee92cdf,jenkinsci_ui-samples-plugin__179ee92cdf__src_main_java_jenkins_plugins_ui_samples_Select.java,clean,,TP,test-label,96.309
driver-auto,ctl,jgralab_jgralab__d631209030,jgralab_jgralab__d631209030__src_de_uni_koblenz_jgralab_greql2_funlib_FunLib.java,clean,,TP,test-label,110.726
driver-auto,ctl,jgralab_jgralab__d631209030,jgralab_jgralab__d631209030__src_de_uni_koblenz_jgralab_greql2_funlib_schema_HasType.java,clean,,TP,test-label,95.335
driver-auto,ctl,jmetal_jmetal__4edc74bc22,jmetal_jmetal__4edc74bc22__jmetal-lab_src_main_java_org_uma_jmetal_lab_experiment_studies_PPSN20203DStudy.java,clean,,TP,test-label,101.339
driver-auto,ctl,jmetal_jmetal__d8ececa506,jmetal_jmetal__d8ececa506__jmetal-exec_src_main_java_org_uma_jmetal_runner_multiobjective_WASFGAMeasuresRunner.java,clean,,TP,test-label,98.795
driver-auto,ctl,jparsec_jparsec__a1fac0af65,jparsec_jparsec__a1fac0af65__jparsec_src_main_java_org_codehaus_jparsec_ScannerState.java,clean,,TP,test-label,96.07
driver-auto,ctl,jri_deepamehta__03658cb2e9,jri_deepamehta__03658cb2e9__modules_dm4-geomaps_src_main_java_de_deepamehta_plugins_geomaps_GeomapsPlugin.java,clean,,FP,dev-match,104.792
driver-auto,ctl,jruby_bytelist__989a36efd0,jruby_bytelist__989a36efd0__src_org_jruby_util_ByteList.java,clean,,TP,test-label,109.905
driver-auto,ctl,jruby_bytelist__989a36efd0,jruby_bytelist__989a36efd0__test_org_jruby_util_ByteListTest.java,clean,,TP,test-label,106.805
driver-auto,ctl,jsprit_jsprit__7834e66d7c,jsprit_jsprit__7834e66d7c__jsprit-io_src_main_java_com_graphhopper_jsprit_io_algorithm_VehicleRoutingAlgorithms.java,clean,,TP,test-label,111.604
driver-auto,ctl,jsprit_jsprit__a6726537e9,jsprit_jsprit__a6726537e9__jsprit-core_src_test_java_jsprit_core_problem_vehicle_VehicleImplTest.java,clean,,TP,test-label,98.42
driver-auto,ctl,julianhyde_linq4j__c0f3b4a744,julianhyde_linq4j__c0f3b4a744__src_main_java_net_hydromatic_linq4j_QueryableFactory.java,clean,,TP,test-label,96.764
driver-auto,ctl,julianhyde_linq4j__c0f3b4a744,julianhyde_linq4j__c0f3b4a744__src_main_java_net_hydromatic_linq4j_QueryableRecorder.java,clean,,TP,test-label,109.407
driver-auto,ctl,julietkilo_canbabel__ea550c2876,julietkilo_canbabel__ea550c2876__src_main_java_com_github_canbabel_canio_dbc_DbcReader.java,clean,,TP,test-label,107.37
driver-auto,ctl,kevinbayes_vest__3209c8480f,kevinbayes_vest__3209c8480f__src_main_java_me_bayes_vertx_vest_VestApplication.java,conflict,semantic,TN,dev-match,101.277
driver-auto,ctl,khmarbaise_iterator-maven-plugin__99d1681276,khmarbaise_iterator-maven-plugin__99d1681276__src_main_java_com_soebes_maven_plugins_iterator_IteratorMojo.java,clean,,TP,test-label,101.037
driver-auto,ctl,killbilling_recurly-java-library__fafb064903,killbilling_recurly-java-library__fafb064903__src_main_java_com_ning_billing_recurly_model_RecurlyObject.java,clean,,TP,test-label,98.359
driver-auto,ctl,killme2008_aviator__eb6c698603,killme2008_aviator__eb6c698603__src_main_java_com_googlecode_aviator_utils_Env.java,clean,,TP,test-label,102.728
driver-auto,ctl,kohsuke_github-api__432585cb75,kohsuke_github-api__432585cb75__src_main_java_org_kohsuke_github_GitHub.java,conflict,textual,FN,dev-match,99.528
driver-auto,ctl,kohsuke_github-api__432585cb75,kohsuke_github-api__432585cb75__src_test_java_org_kohsuke_github_GitHubTest.java,clean,,TP,test-label,96.405
driver-auto,ctl,kohsuke_github-api__5ea8638369,kohsuke_github-api__5ea8638369__src_test_java_org_kohsuke_github_GHRepositoryTest.java,clean,,TP,test-label,109.096
driver-auto,ctl,kohsuke_github-api__f6674a9aef,kohsuke_github-api__f6674a9aef__src_main_java_org_kohsuke_github_GHWorkflowJob.java,clean,,TP,test-label,97.776
driver-auto,ctl,kongchen_swagger-maven-plugin__335021b217,kongchen_swagger-maven-plugin__335021b217__src_main_java_com_github_kongchen_swagger_docgen_mustache_MustacheDocument.java,clean,,TP,test-label,102.055
driver-auto,ctl,kongchen_swagger-maven-plugin__335021b217,kongchen_swagger-maven-plugin__335021b217__src_main_java_com_github_kongchen_swagger_docgen_mustache_OutputTemplate.java,clean,,TP,test-label,101.535
driver-auto,ctl,kongchen_swagger-maven-plugin__5060afbf1d,kongchen_swagger-maven-plugin__5060afbf1d__src_main_java_com_github_kongchen_swagger_docgen_AbstractDocumentSource.java,clean,,TP,test-label,104.904
driver-auto,ctl,kongchen_swagger-maven-plugin__5060afbf1d,kongchen_swagger-maven-plugin__5060afbf1d__src_test_java_com_github_kongchen_smp_integration_SwaggerMavenPluginTest.java,clean,,TP,test-label,102.582
driver-auto,ctl,koraktor_steam-condenser-java__81c376e088,koraktor_steam-condenser-java__81c376e088__src_main_java_com_github_koraktor_steamcondenser_steam_community_SteamId.java,clean,,TP,test-label,104.617
driver-auto,ctl,kvladislav_ticketmanager__0ffb612f18,kvladislav_ticketmanager__0ffb612f18__src_main_java_org_JavaArt_TicketManager_controllers_EventsController.java,clean,,FP,dev-match,116.274
driver-auto,ctl,lemire_javaewah__5829fc009b,lemire_javaewah__5829fc009b__src_main_java_com_googlecode_javaewah_IteratorAggregation.java,clean,,TP,test-label,104.739
driver-auto,ctl,linkedin_camus__288c5aae77,linkedin_camus__288c5aae77__camus-etl-kafka_src_test_java_com_linkedin_camus_etl_kafka_CamusJobTestWithMock.java,clean,,TP,test-label,107.755
driver-auto,ctl,linkedin_camus__fd747243ca,linkedin_camus__fd747243ca__camus-etl-kafka_src_main_java_com_linkedin_camus_etl_kafka_mapred_EtlInputFormat.java,clean,,TP,test-label,107.269
driver-auto,ctl,lwhite1_tablesaw__86cd643c39,lwhite1_tablesaw__86cd643c39__src_main_java_com_github_lwhite1_tablesaw_io_csv_CsvReader.java,clean,,TP,test-label,103.452
driver-auto,ctl,lyncode_xoai__dc7a68da97,lyncode_xoai__dc7a68da97__xoai-service-provider_src_main_java_org_dspace_xoai_serviceprovider_client_HttpOAIClient.java,clean,,TP,test-label,96.555
driver-auto,ctl,mambu-gmbh_mambu-apis-java__9975c4d9e5,mambu-gmbh_mambu-apis-java__9975c4d9e5__src_demo_DemoTestLoanService.java,clean,,TP,test-label,124.216
driver-auto,ctl,marginallyclever_makelangelo__bfbac0b14d,marginallyclever_makelangelo__bfbac0b14d__src_main_java_com_marginallyclever_makelangelo_Makelangelo.java,clean,,TP,test-label,116.328
driver-auto,ctl,marloncarvalho_aliendroid-activerecord__f03a2f645f,marloncarvalho_aliendroid-activerecord__f03a2f645f__src_main_java_org_alienlabs_aliendroid_activerecord_Model.java,clean,,FP,dev-match,101.843
driver-auto,ctl,maven-nar_nar-maven-plugin__00d2e833de,maven-nar_nar-maven-plugin__00d2e833de__src_main_java_com_github_maven_nar_AbstractNarMojo.java,clean,,TP,test-label,97.112
driver-auto,ctl,maven-nar_nar-maven-plugin__bd5a26aed9,maven-nar_nar-maven-plugin__bd5a26aed9__src_main_java_com_github_maven_nar_AbstractNarMojo.java,clean,,FP,dev-match,100.048
driver-auto,ctl,maven-nar_nar-maven-plugin__bd5a26aed9,maven-nar_nar-maven-plugin__bd5a26aed9__src_main_java_com_github_maven_nar_Msvc.java,clean,,TP,test-label,106.249
driver-auto,ctl,maxmind_geoip-api-java__3c90dc1bd7,maxmind_geoip-api-java__3c90dc1bd7__src_main_java_com_maxmind_geoip_LookupService.java,clean,,TP,test-label,109.496
driver-auto,ctl,mbosecke_pebble__22c0075ed2,mbosecke_pebble__22c0075ed2__src_main_java_com_mitchellbosecke_pebble_template_EvaluationContext.java,clean,,TP,test-label,94.947
driver-auto,ctl,medcl_elasticsearch-analysis-ik__8c50edf0e0,medcl_elasticsearch-analysis-ik__8c50edf0e0__src_main_java_org_wltea_analyzer_help_Sleep.java,clean,,TP,test-label,95.417
driver-auto,ctl,medcl_elasticsearch-analysis-pinyin__acdd6eff2a,medcl_elasticsearch-analysis-pinyin__acdd6eff2a__src_main_java_org_elasticsearch_index_analysis_PinyinTokenFilter.java,clean,,TP,test-label,102.82
driver-auto,ctl,medcl_elasticsearch-analysis-pinyin__acdd6eff2a,medcl_elasticsearch-analysis-pinyin__acdd6eff2a__src_main_java_org_elasticsearch_index_analysis_PinyinTokenizer.java,clean,,TP,test-label,103.396
driver-auto,ctl,mercadopago_sdk-java__540cfa9763,mercadopago_sdk-java__540cfa9763__src_test_java_com_mercadopago_BaseClientIT.java,conflict,textual,TN,dev-match,91.327
driver-auto,ctl,mercadopago_sdk-java__540cfa9763,mercadopago_sdk-java__540cfa9763__src_test_java_com_mercadopago_client_cardtoken_CardTokenClientIT.java,clean,,TP,test-label,97.365
driver-auto,ctl,mlaccetti_javapns__21e9ae8885,mlaccetti_javapns__21e9ae8885__src_main_java_javapns_notification_transmission_NotificationThreads.java,clean,,TP,test-label,100.908
driver-auto,ctl,mmazi_rescu__efdd938e7a,mmazi_rescu__efdd938e7a__src_test_java_si_mazi_rescu_RestInvocationHandlerTest.java,clean,,TP,test-label,110.06
driver-auto,ctl,mongobee_mongobee__abf507930c,mongobee_mongobee__abf507930c__src_main_java_com_github_mongobee_Mongobee.java,conflict,textual,TN,dev-match,96.451
driver-auto,ctl,mongobee_mongobee__abf507930c,mongobee_mongobee__abf507930c__src_main_java_com_github_mongobee_dao_ChangeEntryDao.java,conflict,textual,TN,dev-match,92.635
driver-auto,ctl,mongobee_mongobee__ac5bd40a5a,mongobee_mongobee__ac5bd40a5a__src_main_java_com_github_mongobee_Mongobee.java,clean,,TP,test-label,101.723
driver-auto,ctl,movsim_movsim__393a33e6d0,movsim_movsim__393a33e6d0__core_src_main_java_org_movsim_simulator_vehicles_Vehicle.java,clean,,TP,test-label,107.461
driver-auto,ctl,mrcookieslime_slimefun-3.0__6a34470b47,mrcookieslime_slimefun-3.0__6a34470b47__src_main_java_io_github_thebusybiscuit_slimefun4_api_items_SlimefunItem.java,conflict,textual,TN,dev-match,100.71
driver-auto,ctl,mtedone_podam__1075ffea79,mtedone_podam__1075ffea79__src_main_java_uk_co_jemos_podam_api_PodamFactoryImpl.java,conflict,semantic,TN,dev-match,131.12
driver-auto,ctl,mtedone_podam__1075ffea79,mtedone_podam__1075ffea79__src_test_java_uk_co_jemos_podam_test_unit_pdm3_Pdm3PojoUnitTest.java,clean,,TP,test-label,98.228
driver-auto,ctl,mycila_license-maven-plugin__b28809b593,mycila_license-maven-plugin__b28809b593__license-maven-plugin_src_main_java_com_mycila_maven_plugin_license_header_HeaderParser.java,clean,,TP,test-label,98.72
driver-auto,ctl,mycila_license-maven-plugin__b28809b593,mycila_license-maven-plugin__b28809b593__license-maven-plugin_src_test_java_com_mycila_maven_plugin_license_UpdateMojoTest.java,clean,,FP,dev-match,105.412
driver-auto,ctl,mycila_license-maven-plugin__d3bf529757,mycila_license-maven-plugin__d3bf529757__license-maven-plugin-git_src_main_java_com_mycila_maven_plugin_license_git_GitLookup.java,clean,,TP,test-label,99.585
driver-auto,ctl,named-data_jndn__320742aa20,named-data_jndn__320742aa20__src_net_named_data_jndn_Data.java,clean,,TP,test-label,98.633
driver-auto,ctl,named-data_jndn__320742aa20,named-data_jndn__320742aa20__src_net_named_data_jndn_Node.java,clean,,TP,test-label,111.807
driver-auto,ctl,nysenate_openlegislation__8645aab4d6,nysenate_openlegislation__8645aab4d6__src_main_java_gov_nysenate_openleg_controller_api_bill_BillGetCtrl.java,clean,,TP,test-label,100.339
driver-auto,ctl,omnifaces_omnifaces__2e8d3a4ee3,omnifaces_omnifaces__2e8d3a4ee3__src_main_java_org_omnifaces_util_Components.java,clean,,TP,test-label,106.268
driver-auto,ctl,openhft_chronicle-bytes__dc67904a63,openhft_chronicle-bytes__dc67904a63__src_main_java_net_openhft_chronicle_bytes_Bytes.java,clean,,FP,dev-match,106.818
driver-auto,ctl,openhft_chronicle-bytes__dc67904a63,openhft_chronicle-bytes__dc67904a63__src_test_java_net_openhft_chronicle_bytes_BytesJavaDocComplianceTest.java,clean,,FP,dev-match,137.769
driver-auto,ctl,openhft_chronicle-threads__8b940638d7,openhft_chronicle-threads__8b940638d7__src_main_java_net_openhft_chronicle_threads_MonitorEventLoop.java,clean,,TP,test-label,96.724
driver-auto,ctl,openpnp_openpnp__17a7443913,openpnp_openpnp__17a7443913__src_main_java_org_openpnp_gui_importer_EagleBoardImporter.java,conflict,textual,TN,dev-match,111.499
driver-auto,ctl,openpnp_openpnp__99835c7c58,openpnp_openpnp__99835c7c58__src_main_java_org_openpnp_gui_JobPanel.java,clean,,TP,test-label,173.237
driver-auto,ctl,openpnp_openpnp__99835c7c58,openpnp_openpnp__99835c7c58__src_main_java_org_openpnp_gui_support_Icons.java,clean,,TP,test-label,95.858
driver-auto,ctl,openpnp_openpnp__e8a35b8e6f,openpnp_openpnp__e8a35b8e6f__src_main_java_org_openpnp_gui_importer_EagleBoardImporter.java,clean,,TP,test-label,121.755
driver-auto,ctl,openskynetwork_java-adsb__14f216cddf,openskynetwork_java-adsb__14f216cddf__src_main_java_org_opensky_libadsb_Decoder.java,clean,,TP,test-label,96.199
driver-auto,ctl,outbrain_ob1k__8b2c257efe,outbrain_ob1k__8b2c257efe__ob1k-example_src_main_java_com_outbrain_ob1k_example_hello_server_HelloServer.java,conflict,textual,TN,dev-match,95.285
driver-auto,ctl,pandcorps_pandam__e736609b61,pandcorps_pandam__e736609b61__game-furguardians_src_main_java_org_pandcorps_furguardians_FurGuardiansGame.java,clean,,TP,test-label,154.408
driver-auto,ctl,poetix_protonpack__2ce321af89,poetix_protonpack__2ce321af89__src_main_java_com_codepoetics_protonpack_StreamUtils.java,clean,,TP,test-label,101.054
driver-auto,ctl,progether_jadventure__d4407d1e77,progether_jadventure__d4407d1e77__src_main_java_com_jadventure_game_repository_ItemRepository.java,clean,,TP,test-label,99.314
driver-auto,ctl,progether_jadventure__d62cfd35b9,progether_jadventure__d62cfd35b9__src_main_java_com_jadventure_game_menus_BattleMenu.java,clean,,TP,test-label,102.858
driver-auto,ctl,reckart_shib-http-client__536fe936a3,reckart_shib-http-client__536fe936a3__src_main_java_de_tudarmstadt_ukp_shibhttpclient_ShibHttpClient.java,clean,,TP,test-label,106.39
driver-auto,ctl,reckart_shib-http-client__8f3bd71757,reckart_shib-http-client__8f3bd71757__src_main_java_de_tudarmstadt_ukp_shibhttpclient_ShibHttpClient.java,clean,,TP,test-label,105.926
driver-auto,ctl,recommenders_rival__aa1752831e,recommenders_rival__aa1752831e__rival-examples_src_main_java_net_recommenders_rival_examples_movielens100k_CrossValidatedMahoutKNNRecommenderEvaluator.java,clean,,FP,dev-match,103.926
driver-auto,ctl,recommenders_rival__aa1752831e,recommenders_rival__aa1752831e__rival-examples_src_main_java_net_recommenders_rival_examples_movielens100k_TemporalSplitMahoutKNNRecommenderEvaluator.java,clean,,FP,dev-match,103.113
driver-auto,ctl,relayrides_pushy__43129f9c9a,relayrides_pushy__43129f9c9a__src_main_java_com_relayrides_pushy_apns_PushManager.java,clean,,TP,test-label,99.164
driver-auto,ctl,relayrides_pushy__9446136376,relayrides_pushy__9446136376__src_main_java_com_relayrides_pushy_apns_ApnsClientThread.java,clean,,TP,test-label,112.931
driver-auto,ctl,renepickhardt_generalized-language-modeling-toolkit__f8105ddc44,renepickhardt_generalized-language-modeling-toolkit__f8105ddc44__src_de_typology_utils_Config.java,clean,,TP,test-label,100.255
driver-auto,ctl,richardwarburton_lambda-behave__8695b13525,richardwarburton_lambda-behave__8695b13525__lambda-behave_src_main_java_com_insightfullogic_lambdabehave_BehaveRunner.java,clean,,TP,dev-match,97.706
driver-auto,ctl,sachin-handiekar_jinstagram__210897a17d,sachin-handiekar_jinstagram__210897a17d__src_main_java_org_jinstagram_realtime_Constants.java,clean,,TP,test-label,94.1
driver-auto,ctl,sachin-handiekar_jinstagram__210897a17d,sachin-handiekar_jinstagram__210897a17d__src_main_java_org_jinstagram_realtime_InstagramSubscription.java,clean,,TP,test-label,100.599
driver-auto,ctl,sander2798_enderstone__4cf9ea9f17,sander2798_enderstone__4cf9ea9f17__src_org_enderstone_server_Main.java,clean,,TP,test-label,100.447
driver-auto,ctl,sander2798_enderstone__4cf9ea9f17,sander2798_enderstone__4cf9ea9f17__src_org_enderstone_server_packet_NetworkManager.java,clean,,TP,test-label,100.595
driver-auto,ctl,sander2798_enderstone__ba66c3e8b2,sander2798_enderstone__ba66c3e8b2__src_org_enderstone_server_Location.java,clean,,TP,test-label,98.139
driver-auto,ctl,sander2798_enderstone__bd46a612d1,sander2798_enderstone__bd46a612d1__src_org_enderstone_server_Main.java,clean,,TP,test-label,107.59
driver-auto,ctl,sandergielisse_enderstone__272bbb1c0f,sandergielisse_enderstone__272bbb1c0f__src_org_enderstone_server_inventory_CraftingInventory.java,clean,,TP,test-label,96.995
driver-auto,ctl,sandergielisse_enderstone__272bbb1c0f,sandergielisse_enderstone__272bbb1c0f__src_org_enderstone_server_inventory_PlayerInventory.java,clean,,TP,test-label,97.023
driver-auto,ctl,sandergielisse_enderstone__8e17a2983e,sandergielisse_enderstone__8e17a2983e__src_org_enderstone_server_packet_NetworkManager.java,clean,,TP,test-label,104.322
driver-auto,ctl,sandergielisse_enderstone__bae18e3ef8,sandergielisse_enderstone__bae18e3ef8__src_org_enderstone_server_entity_EnderEntity.java,clean,,TP,test-label,102.448
driver-auto,ctl,sandergielisse_enderstone__bae18e3ef8,sandergielisse_enderstone__bae18e3ef8__src_org_enderstone_server_entity_EntityMob.java,clean,,TP,test-label,101.82
driver-auto,ctl,sd4324530_fastweixin__53b5138ff7,sd4324530_fastweixin__53b5138ff7__src_main_java_com_github_sd4324530_fastweixin_servlet_WeixinSupport.java,clean,,TP,test-label,106.745
driver-auto,ctl,sebfz1_wicket-jquery-ui__0f6ed11d6f,sebfz1_wicket-jquery-ui__0f6ed11d6f__wicket-kendo-ui_src_main_java_com_googlecode_wicket_kendo_ui_widget_treeview_AjaxTreeView.java,clean,,TP,test-label,100.102
driver-auto,ctl,semanticvectors_semanticvectors__4dbe868ff9,semanticvectors_semanticvectors__4dbe868ff9__src_main_java_pitt_search_semanticvectors_LuceneUtils.java,clean,,TP,test-label,103.28
driver-auto,ctl,socialsensor_graphdb-benchmarks__87e995db56,socialsensor_graphdb-benchmarks__87e995db56__src_main_java_eu_socialsensor_graphdatabases_Neo4jGraphDatabase.java,clean,,TP,test-label,105.873
driver-auto,ctl,socialsensor_graphdb-benchmarks__87e995db56,socialsensor_graphdb-benchmarks__87e995db56__src_main_java_eu_socialsensor_graphdatabases_TitanGraphDatabase.java,clean,,TP,test-label,108.013
driver-auto,ctl,square_javapoet__c0f4a89bc0,square_javapoet__c0f4a89bc0__src_main_java_com_squareup_javawriter_JavaWriter.java,clean,,TP,test-label,110.199
driver-auto,ctl,square_javapoet__c0f4a89bc0,square_javapoet__c0f4a89bc0__src_test_java_com_squareup_javawriter_JavaWriterTest.java,clean,,TP,test-label,107.109
driver-auto,ctl,srt_asterisk-java__99ba7cc5bd,srt_asterisk-java__99ba7cc5bd__src_main_java_org_asteriskjava_live_internal_AsteriskServerImpl.java,clean,,TP,test-label,114.461
driver-auto,ctl,steveice10_mcprotocollib__ba0c6af56c,steveice10_mcprotocollib__ba0c6af56c__src_main_java_com_github_steveice10_mc_protocol_MinecraftConstants.java,conflict,textual,TN,dev-match,92.763
driver-auto,ctl,structr_structr__b0df448496,structr_structr__b0df448496__structr-core_src_main_java_org_structr_common_SecurityContext.java,clean,,TP,test-label,106.88
driver-auto,ctl,swagger-api_swagger-parser__2316e42a34,swagger-api_swagger-parser__2316e42a34__modules_swagger-parser_src_test_java_io_swagger_parser_OpenAPIParserTest.java,clean,,TP,test-label,106.222
driver-auto,ctl,synbiodex_libsbolj__0ceaff01a9,synbiodex_libsbolj__0ceaff01a9__core2_src_main_java_org_sbolstandard_core2_SBOLDocument.java,clean,,TP,test-label,130.922
driver-auto,ctl,syncleus_ferma__dc1fdab4a2,syncleus_ferma__dc1fdab4a2__totorom-tinkerpop2_src_main_java_org_jglue_totorom_FramedGraph.java,clean,,TP,test-label,99.424
driver-auto,ctl,t-oster_liblasercut__f64046a00a,t-oster_liblasercut__f64046a00a__src_main_java_de_thomas_oster_liblasercut_drivers_GenericGcodeDriver.java,clean,,TP,test-label,112.802
driver-auto,ctl,tabulapdf_tabula-java__c603b0f4aa,tabulapdf_tabula-java__c603b0f4aa__src_main_java_technology_tabula_ObjectExtractorStreamEngine.java,clean,,TP,test-label,102.022
driver-auto,ctl,techblue_alfresco-restclient__8e71d5b8d7,techblue_alfresco-restclient__8e71d5b8d7__src_test_java_uk_co_techblue_alfresco_client_test_AlfrescoServiceTest.java,clean,,TP,test-label,100.116
driver-auto,ctl,teknux-org_jetty-bootstrap__993299fa8b,teknux-org_jetty-bootstrap__993299fa8b__src_main_java_org_genux_jettybootstrap_JettyBootstrap.java,clean,,TP,test-label,103.414
driver-auto,ctl,teknux-org_jetty-bootstrap__993299fa8b,teknux-org_jetty-bootstrap__993299fa8b__src_main_java_org_genux_jettybootstrap_configuration_JettyConfiguration.java,clean,,TP,test-label,98.133
driver-auto,ctl,threeten_threeten-extra__419518c223,threeten_threeten-extra__419518c223__src_main_java_org_threeten_extra_chrono_Symmetry010Date.java,clean,,TP,test-label,105.472
driver-auto,ctl,threeten_threeten-extra__419518c223,threeten_threeten-extra__419518c223__src_test_java_org_threeten_extra_chrono_TestSymmetry010Chronology.java,clean,,TP,test-label,111.825
driver-auto,ctl,threeten_threeten-extra__f0bf686f17,threeten_threeten-extra__f0bf686f17__src_main_java_org_threeten_extra_scale_UtcInstant.java,clean,,TP,test-label,99.969
driver-auto,ctl,titokone_titokone__b4ac484b6a,titokone_titokone__b4ac484b6a__src_main_java_fi_helsinki_cs_titokone_Compiler.java,clean,,TP,test-label,114.371
driver-auto,ctl,tkelley-eg_collectd-fast-jmx__558343d132,tkelley-eg_collectd-fast-jmx__558343d132__src_main_java_org_collectd_AttributePermutation.java,clean,,TP,test-label,105.85
driver-auto,ctl,tupilabs_tap4j__99628e2c44,tupilabs_tap4j__99628e2c44__tap4j-ext_src_main_java_org_tap4j_ext_junit_listener_TapListener.java,clean,,TP,test-label,101.197
driver-auto,ctl,uklimaschewski_evalex__15aa26eab7,uklimaschewski_evalex__15aa26eab7__src_com_udojava_evalex_Expression.java,clean,,FP,dev-match,117.729
driver-auto,ctl,unitsofmeasurement_uom-se__c2ae9d4caa,unitsofmeasurement_uom-se__c2ae9d4caa__src_main_java_tec_uom_se_AbstractUnit.java,clean,,TP,test-label,101.19
driver-auto,ctl,unitsofmeasurement_uom-se__c2ae9d4caa,unitsofmeasurement_uom-se__c2ae9d4caa__src_main_java_tec_uom_se_format_SimpleUnitFormat.java,clean,,TP,test-label,109.711
driver-auto,ctl,uwolfer_gerrit-rest-java-client__35856ab8bd,uwolfer_gerrit-rest-java-client__35856ab8bd__src_test_java_com_urswolfer_gerrit_client_rest_http_GerritRestClientTest.java,clean,,TP,test-label,103.665
driver-auto,ctl,verhas_djcproxy__db3b9bf795,verhas_djcproxy__db3b9bf795__src_main_java_com_javax0_djcproxy_ProxySourceFactory.java,clean,,TP,test-label,104.256
driver-auto,ctl,vojtechhabarta_typescript-generator__05aea6d7c1,vojtechhabarta_typescript-generator__05aea6d7c1__typescript-generator-core_src_main_java_cz_habarta_typescript_generator_ext_BeanPropertyPathExtension.java,clean,,TP,test-label,100.221
driver-auto,ctl,wokier_teh__4291bbd98f,wokier_teh__4291bbd98f__src_test_java_teh_perf_PerfTest.java,clean,,TP,dev-match,97.605
driver-auto,ctl,wvengen_proguard-maven-plugin__1cc9601e1f,wvengen_proguard-maven-plugin__1cc9601e1f__src_main_java_com_github_wvengen_maven_proguard_ProGuardMojo.java,clean,,TP,test-label,111.787
driver-auto,ctl,xebia_xebium__817270a3db,xebia_xebium__817270a3db__src_main_java_com_xebia_incubator_xebium_SeleniumDriverFixture.java,clean,,TP,test-label,104.42
driver-auto,ctl,yubico_ykneo-openpgp__2766bd7444,yubico_ykneo-openpgp__2766bd7444__applet_src_openpgpcard_OpenPGPApplet.java,clean,,TP,test-label,113.917
driver-auto,ctl,yubico_ykneo-openpgp__2766bd7444,yubico_ykneo-openpgp__2766bd7444__test_test_openpgpcardTest_OpenPGPAppletTest.java,clean,,TP,test-label,105.619
driver-auto,ctl,yubico_ykneo-openpgp__b145a6bdbc,yubico_ykneo-openpgp__b145a6bdbc__applet_src_openpgpcard_OpenPGPApplet.java,conflict,textual,FN,dev-match,104.656
driver-auto,ctl,yubico_ykneo-openpgp__b145a6bdbc,yubico_ykneo-openpgp__b145a6bdbc__applet_src_openpgpcard_PGPKey.java,clean,,TP,test-label,99.787
