arm,merge_id,scenario_id,file_path,merge_outcome,JoernDataFlowInterference,JoernUnresolvedReference,JoernInfiniteLoop,JoernInvalidLoopBounds,RM2RenameConflict,file_verdict,runtime_s
pos,ahome-it_lienzo-core__bf4b253816,ahome-it_lienzo-core__bf4b253816__src_main_java_com_ait_lienzo_client_core_shape_wires_WiresShape.java,src/main/java/com/ait/lienzo/client/core/shape/wires/WiresShape.java,clean,CLEAN,FLAG,CLEAN,CLEAN,FLAG,FLAG,66.426
pos,alesaudate_kickstart-springjerseyhibernate__feb36bfc8e,alesaudate_kickstart-springjerseyhibernate__feb36bfc8e__src_main_java_com_alesaudate_samples_springjersey_example_People.java,src/main/java/com/alesaudate/samples/springjersey/example/People.java,conflict,,,,,,DIVERGED,0.26
pos,apache_commons-lang__53184369d0,apache_commons-lang__53184369d0__src_main_java_org_apache_commons_lang3_builder_ReflectionToStringBuilder.java,src/main/java/org/apache/commons/lang3/builder/ReflectionToStringBuilder.java,clean,CLEAN,CLEAN,CLEAN,CLEAN,CLEAN,CLEAN,68.049
pos,apache_olingo-odata4__820b462f49,apache_olingo-odata4__820b462f49__lib_client-core_src_main_java_org_apache_olingo_client_core_serialization_JsonSerializer.java,lib/client-core/src/main/java/org/apache/olingo/client/core/serialization/JsonSerializer.java,clean,CLEAN,CLEAN,CLEAN,CLEAN,CLEAN,CLEAN,70.923
pos,apache_olingo-odata4__cf731c2cb8,apache_olingo-odata4__cf731c2cb8__lib_client-core_src_main_java_org_apache_olingo_client_core_serialization_JsonSerializer.java,lib/client-core/src/main/java/org/apache/olingo/client/core/serialization/JsonSerializer.java,clean,CLEAN,CLEAN,CLEAN,CLEAN,CLEAN,CLEAN,69.114
pos,apache_olingo-odata4__cf731c2cb8,apache_olingo-odata4__cf731c2cb8__lib_client-core_src_test_java_org_apache_olingo_client_core_JSONTest.java,lib/client-core/src/test/java/org/apache/olingo/client/core/JSONTest.java,clean,CLEAN,CLEAN,CLEAN,CLEAN,CLEAN,CLEAN,112.623
pos,apache_shiro__13806fc623,apache_shiro__13806fc623__web_src_test_java_org_apache_shiro_web_mgt_CookieRememberMeManagerTest.java,web/src/test/java/org/apache/shiro/web/mgt/CookieRememberMeManagerTest.java,clean,CLEAN,CLEAN,CLEAN,CLEAN,CLEAN,CLEAN,66.849
pos,atam4j_atam4j__71fcecb071,atam4j_atam4j__71fcecb071__acceptance-tests_src_test_java_me_atam_atam4jsampleapp_PassingTestAcceptanceTest.java,acceptance-tests/src/test/java/me/atam/atam4jsampleapp/PassingTestAcceptanceTest.java,clean,CLEAN,CLEAN,CLEAN,CLEAN,CLEAN,CLEAN,64.398
pos,atam4j_atam4j__71fcecb071,atam4j_atam4j__71fcecb071__acceptance-tests_src_test_java_me_atam_atam4jsampleapp_testsupport_AcceptanceTest.java,acceptance-tests/src/test/java/me/atam/atam4jsampleapp/testsupport/AcceptanceTest.java,clean,CLEAN,CLEAN,CLEAN,CLEAN,FLAG,FLAG,64.451
pos,azuread_azure-activedirectory-library-for-java__d3f143872b,azuread_azure-activedirectory-library-for-java__d3f143872b__src_test_java_com_microsoft_aad_adal4j_AuthenticationContextTest.java,src/test/java/com/microsoft/aad/adal4j/AuthenticationContextTest.java,clean,CLEAN,CLEAN,CLEAN,CLEAN,CLEAN,CLEAN,69.438
pos,bedatadriven_jackson-datatype-jts__1416f1af06,bedatadriven_jackson-datatype-jts__1416f1af06__src_main_java_com_bedatadriven_jackson_datatype_jts_GeometryDeserializer.java,src/main/java/com/bedatadriven/jackson/datatype/jts/GeometryDeserializer.java,conflict,,,,,,DIVERGED,0.281
pos,bguerout_jongo__3aaaf0e4c7,bguerout_jongo__3aaaf0e4c7__src_main_java_org_jongo_Jongo.java,src/main/java/org/jongo/Jongo.java,clean,CLEAN,CLEAN,CLEAN,CLEAN,CLEAN,CLEAN,64.845
pos,blockchain_api-v1-client-java__abdf54e6ab,blockchain_api-v1-client-java__abdf54e6ab__src_main_java_info_blockchain_api_HttpClient.java,src/main/java/info/blockchain/api/HttpClient.java,clean,CLEAN,CLEAN,CLEAN,CLEAN,CLEAN,CLEAN,65.581
pos,blockchain_api-v1-client-java__e349598f95,blockchain_api-v1-client-java__e349598f95__src_main_java_info_blockchain_api_HttpClient.java,src/main/java/info/blockchain/api/HttpClient.java,clean,CLEAN,CLEAN,CLEAN,CLEAN,CLEAN,CLEAN,65.267
pos,buddycloud_buddycloud-server-java__33ec3ec7cd,buddycloud_buddycloud-server-java__33ec3ec7cd__src_main_java_org_buddycloud_channelserver_packetprocessor_iq_namespace_pubsub_set_UnsubscribeSet.java,src/main/java/org/buddycloud/channelserver/packetprocessor/iq/namespace/pubsub/set/UnsubscribeSet.java,clean,CLEAN,CLEAN,CLEAN,CLEAN,CLEAN,CLEAN,69.35
pos,buddycloud_buddycloud-server-java__33ec3ec7cd,buddycloud_buddycloud-server-java__33ec3ec7cd__src_test_java_org_buddycloud_channelserver_packetprocessor_iq_namespace_pubsub_set_UnsubscribeSetTest.java,src/test/java/org/buddycloud/channelserver/packetprocessor/iq/namespace/pubsub/set/UnsubscribeSetTest.java,clean,CLEAN,CLEAN,CLEAN,CLEAN,CLEAN,CLEAN,70.787
pos,buddycloud_buddycloud-server-java__43c8b054e9,buddycloud_buddycloud-server-java__43c8b054e9__src_main_java_org_buddycloud_channelserver_packetprocessor_iq_namespace_pubsub_set_NodeDelete.java,src/main/java/org/buddycloud/channelserver/packetprocessor/iq/namespace/pubsub/set/NodeDelete.java,clean,CLEAN,CLEAN,CLEAN,CLEAN,CLEAN,CLEAN,67.1
pos,buddycloud_buddycloud-server-java__43c8b054e9,buddycloud_buddycloud-server-java__43c8b054e9__src_test_java_org_buddycloud_channelserver_packetprocessor_iq_namespace_pubsub_get_SubscriptionsGetTest.java,src/test/java/org/buddycloud/channelserver/packetprocessor/iq/namespace/pubsub/get/SubscriptionsGetTest.java,clean,CLEAN,CLEAN,CLEAN,CLEAN,CLEAN,CLEAN,67.857
pos,buddycloud_buddycloud-server-java__48e4675ee2,buddycloud_buddycloud-server-java__48e4675ee2__src_main_java_org_buddycloud_channelserver_packetprocessor_iq_namespace_pubsub_get_RepliesGet.java,src/main/java/org/buddycloud/channelserver/packetprocessor/iq/namespace/pubsub/get/RepliesGet.java,clean,CLEAN,CLEAN,CLEAN,CLEAN,CLEAN,CLEAN,65.185
pos,buddycloud_buddycloud-server-java__48e4675ee2,buddycloud_buddycloud-server-java__48e4675ee2__src_test_java_org_buddycloud_channelserver_packetprocessor_iq_namespace_pubsub_get_RepliesGetTest.java,src/test/java/org/buddycloud/channelserver/packetprocessor/iq/namespace/pubsub/get/RepliesGetTest.java,clean,CLEAN,CLEAN,CLEAN,CLEAN,CLEAN,CLEAN,68.136
pos,buschmais_extended-objects__46ec306cf6,buschmais_extended-objects__46ec306cf6__neo4j_remote_src_main_java_com_buschmais_xo_neo4j_remote_impl_datastore_RemoteDatastoreEntityManager.java,neo4j/remote/src/main/java/com/buschmais/xo/neo4j/remote/impl/datastore/RemoteDatastoreEntityManager.java,clean,CLEAN,CLEAN,CLEAN,CLEAN,CLEAN,CLEAN,70.976
pos,camsys_onebusaway-application-modules__915e2f3ffe,camsys_onebusaway-application-modules__915e2f3ffe__onebusaway-transit-data-federation_src_main_java_org_onebusaway_transit_data_federation_impl_beans_StopWithArrivalsAndDeparturesBeanServiceImpl.java,onebusaway-transit-data-federation/src/main/java/org/onebusaway/transit_data_federation/impl/beans/StopWithArrivalsAndDeparturesBeanServiceImpl.java,clean,CLEAN,CLEAN,CLEAN,CLEAN,CLEAN,CLEAN,67.11
pos,camsys_onebusaway-application-modules__e779e9fce1,camsys_onebusaway-application-modules__e779e9fce1__onebusaway-transit-data_src_main_java_org_onebusaway_transit_data_model_ArrivalsAndDeparturesQueryBean.java,onebusaway-transit-data/src/main/java/org/onebusaway/transit_data/model/ArrivalsAndDeparturesQueryBean.java,clean,CLEAN,CLEAN,CLEAN,CLEAN,CLEAN,CLEAN,65.821
pos,clojure_clojure__77342d2e35,clojure_clojure__77342d2e35__src_jvm_clojure_lang_Compiler.java,src/jvm/clojure/lang/Compiler.java,clean,CLEAN,CLEAN,CLEAN,CLEAN,CLEAN,CLEAN,134.523
pos,cloudfoundry_cf-java-client__80d0a0dff9,cloudfoundry_cf-java-client__80d0a0dff9__cloudfoundry-operations_src_main_java_org_cloudfoundry_operations_serviceadmin_DefaultServiceAdmin.java,cloudfoundry-operations/src/main/java/org/cloudfoundry/operations/serviceadmin/DefaultServiceAdmin.java,clean,CLEAN,CLEAN,CLEAN,CLEAN,CLEAN,CLEAN,72.364
pos,cloudfoundry_cf-java-client__933add90ad,cloudfoundry_cf-java-client__933add90ad__cloudfoundry-operations_src_main_java_org_cloudfoundry_operations_useradmin_DefaultUserAdmin.java,cloudfoundry-operations/src/main/java/org/cloudfoundry/operations/useradmin/DefaultUserAdmin.java,clean,CLEAN,CLEAN,CLEAN,CLEAN,CLEAN,CLEAN,74.136
pos,cloudfoundry_cf-java-client__9f6b79e294,cloudfoundry_cf-java-client__9f6b79e294__cloudfoundry-operations_src_main_java_org_cloudfoundry_operations_applications_DefaultApplications.java,cloudfoundry-operations/src/main/java/org/cloudfoundry/operations/applications/DefaultApplications.java,clean,CLEAN,CLEAN,CLEAN,CLEAN,CLEAN,CLEAN,91.024
pos,cloudfoundry_cf-java-client__a69078adc8,cloudfoundry_cf-java-client__a69078adc8__cloudfoundry-operations_src_main_java_org_cloudfoundry_operations__DefaultCloudFoundryOperations.java,cloudfoundry-operations/src/main/java/org/cloudfoundry/operations/_DefaultCloudFoundryOperations.java,clean,CLEAN,CLEAN,CLEAN,CLEAN,CLEAN,CLEAN,67.423
pos,cloudfoundry_cf-java-client__a69078adc8,cloudfoundry_cf-java-client__a69078adc8__integration-test_src_test_java_org_cloudfoundry_IntegrationTestConfiguration.java,integration-test/src/test/java/org/cloudfoundry/IntegrationTestConfiguration.java,clean,CLEAN,CLEAN,CLEAN,CLEAN,CLEAN,CLEAN,69.914
pos,cloudfoundry_cf-java-client__a9d35d542d,cloudfoundry_cf-java-client__a9d35d542d__cloudfoundry-operations_src_main_java_org_cloudfoundry_operations_routes_DefaultRoutes.java,cloudfoundry-operations/src/main/java/org/cloudfoundry/operations/routes/DefaultRoutes.java,clean,CLEAN,CLEAN,CLEAN,CLEAN,CLEAN,CLEAN,74.118
pos,cloudfoundry_cf-java-client__a9d35d542d,cloudfoundry_cf-java-client__a9d35d542d__integration-test_src_test_java_org_cloudfoundry_operations_RoutesTest.java,integration-test/src/test/java/org/cloudfoundry/operations/RoutesTest.java,clean,CLEAN,CLEAN,CLEAN,CLEAN,CLEAN,CLEAN,72.144
pos,cloudfoundry_cf-java-client__b0add1ef2a,cloudfoundry_cf-java-client__b0add1ef2a__cloudfoundry-operations_src_main_java_org_cloudfoundry_operations_services_DefaultServices.java,cloudfoundry-operations/src/main/java/org/cloudfoundry/operations/services/DefaultServices.java,clean,CLEAN,CLEAN,CLEAN,CLEAN,CLEAN,CLEAN,82.099
pos,cloudfoundry_cf-java-client__be097d5860,cloudfoundry_cf-java-client__be097d5860__cloudfoundry-client-reactor_src_main_java_org_cloudfoundry_reactor__DefaultConnectionContext.java,cloudfoundry-client-reactor/src/main/java/org/cloudfoundry/reactor/_DefaultConnectionContext.java,clean,CLEAN,CLEAN,CLEAN,CLEAN,CLEAN,CLEAN,66.721
pos,cloudfoundry_cf-java-client__be097d5860,cloudfoundry_cf-java-client__be097d5860__cloudfoundry-client-reactor_src_main_java_org_cloudfoundry_reactor_util_DefaultSslCertificateTruster.java,cloudfoundry-client-reactor/src/main/java/org/cloudfoundry/reactor/util/DefaultSslCertificateTruster.java,clean,CLEAN,CLEAN,CLEAN,CLEAN,CLEAN,CLEAN,67.434
pos,cloudfoundry_cf-java-client__eb3b2f5beb,cloudfoundry_cf-java-client__eb3b2f5beb__cloudfoundry-operations_src_main_java_org_cloudfoundry_operations__DefaultCloudFoundryOperations.java,cloudfoundry-operations/src/main/java/org/cloudfoundry/operations/_DefaultCloudFoundryOperations.java,clean,CLEAN,CLEAN,CLEAN,CLEAN,CLEAN,CLEAN,67.606
pos,cloudslang_score__66ba4f51e3,cloudslang_score__66ba4f51e3__score-api_src_main_java_io_cloudslang_score_lang_ExecutionRuntimeServices.java,score-api/src/main/java/io/cloudslang/score/lang/ExecutionRuntimeServices.java,conflict,,,,,,DIVERGED,0.295
pos,comatoes_ftl-profile-editor__e87fe65818,comatoes_ftl-profile-editor__e87fe65818__src_main_java_net_blerf_ftl_parser_SavedGameParser.java,src/main/java/net/blerf/ftl/parser/SavedGameParser.java,clean,CLEAN,FLAG,CLEAN,CLEAN,FLAG,FLAG,83.21
pos,cribbstechnologies_java-mandrill-wrapper__0cf79745f1,cribbstechnologies_java-mandrill-wrapper__0cf79745f1__src_main_java_com_cribbstechnologies_clients_mandrill_model_MandrillMessage.java,src/main/java/com/cribbstechnologies/clients/mandrill/model/MandrillMessage.java,conflict,,,,,,DIVERGED,0.272
pos,cribbstechnologies_java-mandrill-wrapper__0cf79745f1,cribbstechnologies_java-mandrill-wrapper__0cf79745f1__src_test_java_com_cribbstechnologies_clients_mandrill_request_MandrillRESTRequestTest.java,src/test/java/com/cribbstechnologies/clients/mandrill/request/MandrillRESTRequestTest.java,conflict,,,,,,DIVERGED,0.395
pos,cternes_openkeepass__bb53512ab2,cternes_openkeepass__bb53512ab2__src_main_java_de_slackspace_openkeepass_KeePassDatabase.java,src/main/java/de/slackspace/openkeepass/KeePassDatabase.java,clean,CLEAN,CLEAN,CLEAN,CLEAN,CLEAN,CLEAN,71.182
pos,cternes_openkeepass__bb53512ab2,cternes_openkeepass__bb53512ab2__src_test_java_de_slackspace_openkeepass_reader_KeepassDatabaseReaderTest.java,src/test/java/de/slackspace/openkeepass/reader/KeepassDatabaseReaderTest.java,clean,CLEAN,CLEAN,CLEAN,CLEAN,CLEAN,CLEAN,69.078
pos,dabsquared_gitlab-plugin__d555b8773d,dabsquared_gitlab-plugin__d555b8773d__src_main_java_com_dabsquared_gitlabjenkins_connection_GitLabConnectionConfig.java,src/main/java/com/dabsquared/gitlabjenkins/connection/GitLabConnectionConfig.java,clean,CLEAN,CLEAN,CLEAN,CLEAN,CLEAN,CLEAN,68.768
pos,datastax_java-driver__0dd96ea21f,datastax_java-driver__0dd96ea21f__driver-core_src_main_java_com_datastax_driver_core_TableMetadata.java,driver-core/src/main/java/com/datastax/driver/core/TableMetadata.java,conflict,,,,,,DIVERGED,0.399
pos,datastax_java-driver__1f25c7e3a0,datastax_java-driver__1f25c7e3a0__driver-core_src_main_java_com_datastax_driver_core_Cluster.java,driver-core/src/main/java/com/datastax/driver/core/Cluster.java,clean,CLEAN,CLEAN,CLEAN,CLEAN,CLEAN,CLEAN,80.612
pos,datastax_java-driver__1f25c7e3a0,datastax_java-driver__1f25c7e3a0__driver-core_src_main_java_com_datastax_driver_core_TypeCodec.java,driver-core/src/main/java/com/datastax/driver/core/TypeCodec.java,conflict,,,,,,DIVERGED,0.391
pos,datastax_java-driver__3eb34e6785,datastax_java-driver__3eb34e6785__driver-core_src_main_java_com_datastax_driver_core_TableMetadata.java,driver-core/src/main/java/com/datastax/driver/core/TableMetadata.java,conflict,,,,,,DIVERGED,0.38
pos,datastax_java-driver__725b790a79,datastax_java-driver__725b790a79__driver-core_src_main_java_com_datastax_driver_core_Cluster.java,driver-core/src/main/java/com/datastax/driver/core/Cluster.java,conflict,,,,,,DIVERGED,0.351
pos,datastax_java-driver__7ff4958746,datastax_java-driver__7ff4958746__driver-core_src_main_java_com_datastax_driver_core_Cluster.java,driver-core/src/main/java/com/datastax/driver/core/Cluster.java,clean,CLEAN,CLEAN,CLEAN,CLEAN,CLEAN,CLEAN,88.186
pos,datastax_java-driver__7ff4958746,datastax_java-driver__7ff4958746__driver-core_src_main_java_com_datastax_driver_core_ControlConnection.java,driver-core/src/main/java/com/datastax/driver/core/ControlConnection.java,clean,CLEAN,CLEAN,CLEAN,CLEAN,CLEAN,CLEAN,78.748
pos,datastax_java-driver__e1535e89ad,datastax_java-driver__e1535e89ad__driver-core_src_main_java_com_datastax_driver_core_HostConnectionPool.java,driver-core/src/main/java/com/datastax/driver/core/HostConnectionPool.java,clean,CLEAN,FLAG,CLEAN,CLEAN,CLEAN,FLAG,69.001
pos,deemopen_zkui__2843e7c28f,deemopen_zkui__2843e7c28f__src_main_java_com_deem_zkui_controller_Import.java,src/main/java/com/deem/zkui/controller/Import.java,clean,CLEAN,CLEAN,CLEAN,CLEAN,CLEAN,CLEAN,67.345
pos,deemopen_zkui__2843e7c28f,deemopen_zkui__2843e7c28f__src_main_java_com_deem_zkui_vo_LeafBean.java,src/main/java/com/deem/zkui/vo/LeafBean.java,clean,CLEAN,CLEAN,CLEAN,CLEAN,CLEAN,CLEAN,64.515
pos,digidotcom_xbeejavalibrary__6279f85f74,digidotcom_xbeejavalibrary__6279f85f74__src_com_digi_xbee_api_XBeeDevice.java,src/com/digi/xbee/api/XBeeDevice.java,conflict,,,,,,DIVERGED,0.432
pos,dius_java-faker__4c61966b1c,dius_java-faker__4c61966b1c__src_main_java_com_github_javafaker_Faker.java,src/main/java/com/github/javafaker/Faker.java,clean,CLEAN,CLEAN,CLEAN,CLEAN,CLEAN,CLEAN,67.884
pos,dtrules_dtrules__505c5cbf82,dtrules_dtrules__505c5cbf82__compilerutil_src_main_java_com_dtrules_trace_Trace.java,compilerutil/src/main/java/com/dtrules/trace/Trace.java,clean,CLEAN,CLEAN,CLEAN,CLEAN,CLEAN,CLEAN,64.422
pos,elisarver_selophane__4ecc600017,elisarver_selophane__4ecc600017__src_test_java_org_selophane_elements_FormTest.java,src/test/java/org/selophane/elements/FormTest.java,clean,CLEAN,CLEAN,CLEAN,CLEAN,CLEAN,CLEAN,65.176
pos,elisarver_selophane__4ecc600017,elisarver_selophane__4ecc600017__src_test_java_org_selophane_elements_helpers_FormTestObject.java,src/test/java/org/selophane/elements/helpers/FormTestObject.java,clean,CLEAN,CLEAN,CLEAN,CLEAN,CLEAN,CLEAN,64.171
pos,erudika_para__a9e67cc8b3,erudika_para__a9e67cc8b3__para-server_src_main_java_com_erudika_para_aop_IndexAndCacheAspect.java,para-server/src/main/java/com/erudika/para/aop/IndexAndCacheAspect.java,clean,CLEAN,FLAG,CLEAN,CLEAN,FLAG,FLAG,76.085
pos,fasterxml_jackson-core__2572819ed9,fasterxml_jackson-core__2572819ed9__src_test_java_com_fasterxml_jackson_core_sym_TestSymbolTables.java,src/test/java/com/fasterxml/jackson/core/sym/TestSymbolTables.java,clean,CLEAN,CLEAN,CLEAN,CLEAN,CLEAN,CLEAN,65.256
pos,fasterxml_jackson-datatype-joda__4e6c266339,fasterxml_jackson-datatype-joda__4e6c266339__src_test_java_com_fasterxml_jackson_datatype_joda_JodaSerializationTest.java,src/test/java/com/fasterxml/jackson/datatype/joda/JodaSerializationTest.java,clean,CLEAN,CLEAN,CLEAN,CLEAN,CLEAN,CLEAN,65.921
pos,feroult_yawp__141f79a8e9,feroult_yawp__141f79a8e9__src_main_java_endpoint_repository_IdRef.java,src/main/java/endpoint/repository/IdRef.java,clean,CLEAN,CLEAN,CLEAN,CLEAN,CLEAN,CLEAN,64.939
pos,feroult_yawp__1723236a65,feroult_yawp__1723236a65__src_main_java_endpoint_actions_RepositoryActions.java,src/main/java/endpoint/actions/RepositoryActions.java,clean,CLEAN,CLEAN,CLEAN,CLEAN,CLEAN,CLEAN,66.458
pos,frankbille_scoreboard__890ecd0bdb,frankbille_scoreboard__890ecd0bdb__src_main_java_dk_frankbille_scoreboard_domain_Player.java,src/main/java/dk/frankbille/scoreboard/domain/Player.java,clean,CLEAN,CLEAN,CLEAN,CLEAN,CLEAN,CLEAN,63.64
pos,garbagemule_mobarena__b34dc0d5ac,garbagemule_mobarena__b34dc0d5ac__src_main_java_com_garbagemule_MobArena_MASpawnThread.java,src/main/java/com/garbagemule/MobArena/MASpawnThread.java,clean,CLEAN,CLEAN,CLEAN,CLEAN,CLEAN,CLEAN,69.165
pos,google_compile-testing__608e1cb92a,google_compile-testing__608e1cb92a__src_test_java_com_google_testing_compile_JavaSourcesSubjectFactoryTest.java,src/test/java/com/google/testing/compile/JavaSourcesSubjectFactoryTest.java,clean,CLEAN,CLEAN,CLEAN,CLEAN,CLEAN,CLEAN,65.7
pos,google_truth__2e4a23bebb,google_truth__2e4a23bebb__core_src_main_java_org_truth0_subjects_StringSubject.java,core/src/main/java/org/truth0/subjects/StringSubject.java,clean,CLEAN,CLEAN,CLEAN,CLEAN,CLEAN,CLEAN,65.666
pos,google_truth__2e4a23bebb,google_truth__2e4a23bebb__core_src_test_java_org_truth0_subjects_StringTest.java,core/src/test/java/org/truth0/subjects/StringTest.java,clean,CLEAN,CLEAN,CLEAN,CLEAN,CLEAN,CLEAN,64.749
pos,google_truth__9289ed34ae,google_truth__9289ed34ae__src_main_java_org_junit_contrib_truth_subjects_IterableSubject.java,src/main/java/org/junit/contrib/truth/subjects/IterableSubject.java,clean,CLEAN,CLEAN,CLEAN,CLEAN,CLEAN,CLEAN,65.093
pos,google_truth__9289ed34ae,google_truth__9289ed34ae__src_test_java_org_junit_contrib_truth_IterableTest.java,src/test/java/org/junit/contrib/truth/IterableTest.java,clean,CLEAN,CLEAN,CLEAN,CLEAN,CLEAN,CLEAN,60.151
pos,greese_dasein-cloud-core__6c37152e5f,greese_dasein-cloud-core__6c37152e5f__src_main_java_org_dasein_cloud_network_LoadBalancerHealthCheck.java,src/main/java/org/dasein/cloud/network/LoadBalancerHealthCheck.java,clean,CLEAN,CLEAN,CLEAN,CLEAN,CLEAN,CLEAN,61.382
pos,guhilling_cdi-test__f3f8094c67,guhilling_cdi-test__f3f8094c67__cdi-test-jpa_src_test_java_de_hilling_junit_cdi_jee_EntityManagerLifecycleTest.java,cdi-test-jpa/src/test/java/de/hilling/junit/cdi/jee/EntityManagerLifecycleTest.java,clean,CLEAN,CLEAN,CLEAN,CLEAN,CLEAN,CLEAN,60.05
pos,gwtbootstrap3_gwtbootstrap3__5c0d1eab79,gwtbootstrap3_gwtbootstrap3__5c0d1eab79__gwtbootstrap3_src_main_java_org_gwtbootstrap3_client_ui_base_form_AbstractForm.java,gwtbootstrap3/src/main/java/org/gwtbootstrap3/client/ui/base/form/AbstractForm.java,clean,CLEAN,CLEAN,CLEAN,CLEAN,CLEAN,CLEAN,62.872
pos,haraldwalker_user-agent-utils__eaaaa1488b,haraldwalker_user-agent-utils__eaaaa1488b__src_main_java_eu_bitwalker_useragentutils_Browser.java,src/main/java/eu/bitwalker/useragentutils/Browser.java,clean,CLEAN,CLEAN,CLEAN,CLEAN,CLEAN,CLEAN,64.326
pos,haraldwalker_user-agent-utils__eaaaa1488b,haraldwalker_user-agent-utils__eaaaa1488b__src_main_java_eu_bitwalker_useragentutils_OperatingSystem.java,src/main/java/eu/bitwalker/useragentutils/OperatingSystem.java,clean,CLEAN,CLEAN,CLEAN,CLEAN,CLEAN,CLEAN,63.215
pos,ignorance77_transformiceapi__9a65b8374f,ignorance77_transformiceapi__9a65b8374f__src_main_java_ee_ignorance_transformiceapi_processors_MouseDeathProcessor.java,src/main/java/ee/ignorance/transformiceapi/processors/MouseDeathProcessor.java,clean,CLEAN,CLEAN,CLEAN,CLEAN,CLEAN,CLEAN,59.654
pos,imixs_imixs-workflow__23b86de5b4,imixs_imixs-workflow__23b86de5b4__imixs-workflow-index-lucene_src_main_java_org_imixs_workflow_engine_lucene_LuceneIndexService.java,imixs-workflow-index-lucene/src/main/java/org/imixs/workflow/engine/lucene/LuceneIndexService.java,clean,CLEAN,CLEAN,CLEAN,CLEAN,CLEAN,CLEAN,66.929
pos,imixs_imixs-workflow__23b86de5b4,imixs_imixs-workflow__23b86de5b4__imixs-workflow-index-lucene_src_main_java_org_imixs_workflow_engine_lucene_LuceneUpdateService.java,imixs-workflow-index-lucene/src/main/java/org/imixs/workflow/engine/lucene/LuceneUpdateService.java,clean,CLEAN,CLEAN,CLEAN,CLEAN,CLEAN,CLEAN,60.829
pos,iryndin_jdbf__9853124d73,iryndin_jdbf__9853124d73__src_main_java_net_iryndin_jdbf_util_DbfMetadataUtils.java,src/main/java/net/iryndin/jdbf/util/DbfMetadataUtils.java,clean,CLEAN,CLEAN,CLEAN,CLEAN,CLEAN,CLEAN,63.653
pos,j256_ormlite-core__2c159335d4,j256_ormlite-core__2c159335d4__src_main_java_com_j256_ormlite_stmt_mapped_MappedCreate.java,src/main/java/com/j256/ormlite/stmt/mapped/MappedCreate.java,clean,CLEAN,CLEAN,CLEAN,CLEAN,CLEAN,CLEAN,64.791
pos,j256_ormlite-core__606986f118,j256_ormlite-core__606986f118__src_main_java_com_j256_ormlite_field_FieldType.java,src/main/java/com/j256/ormlite/field/FieldType.java,clean,CLEAN,CLEAN,CLEAN,CLEAN,CLEAN,CLEAN,107.431
pos,jacquesberger_jsonparsingexample__ac521954c2,jacquesberger_jsonparsingexample__ac521954c2__src_main_java_org_jberger_jsonparsingexample_json_JSON.java,src/main/java/org/jberger/jsonparsingexample/json/JSON.java,clean,CLEAN,FLAG,CLEAN,CLEAN,CLEAN,FLAG,61.679
pos,jadler-mocking_jadler__294a06c3fc,jadler-mocking_jadler__294a06c3fc__jadler-core_src_main_java_net_jadler_JadlerMocker.java,jadler-core/src/main/java/net/jadler/JadlerMocker.java,clean,CLEAN,CLEAN,CLEAN,CLEAN,CLEAN,CLEAN,65.678
pos,javamoney_jsr354-api__6d2356a153,javamoney_jsr354-api__6d2356a153__money-api_provider_src_test_java_javax_money_provider_MonetaryTest.java,money-api/provider/src/test/java/javax/money/provider/MonetaryTest.java,clean,CLEAN,CLEAN,CLEAN,CLEAN,CLEAN,CLEAN,61.829
pos,javaparser_javaparser__41a398414f,javaparser_javaparser__41a398414f__javaparser-symbol-solver-core_src_main_java_com_github_javaparser_symbolsolver_javaparsermodel_JavaParserFacade.java,javaparser-symbol-solver-core/src/main/java/com/github/javaparser/symbolsolver/javaparsermodel/JavaParserFacade.java,clean,CLEAN,CLEAN,CLEAN,CLEAN,CLEAN,CLEAN,70.103
pos,javaparser_javaparser__41a398414f,javaparser_javaparser__41a398414f__javaparser-symbol-solver-core_src_main_java_com_github_javaparser_symbolsolver_javaparsermodel_TypeExtractor.java,javaparser-symbol-solver-core/src/main/java/com/github/javaparser/symbolsolver/javaparsermodel/TypeExtractor.java,clean,CLEAN,CLEAN,CLEAN,CLEAN,CLEAN,CLEAN,68.359
pos,javaparser_javaparser__91ebf36c06,javaparser_javaparser__91ebf36c06__javaparser-symbol-solver-core_src_main_java_com_github_javaparser_symbolsolver_javassistmodel_JavassistClassDeclaration.java,javaparser-symbol-solver-core/src/main/java/com/github/javaparser/symbolsolver/javassistmodel/JavassistClassDeclaration.java,clean,CLEAN,CLEAN,CLEAN,CLEAN,CLEAN,CLEAN,66.082
pos,javaparser_javaparser__91ebf36c06,javaparser_javaparser__91ebf36c06__javaparser-symbol-solver-testing_src_test_java_com_github_javaparser_symbolsolver_resolution_AnalyseJavaSymbolSolver060Test.java,javaparser-symbol-solver-testing/src/test/java/com/github/javaparser/symbolsolver/resolution/AnalyseJavaSymbolSolver060Test.java,clean,CLEAN,CLEAN,CLEAN,CLEAN,CLEAN,CLEAN,64.984
pos,javaparser_javaparser__a23c6aa3b8,javaparser_javaparser__a23c6aa3b8__javaparser-testing_src_test_java_com_github_javaparser_bdd_steps_DumpingSteps.java,javaparser-testing/src/test/java/com/github/javaparser/bdd/steps/DumpingSteps.java,clean,CLEAN,CLEAN,CLEAN,CLEAN,CLEAN,CLEAN,61.287
pos,javaparser_javaparser__dc6254f1bf,javaparser_javaparser__dc6254f1bf__javaparser-symbol-solver-core_src_main_java_com_github_javaparser_symbolsolver_javaparsermodel_declarations_JavaParserSymbolDeclaration.java,javaparser-symbol-solver-core/src/main/java/com/github/javaparser/symbolsolver/javaparsermodel/declarations/JavaParserSymbolDeclaration.java,clean,CLEAN,CLEAN,CLEAN,CLEAN,CLEAN,CLEAN,61.44
pos,javaparser_javaparser__ff91564b7f,javaparser_javaparser__ff91564b7f__javaparser-core-testing_src_test_java_com_github_javaparser_modules_ModuleDeclarationTest.java,javaparser-core-testing/src/test/java/com/github/javaparser/modules/ModuleDeclarationTest.java,clean,CLEAN,CLEAN,CLEAN,CLEAN,CLEAN,CLEAN,62.815
pos,jboss-msc_jboss-msc__1d9b8d45ff,jboss-msc_jboss-msc__1d9b8d45ff__src_main_java_org_jboss_msc_service_BatchInjectionBuilderImpl.java,src/main/java/org/jboss/msc/service/BatchInjectionBuilderImpl.java,clean,CLEAN,CLEAN,CLEAN,CLEAN,CLEAN,CLEAN,64.027
pos,jboss-msc_jboss-msc__a4e21a3b10,jboss-msc_jboss-msc__a4e21a3b10__src_main_java_org_jboss_msc_service_ServiceContainerImpl.java,src/main/java/org/jboss/msc/service/ServiceContainerImpl.java,clean,CLEAN,CLEAN,CLEAN,CLEAN,CLEAN,CLEAN,65.343
pos,jboss-remoting_jboss-remoting__66a0631d13,jboss-remoting_jboss-remoting__66a0631d13__src_main_java_org_jboss_remoting3_RemotingXmlParser.java,src/main/java/org/jboss/remoting3/RemotingXmlParser.java,clean,CLEAN,CLEAN,CLEAN,CLEAN,CLEAN,CLEAN,63.511
pos,jcabi_jcabi-github__27cc460e3c,jcabi_jcabi-github__27cc460e3c__src_main_java_com_jcabi_github_Gist.java,src/main/java/com/jcabi/github/Gist.java,clean,CLEAN,CLEAN,CLEAN,CLEAN,CLEAN,CLEAN,63.56
pos,jcabi_jcabi-github__27cc460e3c,jcabi_jcabi-github__27cc460e3c__src_test_java_com_jcabi_github_RtGistITCase.java,src/test/java/com/jcabi/github/RtGistITCase.java,clean,CLEAN,CLEAN,CLEAN,CLEAN,FLAG,FLAG,60.671
pos,jcabi_jcabi-github__b13d2596ba,jcabi_jcabi-github__b13d2596ba__src_test_java_com_jcabi_github_RtIssueITCase.java,src/test/java/com/jcabi/github/RtIssueITCase.java,clean,CLEAN,CLEAN,CLEAN,CLEAN,CLEAN,CLEAN,62.248
pos,jcabi_jcabi-github__b13d2596ba,jcabi_jcabi-github__b13d2596ba__src_test_java_com_jcabi_github_RtMilestonesITCase.java,src/test/java/com/jcabi/github/RtMilestonesITCase.java,clean,CLEAN,CLEAN,CLEAN,CLEAN,CLEAN,CLEAN,61.399
pos,jcabi_jcabi-github__e18a8ffd16,jcabi_jcabi-github__e18a8ffd16__src_test_java_com_jcabi_github_RtHooksITCase.java,src/test/java/com/jcabi/github/RtHooksITCase.java,clean,CLEAN,CLEAN,CLEAN,CLEAN,FLAG,FLAG,61.656
pos,jcabi_jcabi-http__0c63dd0c75,jcabi_jcabi-http__0c63dd0c75__src_main_java_com_jcabi_http_mock_MkQueryMatchers.java,src/main/java/com/jcabi/http/mock/MkQueryMatchers.java,conflict,,,,,,DIVERGED,0.287
pos,jdupl_lancoder__407742ea19,jdupl_lancoder__407742ea19__src_main_java_org_lancoder_Main.java,src/main/java/org/lancoder/Main.java,clean,CLEAN,CLEAN,CLEAN,CLEAN,CLEAN,CLEAN,63.385
pos,jdupl_lancoder__407742ea19,jdupl_lancoder__407742ea19__src_main_java_org_lancoder_master_api_web_ApiServer.java,src/main/java/org/lancoder/master/api/web/ApiServer.java,clean,CLEAN,FLAG,CLEAN,CLEAN,CLEAN,FLAG,61.301
pos,jenkinsci_coverity-plugin__2fb8690816,jenkinsci_coverity-plugin__2fb8690816__src_main_java_jenkins_plugins_coverity_CoverityTool_CoverityToolHandler.java,src/main/java/jenkins/plugins/coverity/CoverityTool/CoverityToolHandler.java,clean,CLEAN,CLEAN,CLEAN,CLEAN,CLEAN,CLEAN,67.28
pos,jenkinsci_coverity-plugin__62bdb6232e,jenkinsci_coverity-plugin__62bdb6232e__src_main_java_jenkins_plugins_coverity_ws_DefectReader.java,src/main/java/jenkins/plugins/coverity/ws/DefectReader.java,clean,CLEAN,CLEAN,CLEAN,CLEAN,CLEAN,CLEAN,64.118
pos,jenkinsci_coverity-plugin__62bdb6232e,jenkinsci_coverity-plugin__62bdb6232e__src_test_java_jenkins_plugins_coverity_ws_DefectReaderTest.java,src/test/java/jenkins/plugins/coverity/ws/DefectReaderTest.java,clean,CLEAN,CLEAN,CLEAN,CLEAN,CLEAN,CLEAN,62.764
pos,jenkinsci_credentials-plugin__b9cb5f9d1b,jenkinsci_credentials-plugin__b9cb5f9d1b__src_test_java_com_cloudbees_plugins_credentials_casc_CredentialsCategoryTest.java,src/test/java/com/cloudbees/plugins/credentials/casc/CredentialsCategoryTest.java,clean,CLEAN,CLEAN,CLEAN,CLEAN,CLEAN,CLEAN,61.601
pos,jenkinsci_docker-build-publish-plugin__59faa9673c,jenkinsci_docker-build-publish-plugin__59faa9673c__src_main_java_com_cloudbees_dockerpublish_DockerBuilder.java,src/main/java/com/cloudbees/dockerpublish/DockerBuilder.java,clean,CLEAN,CLEAN,CLEAN,CLEAN,CLEAN,CLEAN,67.255
pos,jenkinsci_email-ext-plugin__4def0e56a8,jenkinsci_email-ext-plugin__4def0e56a8__src_test_java_hudson_plugins_emailext_recipients_EmailRecipientUtilsTest.java,src/test/java/hudson/plugins/emailext/recipients/EmailRecipientUtilsTest.java,clean,CLEAN,CLEAN,CLEAN,CLEAN,CLEAN,CLEAN,65.195
pos,jenkinsci_jira-plugin__0eec353cb5,jenkinsci_jira-plugin__0eec353cb5__src_main_java_hudson_plugins_jira_JiraSite.java,src/main/java/hudson/plugins/jira/JiraSite.java,clean,CLEAN,CLEAN,CLEAN,CLEAN,CLEAN,CLEAN,65.96
pos,jenkinsci_jira-plugin__6ad78581c9,jenkinsci_jira-plugin__6ad78581c9__src_main_java_hudson_plugins_jira_JiraChangeLogAnnotator.java,src/main/java/hudson/plugins/jira/JiraChangeLogAnnotator.java,clean,CLEAN,CLEAN,CLEAN,CLEAN,CLEAN,CLEAN,62.733
pos,jenkinsci_jira-plugin__6ad78581c9,jenkinsci_jira-plugin__6ad78581c9__src_main_java_hudson_plugins_jira_JiraSite.java,src/main/java/hudson/plugins/jira/JiraSite.java,clean,CLEAN,CLEAN,CLEAN,CLEAN,CLEAN,CLEAN,70.331
pos,jenkinsci_ldap-plugin__3eee59e25a,jenkinsci_ldap-plugin__3eee59e25a__src_main_java_hudson_security_LDAPSecurityRealm.java,src/main/java/hudson/security/LDAPSecurityRealm.java,clean,CLEAN,CLEAN,CLEAN,CLEAN,CLEAN,CLEAN,95.601
pos,jenkinsci_ui-samples-plugin__81bf937a3d,jenkinsci_ui-samples-plugin__81bf937a3d__src_main_java_io_jenkins_plugins_designlibrary_Root.java,src/main/java/io/jenkins/plugins/designlibrary/Root.java,clean,CLEAN,CLEAN,CLEAN,CLEAN,CLEAN,CLEAN,69.797
pos,jline_jline2__348cb9dada,jline_jline2__348cb9dada__src_main_java_jline_console_ConsoleReader.java,src/main/java/jline/console/ConsoleReader.java,clean,CLEAN,CLEAN,CLEAN,CLEAN,CLEAN,CLEAN,99.366
pos,jline_jline2__348cb9dada,jline_jline2__348cb9dada__src_test_java_jline_console_ConsoleReaderTestSupport.java,src/test/java/jline/console/ConsoleReaderTestSupport.java,clean,CLEAN,CLEAN,CLEAN,CLEAN,CLEAN,CLEAN,73.251
pos,jline_jline2__5869eaa93a,jline_jline2__5869eaa93a__src_main_java_jline_console_ConsoleReader.java,src/main/java/jline/console/ConsoleReader.java,conflict,,,,,,DIVERGED,0.523
pos,jmetal_jmetal__162d1a63b7,jmetal_jmetal__162d1a63b7__jmetal-core_src_main_java_org_uma_jmetal_util_SolutionListUtils.java,jmetal-core/src/main/java/org/uma/jmetal/util/SolutionListUtils.java,clean,CLEAN,CLEAN,CLEAN,CLEAN,CLEAN,CLEAN,74.941
pos,jmetal_jmetal__162d1a63b7,jmetal_jmetal__162d1a63b7__jmetal-core_src_main_java_org_uma_jmetal_util_neighborhood_impl_AdaptiveRandomNeighborhood.java,jmetal-core/src/main/java/org/uma/jmetal/util/neighborhood/impl/AdaptiveRandomNeighborhood.java,clean,CLEAN,CLEAN,CLEAN,CLEAN,CLEAN,CLEAN,70.384
pos,jmetal_jmetal__7d9295f890,jmetal_jmetal__7d9295f890__jmetal-problem_src_main_java_org_uma_jmetal_problem_multiobjective_MultiobjectiveTSP.java,jmetal-problem/src/main/java/org/uma/jmetal/problem/multiobjective/MultiobjectiveTSP.java,clean,CLEAN,CLEAN,CLEAN,CLEAN,CLEAN,CLEAN,72.86
pos,jmetal_jmetal__b4630972a8,jmetal_jmetal__b4630972a8__jmetal-auto_src_main_java_org_uma_jmetal_auto_parameter_Parameter.java,jmetal-auto/src/main/java/org/uma/jmetal/auto/parameter/Parameter.java,clean,CLEAN,CLEAN,CLEAN,CLEAN,CLEAN,CLEAN,71.513
pos,jnr_jnr-unixsocket__467698b6bd,jnr_jnr-unixsocket__467698b6bd__src_main_java_jnr_unixsocket_Native.java,src/main/java/jnr/unixsocket/Native.java,clean,CLEAN,CLEAN,CLEAN,CLEAN,CLEAN,CLEAN,71.643
pos,jnr_jnr-unixsocket__467698b6bd,jnr_jnr-unixsocket__467698b6bd__src_main_java_jnr_unixsocket_UnixSocketChannel.java,src/main/java/jnr/unixsocket/UnixSocketChannel.java,clean,CLEAN,CLEAN,CLEAN,CLEAN,CLEAN,CLEAN,72.116
pos,jnr_jnr-unixsocket__f8f34e5634,jnr_jnr-unixsocket__f8f34e5634__src_main_java_jnr_unixsocket_Native.java,src/main/java/jnr/unixsocket/Native.java,clean,CLEAN,CLEAN,CLEAN,CLEAN,CLEAN,CLEAN,72.543
pos,joel-costigliola_assertj-core__1b4ad829f3,joel-costigliola_assertj-core__1b4ad829f3__src_test_java_org_assertj_core_api_SoftAssertionsTest.java,src/test/java/org/assertj/core/api/SoftAssertionsTest.java,clean,CLEAN,CLEAN,CLEAN,CLEAN,CLEAN,CLEAN,78.934
pos,joel-costigliola_assertj-core__74baae279d,joel-costigliola_assertj-core__74baae279d__src_main_java_org_assertj_core_api_AbstractMapAssert.java,src/main/java/org/assertj/core/api/AbstractMapAssert.java,clean,CLEAN,CLEAN,CLEAN,CLEAN,CLEAN,CLEAN,73.016
pos,joel-costigliola_assertj-core__74baae279d,joel-costigliola_assertj-core__74baae279d__src_main_java_org_assertj_core_api_AbstractObjectAssert.java,src/main/java/org/assertj/core/api/AbstractObjectAssert.java,conflict,,,,,,DIVERGED,0.317
pos,jparsec_jparsec__ef02642abd,jparsec_jparsec__ef02642abd__src_main_java_org_codehaus_jparsec_Parser.java,src/main/java/org/codehaus/jparsec/Parser.java,clean,CLEAN,CLEAN,CLEAN,CLEAN,CLEAN,CLEAN,74.889
pos,jsprit_jsprit__5cf6758085,jsprit_jsprit__5cf6758085__jsprit-core_src_test_java_jsprit_core_analysis_SolutionAnalyserTest.java,jsprit-core/src/test/java/jsprit/core/analysis/SolutionAnalyserTest.java,clean,CLEAN,CLEAN,CLEAN,CLEAN,CLEAN,CLEAN,95.068
pos,jwtk_jjwt__ff932e9838,jwtk_jjwt__ff932e9838__src_main_java_io_jsonwebtoken_impl_DefaultJwtParser.java,src/main/java/io/jsonwebtoken/impl/DefaultJwtParser.java,clean,CLEAN,CLEAN,CLEAN,CLEAN,CLEAN,CLEAN,77.426
pos,k3po_k3po__084cc0b426,k3po_k3po__084cc0b426__specification_wse_src_test_java_org_kaazing_specification_wse_data_BinaryAsEscapedTextIT.java,specification/wse/src/test/java/org/kaazing/specification/wse/data/BinaryAsEscapedTextIT.java,clean,CLEAN,CLEAN,CLEAN,CLEAN,CLEAN,CLEAN,70.153
pos,kaazing_k3po__084cc0b426,kaazing_k3po__084cc0b426__specification_wse_src_test_java_org_kaazing_specification_wse_data_BinaryAsEscapedTextIT.java,specification/wse/src/test/java/org/kaazing/specification/wse/data/BinaryAsEscapedTextIT.java,clean,CLEAN,CLEAN,CLEAN,CLEAN,CLEAN,CLEAN,68.179
pos,kaazing_robot__084cc0b426,kaazing_robot__084cc0b426__specification_wse_src_test_java_org_kaazing_specification_wse_data_BinaryAsEscapedTextIT.java,specification/wse/src/test/java/org/kaazing/specification/wse/data/BinaryAsEscapedTextIT.java,clean,CLEAN,CLEAN,CLEAN,CLEAN,CLEAN,CLEAN,69.495
pos,kohsuke_github-api__4e56b8bb78,kohsuke_github-api__4e56b8bb78__src_main_java_org_kohsuke_github_GHRepository.java,src/main/java/org/kohsuke/github/GHRepository.java,clean,CLEAN,CLEAN,CLEAN,CLEAN,CLEAN,CLEAN,84.857
pos,kohsuke_github-api__4e56b8bb78,kohsuke_github-api__4e56b8bb78__src_main_java_org_kohsuke_github_Requester.java,src/main/java/org/kohsuke/github/Requester.java,clean,CLEAN,CLEAN,CLEAN,CLEAN,CLEAN,CLEAN,78.07
pos,kongchen_swagger-maven-plugin__1e61731653,kongchen_swagger-maven-plugin__1e61731653__src_main_java_com_github_kongchen_swagger_docgen_reader_SpringMvcApiReader.java,src/main/java/com/github/kongchen/swagger/docgen/reader/SpringMvcApiReader.java,clean,CLEAN,CLEAN,CLEAN,CLEAN,CLEAN,CLEAN,78.394
pos,kongchen_swagger-maven-plugin__3d2ea22d07,kongchen_swagger-maven-plugin__3d2ea22d07__src_main_java_com_github_kongchen_swagger_docgen_reader_AbstractReader.java,src/main/java/com/github/kongchen/swagger/docgen/reader/AbstractReader.java,clean,CLEAN,CLEAN,CLEAN,CLEAN,CLEAN,CLEAN,78.392
pos,learning-layers_socialsemanticserver__4ada3cddc3,learning-layers_socialsemanticserver__4ada3cddc3__serv_serv.custom_serv.custom.caller_src_main_java_at_tugraz_sss_serv_caller_SSServCaller.java,serv/serv.custom/serv.custom.caller/src/main/java/at/tugraz/sss/serv/caller/SSServCaller.java,conflict,,,,,,DIVERGED,0.621
pos,learning-layers_socialsemanticserver__4ada3cddc3,learning-layers_socialsemanticserver__4ada3cddc3__serv_serv.custom_serv.custom.ops_src_main_java_at_tugraz_sss_serv_SSServOpE.java,serv/serv.custom/serv.custom.ops/src/main/java/at/tugraz/sss/serv/SSServOpE.java,clean,CLEAN,CLEAN,CLEAN,CLEAN,CLEAN,CLEAN,72.528
pos,lwhite1_tablesaw__13178c81a1,lwhite1_tablesaw__13178c81a1__core_src_main_java_tech_tablesaw_api_DateTimeColumn.java,core/src/main/java/tech/tablesaw/api/DateTimeColumn.java,clean,CLEAN,CLEAN,CLEAN,CLEAN,CLEAN,CLEAN,78.975
pos,mashape_unirest-java__121f85b819,mashape_unirest-java__121f85b819__src_test_java_com_mashape_unirest_test_http_UnirestTest.java,src/test/java/com/mashape/unirest/test/http/UnirestTest.java,clean,CLEAN,CLEAN,CLEAN,CLEAN,CLEAN,CLEAN,80.345
pos,mashape_unirest-java__b43fb95f4a,mashape_unirest-java__b43fb95f4a__src_test_java_com_mashape_unirest_test_http_UnirestTest.java,src/test/java/com/mashape/unirest/test/http/UnirestTest.java,clean,CLEAN,CLEAN,CLEAN,CLEAN,CLEAN,CLEAN,80.064
pos,mbosecke_pebble__617aab328f,mbosecke_pebble__617aab328f__src_main_java_com_mitchellbosecke_pebble_extension_core_CoreExtension.java,src/main/java/com/mitchellbosecke/pebble/extension/core/CoreExtension.java,clean,CLEAN,CLEAN,CLEAN,CLEAN,CLEAN,CLEAN,72.395
pos,mbosecke_pebble__617aab328f,mbosecke_pebble__617aab328f__src_test_java_com_mitchellbosecke_pebble_CoreTagsTest.java,src/test/java/com/mitchellbosecke/pebble/CoreTagsTest.java,clean,CLEAN,CLEAN,CLEAN,CLEAN,CLEAN,CLEAN,76.889
pos,mercadopago_sdk-java__b7498c6f9d,mercadopago_sdk-java__b7498c6f9d__src_main_java_com_mercadopago_client_payment_PaymentRefundClient.java,src/main/java/com/mercadopago/client/payment/PaymentRefundClient.java,clean,CLEAN,CLEAN,CLEAN,CLEAN,CLEAN,CLEAN,71.836
pos,mikera_vectorz__d93ef1b341,mikera_vectorz__d93ef1b341__src_test_java_mikera_matrixx_TestMatrices.java,src/test/java/mikera/matrixx/TestMatrices.java,clean,CLEAN,CLEAN,CLEAN,CLEAN,CLEAN,CLEAN,77.413
pos,mitre_http-proxy-servlet__b7a68118f2,mitre_http-proxy-servlet__b7a68118f2__src_main_java_org_mitre_dsmiley_httpproxy_ProxyServlet.java,src/main/java/org/mitre/dsmiley/httpproxy/ProxyServlet.java,clean,CLEAN,CLEAN,CLEAN,CLEAN,CLEAN,CLEAN,76.781
pos,mixpanel_mixpanel-java__bcdd1ed28f,mixpanel_mixpanel-java__bcdd1ed28f__src_main_java_com_mixpanel_mixpanelapi_MixpanelAPI.java,src/main/java/com/mixpanel/mixpanelapi/MixpanelAPI.java,clean,CLEAN,CLEAN,CLEAN,CLEAN,CLEAN,CLEAN,68.128
pos,monitorjbl_excel-streaming-reader__8698befdf4,monitorjbl_excel-streaming-reader__8698befdf4__src_main_java_com_monitorjbl_xlsx_impl_StreamingRow.java,src/main/java/com/monitorjbl/xlsx/impl/StreamingRow.java,conflict,,,,,,DIVERGED,0.273
pos,monitorjbl_excel-streaming-reader__8698befdf4,monitorjbl_excel-streaming-reader__8698befdf4__src_test_java_com_monitorjbl_xlsx_StreamingReaderTest.java,src/test/java/com/monitorjbl/xlsx/StreamingReaderTest.java,clean,CLEAN,CLEAN,CLEAN,CLEAN,CLEAN,CLEAN,68.404
pos,movsim_movsim__00d5222b61,movsim_movsim__00d5222b61__src_main_java_org_movsim_simulator_roadSection_impl_RoadSectionImpl.java,src/main/java/org/movsim/simulator/roadSection/impl/RoadSectionImpl.java,conflict,,,,,,DIVERGED,0.317
pos,movsim_movsim__6dae25caf7,movsim_movsim__6dae25caf7__core_src_main_java_org_movsim_SimulationScan.java,core/src/main/java/org/movsim/SimulationScan.java,clean,CLEAN,CLEAN,CLEAN,CLEAN,CLEAN,CLEAN,62.5
pos,movsim_movsim__6dae25caf7,movsim_movsim__6dae25caf7__core_src_main_java_org_movsim_simulator_roadnetwork_RoadSegment.java,core/src/main/java/org/movsim/simulator/roadnetwork/RoadSegment.java,clean,CLEAN,CLEAN,CLEAN,CLEAN,CLEAN,CLEAN,71.12
pos,msopentech_azure-activedirectory-library-for-java__d3f143872b,msopentech_azure-activedirectory-library-for-java__d3f143872b__src_test_java_com_microsoft_aad_adal4j_AuthenticationContextTest.java,src/test/java/com/microsoft/aad/adal4j/AuthenticationContextTest.java,clean,CLEAN,CLEAN,CLEAN,CLEAN,CLEAN,CLEAN,66.156
pos,named-data_jndn__3d47402192,named-data_jndn__3d47402192__src_net_named_data_jndn_NetworkNack.java,src/net/named_data/jndn/NetworkNack.java,clean,CLEAN,CLEAN,CLEAN,CLEAN,CLEAN,CLEAN,60.152
pos,named-data_jndn__e0db451bf1,named-data_jndn__e0db451bf1__src_net_named_data_jndn_Face.java,src/net/named_data/jndn/Face.java,clean,CLEAN,CLEAN,CLEAN,CLEAN,CLEAN,CLEAN,66.298
pos,ninjaframework_ninja__31737c1a10,ninjaframework_ninja__31737c1a10__ninja-servlet_src_main_java_ninja_servlet_ContextImpl.java,ninja-servlet/src/main/java/ninja/servlet/ContextImpl.java,clean,CLEAN,CLEAN,CLEAN,CLEAN,CLEAN,CLEAN,66.417
pos,ninjaframework_ninja__31737c1a10,ninjaframework_ninja__31737c1a10__ninja-servlet_src_test_java_ninja_servlet_ContextImplTest.java,ninja-servlet/src/test/java/ninja/servlet/ContextImplTest.java,clean,CLEAN,CLEAN,CLEAN,CLEAN,CLEAN,CLEAN,73.733
pos,ninjaframework_ninja__45bb542cb4,ninjaframework_ninja__45bb542cb4__ninja-core_src_main_java_ninja_AssetsController.java,ninja-core/src/main/java/ninja/AssetsController.java,clean,CLEAN,CLEAN,CLEAN,CLEAN,CLEAN,CLEAN,71.487
pos,ninjaframework_ninja__45bb542cb4,ninjaframework_ninja__45bb542cb4__ninja-demo-application_src_test_java_controllers_ApplicationControllerTest.java,ninja-demo-application/src/test/java/controllers/ApplicationControllerTest.java,clean,CLEAN,CLEAN,CLEAN,CLEAN,CLEAN,CLEAN,69.597
pos,ninjaframework_ninja__663883c228,ninjaframework_ninja__663883c228__ninja-core_src_main_java_ninja_utils_NinjaProperties.java,ninja-core/src/main/java/ninja/utils/NinjaProperties.java,clean,CLEAN,CLEAN,CLEAN,CLEAN,CLEAN,CLEAN,66.126
pos,ninjaframework_ninja__663883c228,ninjaframework_ninja__663883c228__ninja-core_src_main_java_ninja_utils_NinjaPropertiesImpl.java,ninja-core/src/main/java/ninja/utils/NinjaPropertiesImpl.java,clean,CLEAN,CLEAN,CLEAN,CLEAN,CLEAN,CLEAN,71.863
pos,ninjaframework_ninja__94b2365be3,ninjaframework_ninja__94b2365be3__ninja-core_src_main_java_ninja_Context.java,ninja-core/src/main/java/ninja/Context.java,clean,CLEAN,CLEAN,CLEAN,CLEAN,CLEAN,CLEAN,67.643
pos,ninjaframework_ninja__94b2365be3,ninjaframework_ninja__94b2365be3__ninja-core_src_main_java_ninja_ContextImpl.java,ninja-core/src/main/java/ninja/ContextImpl.java,clean,CLEAN,CLEAN,CLEAN,CLEAN,CLEAN,CLEAN,74.406
pos,northlander_a__c3f2865b88,northlander_a__c3f2865b88__src_test_java_co_nordlander_a_BaseTest.java,src/test/java/co/nordlander/a/BaseTest.java,clean,CLEAN,CLEAN,CLEAN,CLEAN,CLEAN,CLEAN,82.802
pos,nuodb_migration-tools__2e1f6973c4,nuodb_migration-tools__2e1f6973c4__src_test_java_com_nuodb_tools_migration_jdbc_metamodel_DatabaseIntrospectorTest.java,src/test/java/com/nuodb/tools/migration/jdbc/metamodel/DatabaseIntrospectorTest.java,clean,CLEAN,CLEAN,CLEAN,CLEAN,CLEAN,CLEAN,73.199
pos,nurkiewicz_java8-workshop__f5918aa79c,nurkiewicz_java8-workshop__f5918aa79c__src_main_java_com_nurkiewicz_java8_holidays_PolishHolidays.java,src/main/java/com/nurkiewicz/java8/holidays/PolishHolidays.java,clean,CLEAN,CLEAN,CLEAN,CLEAN,CLEAN,CLEAN,72.394
pos,nysenate_openlegislation__9c7cf034c1,nysenate_openlegislation__9c7cf034c1__src_main_java_gov_nysenate_openleg_search_committee_ElasticCommitteeSearchDao.java,src/main/java/gov/nysenate/openleg/search/committee/ElasticCommitteeSearchDao.java,clean,CLEAN,CLEAN,CLEAN,CLEAN,CLEAN,CLEAN,73.912
pos,okleine_ncoap__99de16a6d2,okleine_ncoap__99de16a6d2__src_main_java_de_uniluebeck_itm_spitfire_nCoap_message_CoapRequest.java,src/main/java/de/uniluebeck/itm/spitfire/nCoap/message/CoapRequest.java,clean,CLEAN,CLEAN,CLEAN,CLEAN,CLEAN,CLEAN,75.107
pos,onebusaway_onebusaway-application-modules__915e2f3ffe,onebusaway_onebusaway-application-modules__915e2f3ffe__onebusaway-transit-data-federation_src_main_java_org_onebusaway_transit_data_federation_impl_beans_StopWithArrivalsAndDeparturesBeanServiceImpl.java,onebusaway-transit-data-federation/src/main/java/org/onebusaway/transit_data_federation/impl/beans/StopWithArrivalsAndDeparturesBeanServiceImpl.java,clean,CLEAN,CLEAN,CLEAN,CLEAN,CLEAN,CLEAN,75.129
pos,onebusaway_onebusaway-application-modules__e779e9fce1,onebusaway_onebusaway-application-modules__e779e9fce1__onebusaway-transit-data_src_main_java_org_onebusaway_transit_data_model_ArrivalsAndDeparturesQueryBean.java,onebusaway-transit-data/src/main/java/org/onebusaway/transit_data/model/ArrivalsAndDeparturesQueryBean.java,clean,CLEAN,CLEAN,CLEAN,CLEAN,CLEAN,CLEAN,73.599
pos,openhft_chronicle-bytes__5bad7e86ea,openhft_chronicle-bytes__5bad7e86ea__src_main_java_net_openhft_chronicle_bytes_NativeBytes.java,src/main/java/net/openhft/chronicle/bytes/NativeBytes.java,clean,CLEAN,CLEAN,CLEAN,CLEAN,CLEAN,CLEAN,75.431
pos,openhft_chronicle-bytes__a9e7269a84,openhft_chronicle-bytes__a9e7269a84__src_main_java_net_openhft_chronicle_bytes_MappedFile.java,src/main/java/net/openhft/chronicle/bytes/MappedFile.java,conflict,,,,,,DIVERGED,0.312
pos,openhft_chronicle-bytes__e3ac571d25,openhft_chronicle-bytes__e3ac571d25__src_test_java_net_openhft_chronicle_bytes_BytesTest.java,src/test/java/net/openhft/chronicle/bytes/BytesTest.java,clean,CLEAN,CLEAN,CLEAN,CLEAN,CLEAN,CLEAN,80.428
pos,openhft_chronicle-network__fb39c8ca3b,openhft_chronicle-network__fb39c8ca3b__src_main_java_net_openhft_chronicle_network_cluster_Cluster.java,src/main/java/net/openhft/chronicle/network/cluster/Cluster.java,conflict,,,,,,DIVERGED,0.334
pos,openpnp_openpnp__93126880a6,openpnp_openpnp__93126880a6__src_main_java_org_openpnp_gui_MainFrame.java,src/main/java/org/openpnp/gui/MainFrame.java,clean,CLEAN,CLEAN,CLEAN,CLEAN,CLEAN,CLEAN,181.778
pos,openpnp_openpnp__a3cca4daba,openpnp_openpnp__a3cca4daba__src_main_java_org_openpnp_machine_reference_ReferenceNozzle.java,src/main/java/org/openpnp/machine/reference/ReferenceNozzle.java,conflict,,,,,,DIVERGED,0.509
pos,openpnp_openpnp__a3cca4daba,openpnp_openpnp__a3cca4daba__src_main_java_org_openpnp_machine_reference_ReferenceNozzleTip.java,src/main/java/org/openpnp/machine/reference/ReferenceNozzleTip.java,clean,CLEAN,CLEAN,CLEAN,CLEAN,CLEAN,CLEAN,78.145
pos,openpnp_openpnp__fb30708fe0,openpnp_openpnp__fb30708fe0__src_main_java_org_openpnp_machine_reference_driver_GcodeDriver.java,src/main/java/org/openpnp/machine/reference/driver/GcodeDriver.java,clean,CLEAN,CLEAN,CLEAN,CLEAN,CLEAN,CLEAN,89.424
pos,prism_prism-bukkit__15140fadb2,prism_prism-bukkit__15140fadb2__src_main_java_me_botsko_prism_Prism.java,src/main/java/me/botsko/prism/Prism.java,clean,CLEAN,CLEAN,CLEAN,CLEAN,CLEAN,CLEAN,80.531
pos,prism_prism-bukkit__6dfb9ef0cf,prism_prism-bukkit__6dfb9ef0cf__src_main_java_me_botsko_prism_commands_NearCommand.java,src/main/java/me/botsko/prism/commands/NearCommand.java,clean,CLEAN,CLEAN,CLEAN,CLEAN,CLEAN,CLEAN,73.06
pos,prism_prism-bukkit__74927cacad,prism_prism-bukkit__74927cacad__src_main_java_me_botsko_prism_actionlibs_ActionsQuery.java,src/main/java/me/botsko/prism/actionlibs/ActionsQuery.java,conflict,,,,,,DIVERGED,0.318
pos,prism_prism-bukkit__74927cacad,prism_prism-bukkit__74927cacad__src_main_java_me_botsko_prism_database_DeleteQuery.java,src/main/java/me/botsko/prism/database/DeleteQuery.java,clean,CLEAN,CLEAN,CLEAN,CLEAN,CLEAN,CLEAN,68.186
pos,progether_jadventure__9ce4a7106c,progether_jadventure__9ce4a7106c__src_main_java_com_jadventure_game_navigation_LocationType.java,src/main/java/com/jadventure/game/navigation/LocationType.java,clean,CLEAN,CLEAN,CLEAN,CLEAN,CLEAN,CLEAN,66.21
pos,progether_jadventure__9ce4a7106c,progether_jadventure__9ce4a7106c__src_main_java_com_jadventure_game_prompts_CommandCollection.java,src/main/java/com/jadventure/game/prompts/CommandCollection.java,clean,CLEAN,CLEAN,CLEAN,CLEAN,CLEAN,CLEAN,64.367
pos,progether_jadventure__e28401af85,progether_jadventure__e28401af85__src_main_java_com_jadventure_game_prompts_CommandParser.java,src/main/java/com/jadventure/game/prompts/CommandParser.java,clean,CLEAN,CLEAN,CLEAN,CLEAN,UNANALYZABLE,UNANALYZABLE,59.278
pos,projectblueshift_blueshiftapi__004679e5bb,projectblueshift_blueshiftapi__004679e5bb__src_main_java_net_tridentsdk_chat_ChatComponent.java,src/main/java/net/tridentsdk/chat/ChatComponent.java,clean,CLEAN,CLEAN,CLEAN,CLEAN,CLEAN,CLEAN,67.066
pos,recruit-tech_redpen__58d3096f6c,recruit-tech_redpen__58d3096f6c__redpen-core_src_test_java_cc_redpen_parser_SentenceExtractorTest.java,redpen-core/src/test/java/cc/redpen/parser/SentenceExtractorTest.java,clean,CLEAN,CLEAN,CLEAN,CLEAN,CLEAN,CLEAN,65.182
pos,relayrides_pushy__6badde9538,relayrides_pushy__6badde9538__src_main_java_com_relayrides_pushy_apns_PushManager.java,src/main/java/com/relayrides/pushy/apns/PushManager.java,clean,CLEAN,CLEAN,CLEAN,CLEAN,CLEAN,CLEAN,65.879
pos,sailthru_sailthru-java-client__ee1f917600,sailthru_sailthru-java-client__ee1f917600__src_main_com_sailthru_client_exceptions_ApiException.java,src/main/com/sailthru/client/exceptions/ApiException.java,clean,CLEAN,CLEAN,CLEAN,CLEAN,CLEAN,CLEAN,63.805
pos,samskivert_jmustache__940af397c4,samskivert_jmustache__940af397c4__src_main_java_com_samskivert_mustache_Mustache.java,src/main/java/com/samskivert/mustache/Mustache.java,clean,CLEAN,CLEAN,CLEAN,CLEAN,CLEAN,CLEAN,73.149
pos,sander2798_enderstone__3de930e0ed,sander2798_enderstone__3de930e0ed__src_org_enderstone_server_entity_EnderPlayer.java,src/org/enderstone/server/entity/EnderPlayer.java,clean,CLEAN,CLEAN,CLEAN,CLEAN,CLEAN,CLEAN,74.624
pos,sander2798_enderstone__b515bac1b0,sander2798_enderstone__b515bac1b0__src_org_enderstone_server_packet_codec_MinecraftServerCodex.java,src/org/enderstone/server/packet/codec/MinecraftServerCodex.java,clean,CLEAN,CLEAN,CLEAN,CLEAN,CLEAN,CLEAN,63.983
pos,sandergielisse_enderstone__3de930e0ed,sandergielisse_enderstone__3de930e0ed__src_org_enderstone_server_entity_EnderPlayer.java,src/org/enderstone/server/entity/EnderPlayer.java,clean,CLEAN,CLEAN,CLEAN,CLEAN,CLEAN,CLEAN,79.023
pos,sandergielisse_enderstone__b515bac1b0,sandergielisse_enderstone__b515bac1b0__src_org_enderstone_server_packet_codec_MinecraftServerCodex.java,src/org/enderstone/server/packet/codec/MinecraftServerCodex.java,clean,CLEAN,CLEAN,CLEAN,CLEAN,CLEAN,CLEAN,73.391
pos,segmentio_analytics-java__0d4a7b4e69,segmentio_analytics-java__0d4a7b4e69__analytics_src_main_java_com_segment_analytics_internal_AnalyticsClient.java,analytics/src/main/java/com/segment/analytics/internal/AnalyticsClient.java,clean,CLEAN,CLEAN,CLEAN,CLEAN,CLEAN,CLEAN,77.805
pos,segmentio_analytics-java__0d4a7b4e69,segmentio_analytics-java__0d4a7b4e69__analytics_src_test_java_com_segment_analytics_internal_AnalyticsClientTest.java,analytics/src/test/java/com/segment/analytics/internal/AnalyticsClientTest.java,clean,CLEAN,CLEAN,CLEAN,CLEAN,CLEAN,CLEAN,82.966
pos,skyscreamer_nevado__cdc23cde46,skyscreamer_nevado__cdc23cde46__nevado-jms_src_main_java_org_skyscreamer_nevado_jms_connector_amazonaws_AmazonAwsSQSConnectorFactory.java,nevado-jms/src/main/java/org/skyscreamer/nevado/jms/connector/amazonaws/AmazonAwsSQSConnectorFactory.java,clean,CLEAN,CLEAN,CLEAN,CLEAN,CLEAN,CLEAN,71.373
pos,softinstigate_restheart__98dda32101,softinstigate_restheart__98dda32101__graphql_src_main_java_org_restheart_graphql_GraphQLService.java,graphql/src/main/java/org/restheart/graphql/GraphQLService.java,clean,CLEAN,FLAG,CLEAN,CLEAN,FLAG,FLAG,76.416
pos,softinstigate_restheart__b196d4fc15,softinstigate_restheart__b196d4fc15__graphql_src_main_java_org_restheart_graphql_scalars_BsonScalars.java,graphql/src/main/java/org/restheart/graphql/scalars/BsonScalars.java,clean,CLEAN,CLEAN,CLEAN,CLEAN,CLEAN,CLEAN,72.179
pos,softinstigate_restheart__d8673744dc,softinstigate_restheart__d8673744dc__src_main_java_org_restheart_handlers_RequestContext.java,src/main/java/org/restheart/handlers/RequestContext.java,clean,CLEAN,CLEAN,CLEAN,CLEAN,CLEAN,CLEAN,82.568
pos,softinstigate_restheart__d8673744dc,softinstigate_restheart__d8673744dc__src_main_java_org_restheart_handlers_RequestDispatcherHandler.java,src/main/java/org/restheart/handlers/RequestDispatcherHandler.java,clean,CLEAN,CLEAN,CLEAN,CLEAN,CLEAN,CLEAN,83.592
pos,sps_pushover4j__88cd636fab,sps_pushover4j__88cd636fab__src_main_java_net_pushover_client_PushoverResponseFactory.java,src/main/java/net/pushover/client/PushoverResponseFactory.java,conflict,,,,,,DIVERGED,0.32
pos,sps_pushover4j__88cd636fab,sps_pushover4j__88cd636fab__src_test_java_net_pushover_client_PushoverResponseFactoryTest.java,src/test/java/net/pushover/client/PushoverResponseFactoryTest.java,clean,CLEAN,CLEAN,CLEAN,CLEAN,CLEAN,CLEAN,71.189
pos,square_javapoet__d019b6f624,square_javapoet__d019b6f624__src_main_java_com_squareup_javawriter_JavaWriter.java,src/main/java/com/squareup/javawriter/JavaWriter.java,clean,CLEAN,CLEAN,CLEAN,CLEAN,CLEAN,CLEAN,78.893
pos,square_javapoet__d019b6f624,square_javapoet__d019b6f624__src_test_java_com_squareup_javawriter_JavaWriterTest.java,src/test/java/com/squareup/javawriter/JavaWriterTest.java,clean,CLEAN,CLEAN,CLEAN,CLEAN,CLEAN,CLEAN,77.403
pos,sstrickx_yahoofinance-api__216ad70070,sstrickx_yahoofinance-api__216ad70070__src_main_java_stockagent_RuleBasedAgent.java,src/main/java/stockagent/RuleBasedAgent.java,clean,CLEAN,CLEAN,CLEAN,CLEAN,CLEAN,CLEAN,71.01
pos,steveice10_mcprotocollib__5c8a435832,steveice10_mcprotocollib__5c8a435832__src_main_java_com_github_steveice10_mc_protocol_data_message_style_MessageStyle.java,src/main/java/com/github/steveice10/mc/protocol/data/message/style/MessageStyle.java,clean,CLEAN,CLEAN,CLEAN,CLEAN,CLEAN,CLEAN,72.674
pos,steveice10_packetlib__295cf3e47a,steveice10_packetlib__295cf3e47a__src_main_java_com_github_steveice10_packetlib_tcp_TcpClientSession.java,src/main/java/com/github/steveice10/packetlib/tcp/TcpClientSession.java,conflict,,,,,,DIVERGED,0.352
pos,swagger-api_swagger-parser__41ccee4da3,swagger-api_swagger-parser__41ccee4da3__modules_swagger-parser-v3_src_test_java_io_swagger_v3_parser_test_OpenAPIV3ParserTest.java,modules/swagger-parser-v3/src/test/java/io/swagger/v3/parser/test/OpenAPIV3ParserTest.java,clean,CLEAN,CLEAN,CLEAN,CLEAN,CLEAN,CLEAN,99.252
pos,swagger-api_swagger-parser__59a85a29da,swagger-api_swagger-parser__59a85a29da__modules_swagger-parser-v3_src_test_java_io_swagger_v3_parser_test_OpenAPIV3ParserTest.java,modules/swagger-parser-v3/src/test/java/io/swagger/v3/parser/test/OpenAPIV3ParserTest.java,clean,CLEAN,CLEAN,CLEAN,CLEAN,CLEAN,CLEAN,96.958
pos,tabulapdf_tabula-java__767699f3aa,tabulapdf_tabula-java__767699f3aa__src_main_java_technology_tabula_detectors_RegexSearch.java,src/main/java/technology/tabula/detectors/RegexSearch.java,conflict,,,,,,DIVERGED,0.381
pos,tabulapdf_tabula-java__767699f3aa,tabulapdf_tabula-java__767699f3aa__src_test_java_technology_tabula_TestRegexSearch.java,src/test/java/technology/tabula/TestRegexSearch.java,clean,CLEAN,CLEAN,CLEAN,CLEAN,CLEAN,CLEAN,73.787
pos,tcurdt_jdeb__77d052996a,tcurdt_jdeb__77d052996a__src_main_java_org_vafer_jdeb_DataBuilder.java,src/main/java/org/vafer/jdeb/DataBuilder.java,clean,CLEAN,CLEAN,CLEAN,CLEAN,FLAG,FLAG,69.181
pos,tcurdt_jdeb__77d052996a,tcurdt_jdeb__77d052996a__src_test_java_org_vafer_jdeb_DataBuilderTestCase.java,src/test/java/org/vafer/jdeb/DataBuilderTestCase.java,clean,CLEAN,CLEAN,CLEAN,CLEAN,CLEAN,CLEAN,62.815
pos,thenewcircle_spring-hibernate-20120924__7ec9c1b4bb,thenewcircle_spring-hibernate-20120924__7ec9c1b4bb__src_main_java_com_marakana_contacts_controllers_ContactController.java,src/main/java/com/marakana/contacts/controllers/ContactController.java,clean,CLEAN,CLEAN,CLEAN,CLEAN,CLEAN,CLEAN,65.037
pos,tridentsdk_tridentsdk__004679e5bb,tridentsdk_tridentsdk__004679e5bb__src_main_java_net_tridentsdk_chat_ChatComponent.java,src/main/java/net/tridentsdk/chat/ChatComponent.java,clean,CLEAN,CLEAN,CLEAN,CLEAN,CLEAN,CLEAN,67.136
pos,tumblr_jumblr__31bd6f8335,tumblr_jumblr__31bd6f8335__src_main_java_com_tumblr_jumblr_exceptions_JumblrException.java,src/main/java/com/tumblr/jumblr/exceptions/JumblrException.java,clean,CLEAN,CLEAN,CLEAN,CLEAN,CLEAN,CLEAN,63.568
pos,tumblr_jumblr__31bd6f8335,tumblr_jumblr__31bd6f8335__src_main_java_com_tumblr_jumblr_request_RequestBuilder.java,src/main/java/com/tumblr/jumblr/request/RequestBuilder.java,clean,CLEAN,CLEAN,CLEAN,CLEAN,CLEAN,CLEAN,70.978
pos,urbanairship_datacube__b8bef94f4d,urbanairship_datacube__b8bef94f4d__src_main_java_com_urbanairship_datacube_DataCubeIo.java,src/main/java/com/urbanairship/datacube/DataCubeIo.java,clean,CLEAN,CLEAN,CLEAN,CLEAN,CLEAN,CLEAN,73.971
pos,urbanairship_datacube__b8bef94f4d,urbanairship_datacube__b8bef94f4d__src_main_java_com_urbanairship_datacube_dbharnesses_HBaseDbHarness.java,src/main/java/com/urbanairship/datacube/dbharnesses/HBaseDbHarness.java,clean,CLEAN,CLEAN,CLEAN,CLEAN,CLEAN,CLEAN,76.979
pos,urbanairship_java-library__bbe0297a10,urbanairship_java-library__bbe0297a10__src_test_java_com_urbanairship_api_customevents_model_CustomEventPayloadTest.java,src/test/java/com/urbanairship/api/customevents/model/CustomEventPayloadTest.java,clean,CLEAN,CLEAN,CLEAN,CLEAN,CLEAN,CLEAN,75.423
pos,urbanairship_java-library__bbe0297a10,urbanairship_java-library__bbe0297a10__src_test_java_com_urbanairship_api_customevents_parse_CustomEventPayloadSerializerTest.java,src/test/java/com/urbanairship/api/customevents/parse/CustomEventPayloadSerializerTest.java,clean,CLEAN,CLEAN,CLEAN,CLEAN,CLEAN,CLEAN,71.783
pos,uwolfer_gerrit-rest-java-client__8e688db702,uwolfer_gerrit-rest-java-client__8e688db702__src_main_java_com_urswolfer_gerrit_client_rest_http_GerritRestClient.java,src/main/java/com/urswolfer/gerrit/client/rest/http/GerritRestClient.java,conflict,,,,,,DIVERGED,0.375
pos,vkostyukov_la4j__d216aa8928,vkostyukov_la4j__d216aa8928__src_main_java_org_la4j_vector_AbstractVector.java,src/main/java/org/la4j/vector/AbstractVector.java,clean,CLEAN,CLEAN,CLEAN,CLEAN,CLEAN,CLEAN,76.669
pos,vkostyukov_la4j__d216aa8928,vkostyukov_la4j__d216aa8928__src_test_java_org_la4j_vector_sparse_SparseVectorTest.java,src/test/java/org/la4j/vector/sparse/SparseVectorTest.java,clean,CLEAN,CLEAN,CLEAN,CLEAN,CLEAN,CLEAN,70.9
pos,vojtechhabarta_typescript-generator__51835d3c16,vojtechhabarta_typescript-generator__51835d3c16__typescript-generator-spring_src_test_java_cz_habarta_typescript_generator_spring_SpringTest.java,typescript-generator-spring/src/test/java/cz/habarta/typescript/generator/spring/SpringTest.java,clean,CLEAN,CLEAN,CLEAN,CLEAN,CLEAN,CLEAN,75.354
pos,warmuuh_libsass-maven-plugin__5ca7b3f086,warmuuh_libsass-maven-plugin__5ca7b3f086__src_main_java_wrm_CompilationMojo.java,src/main/java/wrm/CompilationMojo.java,conflict,,,,,,DIVERGED,0.322
pos,winder_universal-g-code-sender__84d687330a,winder_universal-g-code-sender__84d687330a__ugs-core_src_com_willwinder_universalgcodesender_model_GUIBackend.java,ugs-core/src/com/willwinder/universalgcodesender/model/GUIBackend.java,clean,CLEAN,CLEAN,CLEAN,CLEAN,CLEAN,CLEAN,80.538
pos,winder_universal-g-code-sender__84d687330a,winder_universal-g-code-sender__84d687330a__ugs-core_src_com_willwinder_universalgcodesender_utils_ControllerSettings.java,ugs-core/src/com/willwinder/universalgcodesender/utils/ControllerSettings.java,clean,CLEAN,CLEAN,CLEAN,CLEAN,CLEAN,CLEAN,72.295
pos,winder_universal-g-code-sender__bc742cb4c4,winder_universal-g-code-sender__bc742cb4c4__ugs-core_src_com_willwinder_universalgcodesender_GrblController.java,ugs-core/src/com/willwinder/universalgcodesender/GrblController.java,clean,CLEAN,CLEAN,CLEAN,CLEAN,CLEAN,CLEAN,78.164
pos,winder_universal-g-code-sender__c93fec43ee,winder_universal-g-code-sender__c93fec43ee__ugs-core_src_com_willwinder_universalgcodesender_gcode_util_CommandProcessorLoader.java,ugs-core/src/com/willwinder/universalgcodesender/gcode/util/CommandProcessorLoader.java,clean,CLEAN,CLEAN,CLEAN,CLEAN,CLEAN,CLEAN,73.648
pos,xebia_xebium__2808ba14a8,xebia_xebium__2808ba14a8__src_main_java_com_xebia_incubator_xebium_SeleniumDriverFixture.java,src/main/java/com/xebia/incubator/xebium/SeleniumDriverFixture.java,clean,CLEAN,CLEAN,CLEAN,CLEAN,CLEAN,CLEAN,77.909
pos,xebia_xebium__a82603c978,xebia_xebium__a82603c978__src_main_java_com_xebia_incubator_xebium_SeleniumDriverFixture.java,src/main/java/com/xebia/incubator/xebium/SeleniumDriverFixture.java,clean,CLEAN,CLEAN,CLEAN,CLEAN,CLEAN,CLEAN,76.253
ctl,adoptopenjdk_mjprof__44b7a2b3db,adoptopenjdk_mjprof__44b7a2b3db__src_main_java_com_performizeit_mjstack_MJStack.java,src/main/java/com/performizeit/mjstack/MJStack.java,clean,CLEAN,CLEAN,CLEAN,CLEAN,CLEAN,CLEAN,76.48
ctl,aerospike_aerospike-client-java__b77316ac92,aerospike_aerospike-client-java__b77316ac92__proxy_src_com_aerospike_client_proxy_grpc_GrpcChannelExecutor.java,proxy/src/com/aerospike/client/proxy/grpc/GrpcChannelExecutor.java,clean,CLEAN,CLEAN,CLEAN,CLEAN,CLEAN,CLEAN,77.241
ctl,aerospike_aerospike-client-java__b77316ac92,aerospike_aerospike-client-java__b77316ac92__proxy_src_com_aerospike_client_proxy_grpc_GrpcStreamingCall.java,proxy/src/com/aerospike/client/proxy/grpc/GrpcStreamingCall.java,clean,CLEAN,CLEAN,CLEAN,CLEAN,FLAG,FLAG,67.607
ctl,aerospike_aerospike-client-java__dfa7c50814,aerospike_aerospike-client-java__dfa7c50814__test_src_com_aerospike_test_util_Args.java,test/src/com/aerospike/test/util/Args.java,clean,CLEAN,CLEAN,CLEAN,CLEAN,CLEAN,CLEAN,75.43
ctl,aleksandr-m_gitflow-maven-plugin__7482fdb5b6,aleksandr-m_gitflow-maven-plugin__7482fdb5b6__src_main_java_com_amashchenko_maven_plugin_gitflow_AbstractGitFlowMojo.java,src/main/java/com/amashchenko/maven/plugin/gitflow/AbstractGitFlowMojo.java,clean,CLEAN,CLEAN,CLEAN,CLEAN,CLEAN,CLEAN,89.461
ctl,alexcojocaru_elasticsearch-maven-plugin__6c23c6286d,alexcojocaru_elasticsearch-maven-plugin__6c23c6286d__src_main_java_com_github_alexcojocaru_mojo_elasticsearch_v2_StopMojo.java,src/main/java/com/github/alexcojocaru/mojo/elasticsearch/v2/StopMojo.java,clean,CLEAN,CLEAN,CLEAN,CLEAN,CLEAN,CLEAN,80.338
ctl,alibaba_canal__10930b9e3d,alibaba_canal__10930b9e3d__parse_src_main_java_com_alibaba_otter_canal_parse_inbound_mysql_dbsync_LogEventConvert.java,parse/src/main/java/com/alibaba/otter/canal/parse/inbound/mysql/dbsync/LogEventConvert.java,clean,CLEAN,CLEAN,CLEAN,CLEAN,CLEAN,CLEAN,85.084
ctl,alibaba_canal__10930b9e3d,alibaba_canal__10930b9e3d__parse_src_main_java_com_alibaba_otter_canal_parse_inbound_mysql_dbsync_SimpleDdlParser.java,parse/src/main/java/com/alibaba/otter/canal/parse/inbound/mysql/dbsync/SimpleDdlParser.java,clean,CLEAN,CLEAN,CLEAN,CLEAN,CLEAN,CLEAN,80.197
ctl,andrewphorn_classicube-client__645941b423,andrewphorn_classicube-client__645941b423__src_main_java_com_mojang_minecraft_gui_FontRenderer.java,src/main/java/com/mojang/minecraft/gui/FontRenderer.java,clean,CLEAN,CLEAN,CLEAN,CLEAN,CLEAN,CLEAN,75.903
ctl,anjuke_hwi__93f975a6d0,anjuke_hwi__93f975a6d0__src_main_java_org_apache_hadoop_hive_hwi_servlet_RQuery.java,src/main/java/org/apache/hadoop/hive/hwi/servlet/RQuery.java,clean,CLEAN,CLEAN,CLEAN,CLEAN,CLEAN,CLEAN,77.03
ctl,apache_commons-csv__2e851bc960,apache_commons-csv__2e851bc960__src_test_java_org_apache_commons_csv_CSVParserTest.java,src/test/java/org/apache/commons/csv/CSVParserTest.java,clean,CLEAN,CLEAN,CLEAN,CLEAN,CLEAN,CLEAN,86.725
ctl,apache_commons-ognl__c1132d8fb3,apache_commons-ognl__c1132d8fb3__src_main_java_org_apache_commons_ognl_internal_entry_PropertyDescriptorCacheEntryFactory.java,src/main/java/org/apache/commons/ognl/internal/entry/PropertyDescriptorCacheEntryFactory.java,clean,CLEAN,CLEAN,CLEAN,CLEAN,CLEAN,CLEAN,75.399
ctl,apache_maven-enforcer__f4f8c2559e,apache_maven-enforcer__f4f8c2559e__enforcer-rules_src_main_java_org_apache_maven_plugins_enforcer_AbstractBanDependencies.java,enforcer-rules/src/main/java/org/apache/maven/plugins/enforcer/AbstractBanDependencies.java,clean,CLEAN,CLEAN,CLEAN,CLEAN,CLEAN,CLEAN,74.482
ctl,apache_metamodel__f9f2bc07f3,apache_metamodel__f9f2bc07f3__core_src_main_java_org_apache_metamodel_query_parser_QueryPartParser.java,core/src/main/java/org/apache/metamodel/query/parser/QueryPartParser.java,clean,CLEAN,CLEAN,CLEAN,CLEAN,CLEAN,CLEAN,70.542
ctl,apache_metamodel__f9f2bc07f3,apache_metamodel__f9f2bc07f3__core_src_test_java_org_apache_metamodel_query_parser_QueryParserTest.java,core/src/test/java/org/apache/metamodel/query/parser/QueryParserTest.java,clean,CLEAN,CLEAN,CLEAN,CLEAN,CLEAN,CLEAN,74.642
ctl,apache_roller__d362f5d1ee,apache_roller__d362f5d1ee__app_src_main_java_org_apache_roller_weblogger_business_search_IndexManagerImpl.java,app/src/main/java/org/apache/roller/weblogger/business/search/IndexManagerImpl.java,clean,CLEAN,CLEAN,CLEAN,CLEAN,CLEAN,CLEAN,75.233
ctl,apache_tomcat-maven-plugin__74e25e53e8,apache_tomcat-maven-plugin__74e25e53e8__tomcat7-war-runner_src_main_java_org_apache_tomcat_maven_runner_Tomcat7Runner.java,tomcat7-war-runner/src/main/java/org/apache/tomcat/maven/runner/Tomcat7Runner.java,clean,CLEAN,CLEAN,CLEAN,CLEAN,CLEAN,CLEAN,79.621
ctl,apache_tomcat-maven-plugin__74e25e53e8,apache_tomcat-maven-plugin__74e25e53e8__tomcat7-war-runner_src_main_java_org_apache_tomcat_maven_runner_Tomcat7RunnerCli.java,tomcat7-war-runner/src/main/java/org/apache/tomcat/maven/runner/Tomcat7RunnerCli.java,clean,CLEAN,CLEAN,CLEAN,CLEAN,CLEAN,CLEAN,74.144
ctl,bronx_saci-vraptor__cb9355ed08,bronx_saci-vraptor__cb9355ed08__src_main_java_net_diegomaia_vraptor_saci_component_startup_PageHandler.java,src/main/java/net/diegomaia/vraptor/saci/component/startup/PageHandler.java,clean,CLEAN,CLEAN,CLEAN,CLEAN,CLEAN,CLEAN,71.523
ctl,brunoribeiro_sql-parser__a1ddf59b7c,brunoribeiro_sql-parser__a1ddf59b7c__src_main_java_com_akiban_sql_unparser_NodeToString.java,src/main/java/com/akiban/sql/unparser/NodeToString.java,clean,CLEAN,CLEAN,CLEAN,CLEAN,CLEAN,CLEAN,79.491
ctl,bserdar_jcliff__206c63ba6f,bserdar_jcliff__206c63ba6f__src_main_java_com_redhat_jcliff_Main.java,src/main/java/com/redhat/jcliff/Main.java,clean,CLEAN,CLEAN,CLEAN,CLEAN,CLEAN,CLEAN,79.606
ctl,buddycloud_buddycloud-server-java__e05c0ee54a,buddycloud_buddycloud-server-java__e05c0ee54a__src_main_java_org_buddycloud_channelserver_packetprocessor_iq_namespace_pubsub_set_Publish.java,src/main/java/org/buddycloud/channelserver/packetprocessor/iq/namespace/pubsub/set/Publish.java,clean,CLEAN,CLEAN,CLEAN,CLEAN,CLEAN,CLEAN,75.247
ctl,chrsan_css-selectors__0f725a05d1,chrsan_css-selectors__0f725a05d1__src_main_java_se_fishtank_css_selectors_dom_internal_PseudoContainsSpecifierChecker.java,src/main/java/se/fishtank/css/selectors/dom/internal/PseudoContainsSpecifierChecker.java,clean,CLEAN,CLEAN,CLEAN,CLEAN,CLEAN,CLEAN,73.192
ctl,citytechinc_cq-component-maven-plugin__2fb3c23f39,citytechinc_cq-component-maven-plugin__2fb3c23f39__cq-component-maven-plugin_src_main_java_com_citytechinc_cq_component_dialog_impl_SelectionWidget.java,cq-component-maven-plugin/src/main/java/com/citytechinc/cq/component/dialog/impl/SelectionWidget.java,clean,CLEAN,CLEAN,CLEAN,CLEAN,CLEAN,CLEAN,77.018
ctl,citytechinc_cq-component-maven-plugin__2fb3c23f39,citytechinc_cq-component-maven-plugin__2fb3c23f39__cq-component-maven-plugin_src_main_java_com_citytechinc_cq_component_dialog_maker_impl_SelectionWidgetMaker.java,cq-component-maven-plugin/src/main/java/com/citytechinc/cq/component/dialog/maker/impl/SelectionWidgetMaker.java,clean,CLEAN,CLEAN,CLEAN,CLEAN,CLEAN,CLEAN,72.845
ctl,citytechinc_cq-component-maven-plugin__79dfb91780,citytechinc_cq-component-maven-plugin__79dfb91780__cq-component-maven-plugin_src_main_java_com_citytechinc_cq_component_dialog_impl_SelectionWidget.java,cq-component-maven-plugin/src/main/java/com/citytechinc/cq/component/dialog/impl/SelectionWidget.java,clean,CLEAN,CLEAN,CLEAN,CLEAN,CLEAN,CLEAN,71.588
ctl,clickntap_vimeo__85bd093b58,clickntap_vimeo__85bd093b58__src_main_java_com_clickntap_vimeo_Vimeo.java,src/main/java/com/clickntap/vimeo/Vimeo.java,clean,CLEAN,CLEAN,CLEAN,CLEAN,CLEAN,CLEAN,74.232
ctl,clickntap_vimeo__cedaf74fc7,clickntap_vimeo__cedaf74fc7__src_main_java_com_clickntap_vimeo_Vimeo.java,src/main/java/com/clickntap/vimeo/Vimeo.java,clean,CLEAN,CLEAN,CLEAN,CLEAN,CLEAN,CLEAN,76.853
ctl,clojure_clojure__c862603a33,clojure_clojure__c862603a33__src_jvm_clojure_lang_Compiler.java,src/jvm/clojure/lang/Compiler.java,clean,CLEAN,CLEAN,CLEAN,CLEAN,CLEAN,CLEAN,129.284
ctl,cloudfoundry_cf-java-client__0d588aa1e7,cloudfoundry_cf-java-client__0d588aa1e7__cloudfoundry-client-reactor_src_main_java_org_cloudfoundry_reactor_util_Operator.java,cloudfoundry-client-reactor/src/main/java/org/cloudfoundry/reactor/util/Operator.java,clean,CLEAN,CLEAN,CLEAN,CLEAN,FLAG,FLAG,70.709
ctl,cloudfoundry_cf-java-client__f994a25985,cloudfoundry_cf-java-client__f994a25985__cloudfoundry-client-reactor_src_main_java_org_cloudfoundry_reactor_util_Operator.java,cloudfoundry-client-reactor/src/main/java/org/cloudfoundry/reactor/util/Operator.java,clean,CLEAN,CLEAN,CLEAN,CLEAN,FLAG,FLAG,73.992
ctl,cloudfoundry_cf-java-client__f994a25985,cloudfoundry_cf-java-client__f994a25985__cloudfoundry-client-reactor_src_test_java_org_cloudfoundry_reactor_util_ErrorPayloadMappersTest.java,cloudfoundry-client-reactor/src/test/java/org/cloudfoundry/reactor/util/ErrorPayloadMappersTest.java,clean,CLEAN,CLEAN,CLEAN,CLEAN,CLEAN,CLEAN,73.29
ctl,cloudslang_score__49b00c4bf9,cloudslang_score__49b00c4bf9__runtime-management_runtime-management-impl_src_main_java_io_cloudslang_runtime_impl_python_PythonExecutor.java,runtime-management/runtime-management-impl/src/main/java/io/cloudslang/runtime/impl/python/PythonExecutor.java,clean,CLEAN,CLEAN,CLEAN,CLEAN,CLEAN,CLEAN,72.088
ctl,coutume_imageonmap__20d2a60d29,coutume_imageonmap__20d2a60d29__src_main_java_fr_moribus_imageonmap_ui_MapItemManager.java,src/main/java/fr/moribus/imageonmap/ui/MapItemManager.java,clean,CLEAN,CLEAN,CLEAN,CLEAN,CLEAN,CLEAN,69.697
ctl,dankurka_gwtphonegap__e19aa67e33,dankurka_gwtphonegap__e19aa67e33__src_main_java_com_googlecode_gwtphonegap_client_notification_NotificationBrowserImpl.java,src/main/java/com/googlecode/gwtphonegap/client/notification/NotificationBrowserImpl.java,clean,CLEAN,CLEAN,CLEAN,CLEAN,CLEAN,CLEAN,66.988
ctl,davidmoten_rxjava-slf4j__fbe2fde40f,davidmoten_rxjava-slf4j__fbe2fde40f__src_test_java_com_github_davidmoten_rx_slf4j_LoggingTest.java,src/test/java/com/github/davidmoten/rx/slf4j/LoggingTest.java,clean,CLEAN,CLEAN,CLEAN,CLEAN,CLEAN,CLEAN,72.503
ctl,douglasrodrigo_bfmapper__b0056fd6f8,douglasrodrigo_bfmapper__b0056fd6f8__src_main_java_br_com_bfmapper_Mapping.java,src/main/java/br/com/bfmapper/Mapping.java,clean,CLEAN,CLEAN,CLEAN,CLEAN,CLEAN,CLEAN,76.56
ctl,dspace_dspace__0a0cf18c36,dspace_dspace__0a0cf18c36__dspace-server-webapp_src_test_java_org_dspace_app_rest_ExternalSourcesRestControllerIT.java,dspace-server-webapp/src/test/java/org/dspace/app/rest/ExternalSourcesRestControllerIT.java,clean,CLEAN,CLEAN,CLEAN,CLEAN,CLEAN,CLEAN,80.279
ctl,dspace_dspace__2e3c4f033d,dspace_dspace__2e3c4f033d__dspace-api_src_main_java_org_dspace_curate_CitationPage.java,dspace-api/src/main/java/org/dspace/curate/CitationPage.java,clean,CLEAN,CLEAN,CLEAN,CLEAN,CLEAN,CLEAN,75.256
ctl,dspace_dspace__eb28c639a0,dspace_dspace__eb28c639a0__dspace-server-webapp_src_main_java_org_dspace_app_rest_repository_DiscoveryRestRepository.java,dspace-server-webapp/src/main/java/org/dspace/app/rest/repository/DiscoveryRestRepository.java,clean,CLEAN,CLEAN,CLEAN,CLEAN,CLEAN,CLEAN,68.995
ctl,dtrules_dtrules__621afc4ef5,dtrules_dtrules__621afc4ef5__compilerutil_src_main_java_com_dtrules_compiler_decisiontables_DTCompiler.java,compilerutil/src/main/java/com/dtrules/compiler/decisiontables/DTCompiler.java,clean,CLEAN,CLEAN,CLEAN,CLEAN,CLEAN,CLEAN,70.45
ctl,dtrules_dtrules__621afc4ef5,dtrules_dtrules__621afc4ef5__dsl_el_src_main_java_com_dtrules_compiler_el_EL.java,dsl/el/src/main/java/com/dtrules/compiler/el/EL.java,clean,CLEAN,CLEAN,CLEAN,CLEAN,CLEAN,CLEAN,70.309
ctl,eirslett_frontend-maven-plugin__3e67ca8791,eirslett_frontend-maven-plugin__3e67ca8791__frontend-plugin-core_src_main_java_com_github_eirslett_maven_plugins_frontend_lib_NodeAndNPMInstaller.java,frontend-plugin-core/src/main/java/com/github/eirslett/maven/plugins/frontend/lib/NodeAndNPMInstaller.java,clean,CLEAN,CLEAN,CLEAN,CLEAN,CLEAN,CLEAN,69.653
ctl,ekryd_sortpom__b918df820e,ekryd_sortpom__b918df820e__sorter_src_main_java_sortpom_wrapper_content_ChildElementSorter.java,sorter/src/main/java/sortpom/wrapper/content/ChildElementSorter.java,clean,CLEAN,CLEAN,CLEAN,CLEAN,CLEAN,CLEAN,68.53
ctl,farin_jcloisterzone__4a38e3b926,farin_jcloisterzone__4a38e3b926__src_main_java_com_jcloisterzone_engine_Engine.java,src/main/java/com/jcloisterzone/engine/Engine.java,clean,CLEAN,CLEAN,CLEAN,CLEAN,CLEAN,CLEAN,73.573
ctl,fasseg_exp4j__184e5535f9,fasseg_exp4j__184e5535f9__src_main_java_de_congrace_exp4j_Tokenizer.java,src/main/java/de/congrace/exp4j/Tokenizer.java,clean,CLEAN,CLEAN,CLEAN,CLEAN,CLEAN,CLEAN,67.539
ctl,fasseg_exp4j__184e5535f9,fasseg_exp4j__184e5535f9__src_test_java_de_congrace_exp4j_ExpressionBuilderTest.java,src/test/java/de/congrace/exp4j/ExpressionBuilderTest.java,clean,CLEAN,CLEAN,CLEAN,CLEAN,CLEAN,CLEAN,77.066
ctl,fasterxml_jackson-core__be2854d5c6,fasterxml_jackson-core__be2854d5c6__src_test_java_com_fasterxml_jackson_core_filter_BasicParserFilteringTest.java,src/test/java/com/fasterxml/jackson/core/filter/BasicParserFilteringTest.java,clean,CLEAN,CLEAN,CLEAN,CLEAN,CLEAN,CLEAN,71.79
ctl,fernandezpablo85_scribe-java__33d45e1797,fernandezpablo85_scribe-java__33d45e1797__scribejava-core_src_main_java_com_github_scribejava_core_oauth_OAuth10aService.java,scribejava-core/src/main/java/com/github/scribejava/core/oauth/OAuth10aService.java,clean,CLEAN,CLEAN,CLEAN,CLEAN,CLEAN,CLEAN,68.09
ctl,fiji_trackmate__1792dcc505,fiji_trackmate__1792dcc505__src_main_java_fiji_plugin_trackmate_io_TmXmlReader.java,src/main/java/fiji/plugin/trackmate/io/TmXmlReader.java,clean,CLEAN,CLEAN,CLEAN,CLEAN,CLEAN,CLEAN,75.251
ctl,fiji_trackmate__97cfa79dd2,fiji_trackmate__97cfa79dd2__src_main_java_fiji_plugin_trackmate_action_CopyOverlayAction.java,src/main/java/fiji/plugin/trackmate/action/CopyOverlayAction.java,clean,CLEAN,CLEAN,CLEAN,CLEAN,CLEAN,CLEAN,74.481
ctl,fiji_trackmate__97cfa79dd2,fiji_trackmate__97cfa79dd2__src_main_java_fiji_plugin_trackmate_gui_TrackMateGUIController.java,src/main/java/fiji/plugin/trackmate/gui/TrackMateGUIController.java,clean,CLEAN,CLEAN,CLEAN,CLEAN,CLEAN,CLEAN,75.644
ctl,fincatto_nfe__6758366981,fincatto_nfe__6758366981__src_main_java_com_fincatto_documentofiscal_nfe400_classes_lote_envio_NFLoteEnvioRetorno.java,src/main/java/com/fincatto/documentofiscal/nfe400/classes/lote/envio/NFLoteEnvioRetorno.java,clean,CLEAN,CLEAN,CLEAN,CLEAN,CLEAN,CLEAN,66.815
ctl,fincatto_nfe__bd66db2a72,fincatto_nfe__bd66db2a72__src_main_java_com_fincatto_documentofiscal_utils_DFSocketFactory.java,src/main/java/com/fincatto/documentofiscal/utils/DFSocketFactory.java,clean,CLEAN,CLEAN,CLEAN,CLEAN,CLEAN,CLEAN,66.5
ctl,findwise_hydra__76fe21c315,findwise_hydra__76fe21c315__admin-service_src_main_java_com_findwise_hydra_admin_rest_ConfigurationController.java,admin-service/src/main/java/com/findwise/hydra/admin/rest/ConfigurationController.java,clean,CLEAN,CLEAN,CLEAN,CLEAN,CLEAN,CLEAN,65.601
ctl,flaxsearch_luwak__2805c0447a,flaxsearch_luwak__2805c0447a__luwak_src_main_java_uk_co_flax_luwak_util_SpanExtractor.java,luwak/src/main/java/uk/co/flax/luwak/util/SpanExtractor.java,clean,CLEAN,CLEAN,CLEAN,CLEAN,CLEAN,CLEAN,67.428
ctl,fluentlenium_fluentlenium__2cd4ecb82f,fluentlenium_fluentlenium__2cd4ecb82f__fluentlenium-core_src_main_java_org_fluentlenium_core_inject_FluentInjector.java,fluentlenium-core/src/main/java/org/fluentlenium/core/inject/FluentInjector.java,clean,CLEAN,CLEAN,CLEAN,CLEAN,CLEAN,CLEAN,78.157
ctl,fluentlenium_fluentlenium__d88fff0f59,fluentlenium_fluentlenium__d88fff0f59__fluentlenium-core_src_test_java_org_fluentlenium_integration_FluentLeniumWaitTest.java,fluentlenium-core/src/test/java/org/fluentlenium/integration/FluentLeniumWaitTest.java,clean,CLEAN,CLEAN,CLEAN,CLEAN,CLEAN,CLEAN,77.561
ctl,flyingsaucerproject_flyingsaucer__5a2a7d36a1,flyingsaucerproject_flyingsaucer__5a2a7d36a1__flying-saucer-core_src_main_java_org_xhtmlrenderer_css_newmatch_Condition.java,flying-saucer-core/src/main/java/org/xhtmlrenderer/css/newmatch/Condition.java,clean,CLEAN,CLEAN,CLEAN,CLEAN,CLEAN,CLEAN,72.507
ctl,flyingsaucerproject_flyingsaucer__9b83c56a8c,flyingsaucerproject_flyingsaucer__9b83c56a8c__flying-saucer-pdf_src_main_java_org_xhtmlrenderer_pdf_ITextRenderer.java,flying-saucer-pdf/src/main/java/org/xhtmlrenderer/pdf/ITextRenderer.java,clean,CLEAN,CLEAN,CLEAN,CLEAN,CLEAN,CLEAN,74.883
ctl,flyingsaucerproject_flyingsaucer__b2ef06a76f,flyingsaucerproject_flyingsaucer__b2ef06a76f__flying-saucer-pdf-itext5_src_main_java_org_xhtmlrenderer_pdf_ITextOutputDevice.java,flying-saucer-pdf-itext5/src/main/java/org/xhtmlrenderer/pdf/ITextOutputDevice.java,clean,CLEAN,CLEAN,CLEAN,CLEAN,CLEAN,CLEAN,83.195
ctl,forcedotcom_wsc__332e09483d,forcedotcom_wsc__332e09483d__src_main_java_com_sforce_ws_bind_TypeMapper.java,src/main/java/com/sforce/ws/bind/TypeMapper.java,clean,CLEAN,CLEAN,CLEAN,CLEAN,CLEAN,CLEAN,77.639
ctl,fusesource_jansi__f4065227fc,fusesource_jansi__f4065227fc__src_main_java_org_fusesource_jansi_WindowsAnsiOutputStream.java,src/main/java/org/fusesource/jansi/WindowsAnsiOutputStream.java,clean,CLEAN,CLEAN,CLEAN,CLEAN,CLEAN,CLEAN,70.568
ctl,galenframework_galen__7567dd8d2f,galenframework_galen__7567dd8d2f__galen-core_src_main_java_com_galenframework_speclang2_specs_SpecImageProcessor.java,galen-core/src/main/java/com/galenframework/speclang2/specs/SpecImageProcessor.java,clean,CLEAN,CLEAN,CLEAN,CLEAN,CLEAN,CLEAN,69.809
ctl,galenframework_galen__7567dd8d2f,galenframework_galen__7567dd8d2f__galen-core_src_test_java_com_galenframework_tests_speclang2_SpecsReaderV2Test.java,galen-core/src/test/java/com/galenframework/tests/speclang2/SpecsReaderV2Test.java,clean,CLEAN,CLEAN,CLEAN,CLEAN,CLEAN,CLEAN,78.8
ctl,gitools_gitools__8f2043e3c5,gitools_gitools__8f2043e3c5__org.gitools.ui.app_src_main_java_org_gitools_ui_app_fileimport_wizard_text_ListItemTransferHandler.java,org.gitools.ui.app/src/main/java/org/gitools/ui/app/fileimport/wizard/text/ListItemTransferHandler.java,clean,CLEAN,CLEAN,CLEAN,CLEAN,CLEAN,CLEAN,69.137
ctl,gitools_gitools__9f09acdad0,gitools_gitools__9f09acdad0__org.gitools.ui.app_src_main_java_org_gitools_ui_app_actions_Actions.java,org.gitools.ui.app/src/main/java/org/gitools/ui/app/actions/Actions.java,clean,CLEAN,CLEAN,CLEAN,CLEAN,CLEAN,CLEAN,67.875
ctl,glenkpeterson_j-sicle__8ad8d6f00e,glenkpeterson_j-sicle__8ad8d6f00e__src_test_java_org_organicdesign_fp_permanent_SequenceTest.java,src/test/java/org/organicdesign/fp/permanent/SequenceTest.java,clean,CLEAN,CLEAN,CLEAN,CLEAN,CLEAN,CLEAN,71.291
ctl,google_truth__2bb82cafdf,google_truth__2bb82cafdf__src_main_java_org_junit_contrib_truth_subjects_IterableSubject.java,src/main/java/org/junit/contrib/truth/subjects/IterableSubject.java,clean,CLEAN,CLEAN,CLEAN,CLEAN,CLEAN,CLEAN,71.8
ctl,google_truth__6bba06199f,google_truth__6bba06199f__core_src_main_java_com_google_common_truth_Truth.java,core/src/main/java/com/google/common/truth/Truth.java,clean,CLEAN,CLEAN,CLEAN,CLEAN,CLEAN,CLEAN,77.038
ctl,googlecloudplatform_gcloud-java__1fa53a817a,googlecloudplatform_gcloud-java__1fa53a817a__gcloud-java-storage_src_main_java_com_google_gcloud_storage_StorageImpl.java,gcloud-java-storage/src/main/java/com/google/gcloud/storage/StorageImpl.java,clean,CLEAN,CLEAN,CLEAN,CLEAN,CLEAN,CLEAN,83.734
ctl,googlecloudplatform_gcloud-maven-plugin__990444129c,googlecloudplatform_gcloud-maven-plugin__990444129c__src_main_java_com_google_appengine_gcloudapp_AbstractGcloudMojo.java,src/main/java/com/google/appengine/gcloudapp/AbstractGcloudMojo.java,clean,CLEAN,CLEAN,CLEAN,CLEAN,CLEAN,CLEAN,79.497
ctl,graphity_graphity-client__2a8e8c75e9,graphity_graphity-client__2a8e8c75e9__src_main_java_org_graphity_util_XSLTBuilder.java,src/main/java/org/graphity/util/XSLTBuilder.java,conflict,,,,,,DIVERGED,0.314
ctl,greese_dasein-cloud-core__5fe1190801,greese_dasein-cloud-core__5fe1190801__src_main_java_org_dasein_cloud_compute_MachineImageSupport.java,src/main/java/org/dasein/cloud/compute/MachineImageSupport.java,clean,CLEAN,CLEAN,CLEAN,CLEAN,CLEAN,CLEAN,70.914
ctl,gwtbootstrap3_gwtbootstrap3__d558959ad2,gwtbootstrap3_gwtbootstrap3__d558959ad2__gwtbootstrap3_src_main_java_org_gwtbootstrap3_client_ui_SimpleCheckBox.java,gwtbootstrap3/src/main/java/org/gwtbootstrap3/client/ui/SimpleCheckBox.java,clean,CLEAN,CLEAN,CLEAN,CLEAN,CLEAN,CLEAN,70.525
ctl,gwtbootstrap3_gwtbootstrap3__d558959ad2,gwtbootstrap3_gwtbootstrap3__d558959ad2__gwtbootstrap3_src_main_java_org_gwtbootstrap3_client_ui_SimpleRadioButton.java,gwtbootstrap3/src/main/java/org/gwtbootstrap3/client/ui/SimpleRadioButton.java,clean,CLEAN,CLEAN,CLEAN,CLEAN,CLEAN,CLEAN,70.849
ctl,hdrhistogram_hdrhistogram__4faeeb6c17,hdrhistogram_hdrhistogram__4faeeb6c17__src_main_java_org_HdrHistogram_HistogramLogProcessor.java,src/main/java/org/HdrHistogram/HistogramLogProcessor.java,clean,CLEAN,CLEAN,CLEAN,CLEAN,CLEAN,CLEAN,81.693
ctl,hdrhistogram_hdrhistogram__6debea175f,hdrhistogram_hdrhistogram__6debea175f__src_main_java_org_HdrHistogram_AbstractHistogram.java,src/main/java/org/HdrHistogram/AbstractHistogram.java,clean,CLEAN,CLEAN,CLEAN,CLEAN,CLEAN,CLEAN,82.068
ctl,hdrhistogram_hdrhistogram__6debea175f,hdrhistogram_hdrhistogram__6debea175f__src_main_java_org_HdrHistogram_DoubleHistogram.java,src/main/java/org/HdrHistogram/DoubleHistogram.java,clean,CLEAN,CLEAN,CLEAN,CLEAN,CLEAN,CLEAN,79.194
ctl,hdrhistogram_hdrhistogram__beadadbe25,hdrhistogram_hdrhistogram__beadadbe25__src_main_java_org_HdrHistogram_AbstractHistogram.java,src/main/java/org/HdrHistogram/AbstractHistogram.java,clean,CLEAN,CLEAN,CLEAN,CLEAN,CLEAN,CLEAN,82.535
ctl,imixs_imixs-workflow__dfb841cc6c,imixs_imixs-workflow__dfb841cc6c__imixs-workflow-index-lucene_src_main_java_org_imixs_workflow_engine_lucene_LuceneIndexService.java,imixs-workflow-index-lucene/src/main/java/org/imixs/workflow/engine/lucene/LuceneIndexService.java,clean,CLEAN,CLEAN,CLEAN,CLEAN,CLEAN,CLEAN,79.738
ctl,jalkanen_speed4j__18370b9544,jalkanen_speed4j__18370b9544__src_main_java_com_ecyrd_speed4j_log_PeriodicalLog.java,src/main/java/com/ecyrd/speed4j/log/PeriodicalLog.java,clean,CLEAN,CLEAN,CLEAN,CLEAN,CLEAN,CLEAN,77.684
ctl,jasig_java-cas-client__9714053f07,jasig_java-cas-client__9714053f07__cas-client-core_src_main_java_org_jasig_cas_client_util_CommonUtils.java,cas-client-core/src/main/java/org/jasig/cas/client/util/CommonUtils.java,clean,CLEAN,CLEAN,CLEAN,CLEAN,CLEAN,CLEAN,76.171
ctl,jasig_java-cas-client__9714053f07,jasig_java-cas-client__9714053f07__cas-client-core_src_test_java_org_jasig_cas_client_util_CommonUtilsTests.java,cas-client-core/src/test/java/org/jasig/cas/client/util/CommonUtilsTests.java,clean,CLEAN,CLEAN,CLEAN,CLEAN,CLEAN,CLEAN,74.411
ctl,javaparser_javaparser__091c0fab6e,javaparser_javaparser__091c0fab6e__javaparser-core_src_main_java_com_github_javaparser_PositionUtils.java,javaparser-core/src/main/java/com/github/javaparser/PositionUtils.java,clean,CLEAN,CLEAN,CLEAN,CLEAN,CLEAN,CLEAN,73.042
ctl,javaparser_javaparser__8ca0e9b6ea,javaparser_javaparser__8ca0e9b6ea__javaparser-symbol-solver-core_src_main_java_com_github_javaparser_symbolsolver_javaparsermodel_JavaParserFacade.java,javaparser-symbol-solver-core/src/main/java/com/github/javaparser/symbolsolver/javaparsermodel/JavaParserFacade.java,clean,CLEAN,CLEAN,CLEAN,CLEAN,CLEAN,CLEAN,85.14
ctl,jboss-remoting_jboss-remoting__1f07248ce4,jboss-remoting_jboss-remoting__1f07248ce4__src_main_java_org_jboss_remoting3_remote_RemoteConnection.java,src/main/java/org/jboss/remoting3/remote/RemoteConnection.java,clean,CLEAN,CLEAN,CLEAN,CLEAN,CLEAN,CLEAN,93.703
ctl,jcabi_jcabi-aspects__5780cbf85c,jcabi_jcabi-aspects__5780cbf85c__src_main_java_com_jcabi_aspects_aj_MethodCacher.java,src/main/java/com/jcabi/aspects/aj/MethodCacher.java,clean,CLEAN,CLEAN,CLEAN,CLEAN,CLEAN,CLEAN,98.498
ctl,jcabi_jcabi-github__512102da91,jcabi_jcabi-github__512102da91__src_main_java_com_jcabi_github_RtReleaseAsset.java,src/main/java/com/jcabi/github/RtReleaseAsset.java,clean,CLEAN,CLEAN,CLEAN,CLEAN,CLEAN,CLEAN,92.013
ctl,jdatepicker_jdatepicker__cc3905a9c7,jdatepicker_jdatepicker__cc3905a9c7__src_main_java_org_jdatepicker_impl_JDatePickerImpl.java,src/main/java/org/jdatepicker/impl/JDatePickerImpl.java,clean,CLEAN,CLEAN,CLEAN,CLEAN,CLEAN,CLEAN,103.878
ctl,jdatepicker_jdatepicker__cc74e94ac3,jdatepicker_jdatepicker__cc74e94ac3__src_main_java_org_jdatepicker_ComponentTextDefaults.java,src/main/java/org/jdatepicker/ComponentTextDefaults.java,clean,CLEAN,CLEAN,CLEAN,CLEAN,CLEAN,CLEAN,93.396
ctl,jdatepicker_jdatepicker__cc74e94ac3,jdatepicker_jdatepicker__cc74e94ac3__src_main_java_org_jdatepicker_JDatePanel.java,src/main/java/org/jdatepicker/JDatePanel.java,clean,CLEAN,CLEAN,CLEAN,CLEAN,CLEAN,CLEAN,137.52
ctl,jdeparser_jdeparser2__1da0e2349a,jdeparser_jdeparser2__1da0e2349a__src_main_java_org_jboss_jdeparser_FormatPreferences.java,src/main/java/org/jboss/jdeparser/FormatPreferences.java,clean,CLEAN,CLEAN,CLEAN,CLEAN,CLEAN,CLEAN,70.951
ctl,jenkinsci_ant-plugin__7025e65f06,jenkinsci_ant-plugin__7025e65f06__src_main_java_hudson_tasks_Ant.java,src/main/java/hudson/tasks/Ant.java,clean,CLEAN,CLEAN,CLEAN,CLEAN,CLEAN,CLEAN,71.451
ctl,jenkinsci_ant-plugin__7025e65f06,jenkinsci_ant-plugin__7025e65f06__src_test_java_hudson_tasks_AntTest.java,src/test/java/hudson/tasks/AntTest.java,clean,CLEAN,CLEAN,CLEAN,CLEAN,CLEAN,CLEAN,70.917
ctl,jenkinsci_coverity-plugin__7ce14e1f97,jenkinsci_coverity-plugin__7ce14e1f97__src_test_java_jenkins_plugins_coverity_CoverityTool_CovBuildCommandTest.java,src/test/java/jenkins/plugins/coverity/CoverityTool/CovBuildCommandTest.java,clean,CLEAN,CLEAN,CLEAN,CLEAN,CLEAN,CLEAN,67.033
ctl,jenkinsci_coverity-plugin__bd192d7108,jenkinsci_coverity-plugin__bd192d7108__src_main_java_jenkins_plugins_coverity_CoverityPublisher.java,src/main/java/jenkins/plugins/coverity/CoverityPublisher.java,clean,CLEAN,CLEAN,CLEAN,CLEAN,CLEAN,CLEAN,77.418
ctl,jenkinsci_coverity-plugin__db750a7a69,jenkinsci_coverity-plugin__db750a7a69__src_main_java_jenkins_plugins_coverity_CIMStream.java,src/main/java/jenkins/plugins/coverity/CIMStream.java,clean,CLEAN,CLEAN,CLEAN,CLEAN,CLEAN,CLEAN,72.655
ctl,jenkinsci_coverity-plugin__db750a7a69,jenkinsci_coverity-plugin__db750a7a69__src_main_java_jenkins_plugins_coverity_CoverityPublisher.java,src/main/java/jenkins/plugins/coverity/CoverityPublisher.java,clean,CLEAN,CLEAN,CLEAN,CLEAN,CLEAN,CLEAN,80.473
ctl,jenkinsci_credentials-plugin__ccd45a5263,jenkinsci_credentials-plugin__ccd45a5263__src_main_java_com_cloudbees_plugins_credentials_CredentialsSelectHelper.java,src/main/java/com/cloudbees/plugins/credentials/CredentialsSelectHelper.java,clean,CLEAN,CLEAN,CLEAN,CLEAN,CLEAN,CLEAN,77.534
ctl,jenkinsci_email-ext-plugin__312def504a,jenkinsci_email-ext-plugin__312def504a__src_test_java_hudson_plugins_emailext_ExtendedEmailPublisherDescriptorJCasCTest.java,src/test/java/hudson/plugins/emailext/ExtendedEmailPublisherDescriptorJCasCTest.java,clean,CLEAN,CLEAN,CLEAN,CLEAN,CLEAN,CLEAN,70.427
ctl,jenkinsci_email-ext-plugin__9cc2357cac,jenkinsci_email-ext-plugin__9cc2357cac__src_main_java_hudson_plugins_emailext_EmailThrottler.java,src/main/java/hudson/plugins/emailext/EmailThrottler.java,clean,CLEAN,CLEAN,CLEAN,CLEAN,CLEAN,CLEAN,67.678
ctl,jenkinsci_email-ext-plugin__9cc2357cac,jenkinsci_email-ext-plugin__9cc2357cac__src_test_java_hudson_plugins_emailext_ExtendedEmailPublisherTest.java,src/test/java/hudson/plugins/emailext/ExtendedEmailPublisherTest.java,clean,CLEAN,CLEAN,CLEAN,CLEAN,CLEAN,CLEAN,88.967
ctl,jenkinsci_jira-plugin__09485920f4,jenkinsci_jira-plugin__09485920f4__src_main_java_hudson_plugins_jira_JiraSite.java,src/main/java/hudson/plugins/jira/JiraSite.java,clean,CLEAN,CLEAN,CLEAN,CLEAN,CLEAN,CLEAN,82.136
ctl,jenkinsci_junit-plugin__2f4179baf2,jenkinsci_junit-plugin__2f4179baf2__src_main_java_hudson_tasks_junit_CaseResult.java,src/main/java/hudson/tasks/junit/CaseResult.java,clean,CLEAN,CLEAN,CLEAN,CLEAN,CLEAN,CLEAN,75.318
ctl,jenkinsci_ldap-plugin__744083390f,jenkinsci_ldap-plugin__744083390f__src_main_java_hudson_security_LDAPSecurityRealm.java,src/main/java/hudson/security/LDAPSecurityRealm.java,clean,CLEAN,CLEAN,CLEAN,CLEAN,CLEAN,CLEAN,99.148
ctl,jenkinsci_mailer-plugin__67ab48f1a6,jenkinsci_mailer-plugin__67ab48f1a6__src_test_java_hudson_tasks_MailerTest.java,src/test/java/hudson/tasks/MailerTest.java,clean,CLEAN,CLEAN,CLEAN,CLEAN,CLEAN,CLEAN,77.549
ctl,jenkinsci_maven-hpi-plugin__cfbf819e58,jenkinsci_maven-hpi-plugin__cfbf819e58__src_main_java_org_jenkinsci_maven_plugins_hpi_RunMojo.java,src/main/java/org/jenkinsci/maven/plugins/hpi/RunMojo.java,clean,CLEAN,CLEAN,CLEAN,CLEAN,CLEAN,CLEAN,83.342
ctl,jenkinsci_ui-samples-plugin__179ee92cdf,jenkinsci_ui-samples-plugin__179ee92cdf__src_main_java_jenkins_plugins_ui_samples_Select.java,src/main/java/jenkins/plugins/ui_samples/Select.java,clean,CLEAN,CLEAN,CLEAN,CLEAN,CLEAN,CLEAN,72.809
ctl,jgralab_jgralab__d631209030,jgralab_jgralab__d631209030__src_de_uni_koblenz_jgralab_greql2_funlib_FunLib.java,src/de/uni_koblenz/jgralab/greql2/funlib/FunLib.java,clean,CLEAN,CLEAN,CLEAN,CLEAN,CLEAN,CLEAN,86.682
ctl,jgralab_jgralab__d631209030,jgralab_jgralab__d631209030__src_de_uni_koblenz_jgralab_greql2_funlib_schema_HasType.java,src/de/uni_koblenz/jgralab/greql2/funlib/schema/HasType.java,clean,CLEAN,CLEAN,CLEAN,CLEAN,CLEAN,CLEAN,73.575
ctl,jmetal_jmetal__4edc74bc22,jmetal_jmetal__4edc74bc22__jmetal-lab_src_main_java_org_uma_jmetal_lab_experiment_studies_PPSN20203DStudy.java,jmetal-lab/src/main/java/org/uma/jmetal/lab/experiment/studies/PPSN20203DStudy.java,clean,CLEAN,CLEAN,CLEAN,CLEAN,CLEAN,CLEAN,75.399
ctl,jmetal_jmetal__d8ececa506,jmetal_jmetal__d8ececa506__jmetal-exec_src_main_java_org_uma_jmetal_runner_multiobjective_WASFGAMeasuresRunner.java,jmetal-exec/src/main/java/org/uma/jmetal/runner/multiobjective/WASFGAMeasuresRunner.java,clean,CLEAN,CLEAN,CLEAN,CLEAN,CLEAN,CLEAN,75.147
ctl,jparsec_jparsec__a1fac0af65,jparsec_jparsec__a1fac0af65__jparsec_src_main_java_org_codehaus_jparsec_ScannerState.java,jparsec/src/main/java/org/codehaus/jparsec/ScannerState.java,clean,CLEAN,CLEAN,CLEAN,CLEAN,CLEAN,CLEAN,85.953
ctl,jri_deepamehta__03658cb2e9,jri_deepamehta__03658cb2e9__modules_dm4-geomaps_src_main_java_de_deepamehta_plugins_geomaps_GeomapsPlugin.java,modules/dm4-geomaps/src/main/java/de/deepamehta/plugins/geomaps/GeomapsPlugin.java,clean,CLEAN,CLEAN,CLEAN,CLEAN,CLEAN,CLEAN,79.415
ctl,jruby_bytelist__989a36efd0,jruby_bytelist__989a36efd0__src_org_jruby_util_ByteList.java,src/org/jruby/util/ByteList.java,clean,CLEAN,CLEAN,CLEAN,CLEAN,CLEAN,CLEAN,77.938
ctl,jruby_bytelist__989a36efd0,jruby_bytelist__989a36efd0__test_org_jruby_util_ByteListTest.java,test/org/jruby/util/ByteListTest.java,clean,CLEAN,CLEAN,CLEAN,CLEAN,CLEAN,CLEAN,72.833
ctl,jsprit_jsprit__7834e66d7c,jsprit_jsprit__7834e66d7c__jsprit-io_src_main_java_com_graphhopper_jsprit_io_algorithm_VehicleRoutingAlgorithms.java,jsprit-io/src/main/java/com/graphhopper/jsprit/io/algorithm/VehicleRoutingAlgorithms.java,clean,CLEAN,CLEAN,CLEAN,CLEAN,CLEAN,CLEAN,79.818
ctl,jsprit_jsprit__a6726537e9,jsprit_jsprit__a6726537e9__jsprit-core_src_test_java_jsprit_core_problem_vehicle_VehicleImplTest.java,jsprit-core/src/test/java/jsprit/core/problem/vehicle/VehicleImplTest.java,clean,CLEAN,CLEAN,CLEAN,CLEAN,CLEAN,CLEAN,69.431
ctl,julianhyde_linq4j__c0f3b4a744,julianhyde_linq4j__c0f3b4a744__src_main_java_net_hydromatic_linq4j_QueryableFactory.java,src/main/java/net/hydromatic/linq4j/QueryableFactory.java,clean,CLEAN,CLEAN,CLEAN,CLEAN,CLEAN,CLEAN,69.616
ctl,julianhyde_linq4j__c0f3b4a744,julianhyde_linq4j__c0f3b4a744__src_main_java_net_hydromatic_linq4j_QueryableRecorder.java,src/main/java/net/hydromatic/linq4j/QueryableRecorder.java,clean,CLEAN,CLEAN,CLEAN,CLEAN,CLEAN,CLEAN,78.364
ctl,julietkilo_canbabel__ea550c2876,julietkilo_canbabel__ea550c2876__src_main_java_com_github_canbabel_canio_dbc_DbcReader.java,src/main/java/com/github/canbabel/canio/dbc/DbcReader.java,clean,CLEAN,CLEAN,CLEAN,CLEAN,CLEAN,CLEAN,76.373
ctl,kevinbayes_vest__3209c8480f,kevinbayes_vest__3209c8480f__src_main_java_me_bayes_vertx_vest_VestApplication.java,src/main/java/me/bayes/vertx/vest/VestApplication.java,clean,CLEAN,CLEAN,CLEAN,CLEAN,CLEAN,CLEAN,71.132
ctl,khmarbaise_iterator-maven-plugin__99d1681276,khmarbaise_iterator-maven-plugin__99d1681276__src_main_java_com_soebes_maven_plugins_iterator_IteratorMojo.java,src/main/java/com/soebes/maven/plugins/iterator/IteratorMojo.java,clean,CLEAN,CLEAN,CLEAN,CLEAN,CLEAN,CLEAN,71.461
ctl,killbilling_recurly-java-library__fafb064903,killbilling_recurly-java-library__fafb064903__src_main_java_com_ning_billing_recurly_model_RecurlyObject.java,src/main/java/com/ning/billing/recurly/model/RecurlyObject.java,clean,CLEAN,CLEAN,CLEAN,CLEAN,CLEAN,CLEAN,70.661
ctl,killme2008_aviator__eb6c698603,killme2008_aviator__eb6c698603__src_main_java_com_googlecode_aviator_utils_Env.java,src/main/java/com/googlecode/aviator/utils/Env.java,clean,CLEAN,CLEAN,CLEAN,CLEAN,CLEAN,CLEAN,73.719
ctl,kohsuke_github-api__432585cb75,kohsuke_github-api__432585cb75__src_main_java_org_kohsuke_github_GitHub.java,src/main/java/org/kohsuke/github/GitHub.java,clean,CLEAN,CLEAN,CLEAN,CLEAN,CLEAN,CLEAN,74.437
ctl,kohsuke_github-api__432585cb75,kohsuke_github-api__432585cb75__src_test_java_org_kohsuke_github_GitHubTest.java,src/test/java/org/kohsuke/github/GitHubTest.java,clean,CLEAN,CLEAN,CLEAN,CLEAN,CLEAN,CLEAN,67.394
ctl,kohsuke_github-api__5ea8638369,kohsuke_github-api__5ea8638369__src_test_java_org_kohsuke_github_GHRepositoryTest.java,src/test/java/org/kohsuke/github/GHRepositoryTest.java,clean,CLEAN,CLEAN,CLEAN,CLEAN,CLEAN,CLEAN,77.282
ctl,kohsuke_github-api__f6674a9aef,kohsuke_github-api__f6674a9aef__src_main_java_org_kohsuke_github_GHWorkflowJob.java,src/main/java/org/kohsuke/github/GHWorkflowJob.java,clean,CLEAN,CLEAN,CLEAN,CLEAN,CLEAN,CLEAN,68.474
ctl,kongchen_swagger-maven-plugin__335021b217,kongchen_swagger-maven-plugin__335021b217__src_main_java_com_github_kongchen_swagger_docgen_mustache_MustacheDocument.java,src/main/java/com/github/kongchen/swagger/docgen/mustache/MustacheDocument.java,clean,CLEAN,CLEAN,CLEAN,CLEAN,CLEAN,CLEAN,71.808
ctl,kongchen_swagger-maven-plugin__335021b217,kongchen_swagger-maven-plugin__335021b217__src_main_java_com_github_kongchen_swagger_docgen_mustache_OutputTemplate.java,src/main/java/com/github/kongchen/swagger/docgen/mustache/OutputTemplate.java,clean,CLEAN,CLEAN,CLEAN,CLEAN,CLEAN,CLEAN,66.272
ctl,kongchen_swagger-maven-plugin__5060afbf1d,kongchen_swagger-maven-plugin__5060afbf1d__src_main_java_com_github_kongchen_swagger_docgen_AbstractDocumentSource.java,src/main/java/com/github/kongchen/swagger/docgen/AbstractDocumentSource.java,clean,CLEAN,CLEAN,CLEAN,CLEAN,CLEAN,CLEAN,68.701
ctl,kongchen_swagger-maven-plugin__5060afbf1d,kongchen_swagger-maven-plugin__5060afbf1d__src_test_java_com_github_kongchen_smp_integration_SwaggerMavenPluginTest.java,src/test/java/com/github/kongchen/smp/integration/SwaggerMavenPluginTest.java,clean,CLEAN,CLEAN,CLEAN,CLEAN,CLEAN,CLEAN,66.467
ctl,koraktor_steam-condenser-java__81c376e088,koraktor_steam-condenser-java__81c376e088__src_main_java_com_github_koraktor_steamcondenser_steam_community_SteamId.java,src/main/java/com/github/koraktor/steamcondenser/steam/community/SteamId.java,clean,CLEAN,CLEAN,CLEAN,CLEAN,CLEAN,CLEAN,68.548
ctl,kvladislav_ticketmanager__0ffb612f18,kvladislav_ticketmanager__0ffb612f18__src_main_java_org_JavaArt_TicketManager_controllers_EventsController.java,src/main/java/org/JavaArt/TicketManager/controllers/EventsController.java,clean,CLEAN,CLEAN,CLEAN,CLEAN,CLEAN,CLEAN,75.059
ctl,lemire_javaewah__5829fc009b,lemire_javaewah__5829fc009b__src_main_java_com_googlecode_javaewah_IteratorAggregation.java,src/main/java/com/googlecode/javaewah/IteratorAggregation.java,clean,CLEAN,CLEAN,CLEAN,CLEAN,CLEAN,CLEAN,68.619
ctl,linkedin_camus__288c5aae77,linkedin_camus__288c5aae77__camus-etl-kafka_src_test_java_com_linkedin_camus_etl_kafka_CamusJobTestWithMock.java,camus-etl-kafka/src/test/java/com/linkedin/camus/etl/kafka/CamusJobTestWithMock.java,clean,CLEAN,CLEAN,CLEAN,CLEAN,CLEAN,CLEAN,70.226
ctl,linkedin_camus__fd747243ca,linkedin_camus__fd747243ca__camus-etl-kafka_src_main_java_com_linkedin_camus_etl_kafka_mapred_EtlInputFormat.java,camus-etl-kafka/src/main/java/com/linkedin/camus/etl/kafka/mapred/EtlInputFormat.java,clean,CLEAN,CLEAN,CLEAN,CLEAN,CLEAN,CLEAN,71.216
ctl,lwhite1_tablesaw__86cd643c39,lwhite1_tablesaw__86cd643c39__src_main_java_com_github_lwhite1_tablesaw_io_csv_CsvReader.java,src/main/java/com/github/lwhite1/tablesaw/io/csv/CsvReader.java,clean,CLEAN,CLEAN,CLEAN,CLEAN,CLEAN,CLEAN,68.136
ctl,lyncode_xoai__dc7a68da97,lyncode_xoai__dc7a68da97__xoai-service-provider_src_main_java_org_dspace_xoai_serviceprovider_client_HttpOAIClient.java,xoai-service-provider/src/main/java/org/dspace/xoai/serviceprovider/client/HttpOAIClient.java,clean,CLEAN,CLEAN,CLEAN,CLEAN,CLEAN,CLEAN,64.432
ctl,mambu-gmbh_mambu-apis-java__9975c4d9e5,mambu-gmbh_mambu-apis-java__9975c4d9e5__src_demo_DemoTestLoanService.java,src/demo/DemoTestLoanService.java,clean,CLEAN,CLEAN,CLEAN,CLEAN,CLEAN,CLEAN,81.883
ctl,marginallyclever_makelangelo__bfbac0b14d,marginallyclever_makelangelo__bfbac0b14d__src_main_java_com_marginallyclever_makelangelo_Makelangelo.java,src/main/java/com/marginallyclever/makelangelo/Makelangelo.java,clean,CLEAN,CLEAN,CLEAN,CLEAN,CLEAN,CLEAN,76.22
ctl,marloncarvalho_aliendroid-activerecord__f03a2f645f,marloncarvalho_aliendroid-activerecord__f03a2f645f__src_main_java_org_alienlabs_aliendroid_activerecord_Model.java,src/main/java/org/alienlabs/aliendroid/activerecord/Model.java,clean,CLEAN,CLEAN,CLEAN,CLEAN,CLEAN,CLEAN,66.212
ctl,maven-nar_nar-maven-plugin__00d2e833de,maven-nar_nar-maven-plugin__00d2e833de__src_main_java_com_github_maven_nar_AbstractNarMojo.java,src/main/java/com/github/maven_nar/AbstractNarMojo.java,clean,CLEAN,CLEAN,CLEAN,CLEAN,CLEAN,CLEAN,65.018
ctl,maven-nar_nar-maven-plugin__bd5a26aed9,maven-nar_nar-maven-plugin__bd5a26aed9__src_main_java_com_github_maven_nar_AbstractNarMojo.java,src/main/java/com/github/maven_nar/AbstractNarMojo.java,clean,CLEAN,CLEAN,CLEAN,CLEAN,CLEAN,CLEAN,65.295
ctl,maven-nar_nar-maven-plugin__bd5a26aed9,maven-nar_nar-maven-plugin__bd5a26aed9__src_main_java_com_github_maven_nar_Msvc.java,src/main/java/com/github/maven_nar/Msvc.java,clean,CLEAN,CLEAN,CLEAN,CLEAN,CLEAN,CLEAN,70.984
ctl,maxmind_geoip-api-java__3c90dc1bd7,maxmind_geoip-api-java__3c90dc1bd7__src_main_java_com_maxmind_geoip_LookupService.java,src/main/java/com/maxmind/geoip/LookupService.java,clean,CLEAN,CLEAN,CLEAN,CLEAN,CLEAN,CLEAN,72.963
ctl,mbosecke_pebble__22c0075ed2,mbosecke_pebble__22c0075ed2__src_main_java_com_mitchellbosecke_pebble_template_EvaluationContext.java,src/main/java/com/mitchellbosecke/pebble/template/EvaluationContext.java,clean,CLEAN,CLEAN,CLEAN,CLEAN,CLEAN,CLEAN,64.752
ctl,medcl_elasticsearch-analysis-ik__8c50edf0e0,medcl_elasticsearch-analysis-ik__8c50edf0e0__src_main_java_org_wltea_analyzer_help_Sleep.java,src/main/java/org/wltea/analyzer/help/Sleep.java,clean,CLEAN,CLEAN,CLEAN,CLEAN,CLEAN,CLEAN,64.067
ctl,medcl_elasticsearch-analysis-pinyin__acdd6eff2a,medcl_elasticsearch-analysis-pinyin__acdd6eff2a__src_main_java_org_elasticsearch_index_analysis_PinyinTokenFilter.java,src/main/java/org/elasticsearch/index/analysis/PinyinTokenFilter.java,clean,CLEAN,CLEAN,CLEAN,CLEAN,CLEAN,CLEAN,70.821
ctl,medcl_elasticsearch-analysis-pinyin__acdd6eff2a,medcl_elasticsearch-analysis-pinyin__acdd6eff2a__src_main_java_org_elasticsearch_index_analysis_PinyinTokenizer.java,src/main/java/org/elasticsearch/index/analysis/PinyinTokenizer.java,clean,CLEAN,CLEAN,CLEAN,CLEAN,CLEAN,CLEAN,69.301
ctl,mercadopago_sdk-java__540cfa9763,mercadopago_sdk-java__540cfa9763__src_test_java_com_mercadopago_BaseClientIT.java,src/test/java/com/mercadopago/BaseClientIT.java,clean,CLEAN,CLEAN,CLEAN,CLEAN,CLEAN,CLEAN,63.812
ctl,mercadopago_sdk-java__540cfa9763,mercadopago_sdk-java__540cfa9763__src_test_java_com_mercadopago_client_cardtoken_CardTokenClientIT.java,src/test/java/com/mercadopago/client/cardtoken/CardTokenClientIT.java,clean,CLEAN,CLEAN,CLEAN,CLEAN,CLEAN,CLEAN,65.17
ctl,mlaccetti_javapns__21e9ae8885,mlaccetti_javapns__21e9ae8885__src_main_java_javapns_notification_transmission_NotificationThreads.java,src/main/java/javapns/notification/transmission/NotificationThreads.java,clean,CLEAN,CLEAN,CLEAN,CLEAN,CLEAN,CLEAN,68.628
ctl,mmazi_rescu__efdd938e7a,mmazi_rescu__efdd938e7a__src_test_java_si_mazi_rescu_RestInvocationHandlerTest.java,src/test/java/si/mazi/rescu/RestInvocationHandlerTest.java,clean,CLEAN,CLEAN,CLEAN,CLEAN,CLEAN,CLEAN,71.274
ctl,mongobee_mongobee__abf507930c,mongobee_mongobee__abf507930c__src_main_java_com_github_mongobee_Mongobee.java,src/main/java/com/github/mongobee/Mongobee.java,clean,CLEAN,CLEAN,CLEAN,CLEAN,CLEAN,CLEAN,67.587
ctl,mongobee_mongobee__abf507930c,mongobee_mongobee__abf507930c__src_main_java_com_github_mongobee_dao_ChangeEntryDao.java,src/main/java/com/github/mongobee/dao/ChangeEntryDao.java,clean,CLEAN,CLEAN,CLEAN,CLEAN,CLEAN,CLEAN,64.921
ctl,mongobee_mongobee__ac5bd40a5a,mongobee_mongobee__ac5bd40a5a__src_main_java_com_github_mongobee_Mongobee.java,src/main/java/com/github/mongobee/Mongobee.java,clean,CLEAN,CLEAN,CLEAN,CLEAN,CLEAN,CLEAN,67.384
ctl,movsim_movsim__393a33e6d0,movsim_movsim__393a33e6d0__core_src_main_java_org_movsim_simulator_vehicles_Vehicle.java,core/src/main/java/org/movsim/simulator/vehicles/Vehicle.java,clean,CLEAN,CLEAN,CLEAN,CLEAN,CLEAN,CLEAN,71.78
ctl,mrcookieslime_slimefun-3.0__6a34470b47,mrcookieslime_slimefun-3.0__6a34470b47__src_main_java_io_github_thebusybiscuit_slimefun4_api_items_SlimefunItem.java,src/main/java/io/github/thebusybiscuit/slimefun4/api/items/SlimefunItem.java,clean,CLEAN,CLEAN,CLEAN,CLEAN,CLEAN,CLEAN,72.156
ctl,mtedone_podam__1075ffea79,mtedone_podam__1075ffea79__src_main_java_uk_co_jemos_podam_api_PodamFactoryImpl.java,src/main/java/uk/co/jemos/podam/api/PodamFactoryImpl.java,clean,CLEAN,CLEAN,CLEAN,CLEAN,FLAG,FLAG,113.682
ctl,mtedone_podam__1075ffea79,mtedone_podam__1075ffea79__src_test_java_uk_co_jemos_podam_test_unit_pdm3_Pdm3PojoUnitTest.java,src/test/java/uk/co/jemos/podam/test/unit/pdm3/Pdm3PojoUnitTest.java,clean,CLEAN,CLEAN,CLEAN,CLEAN,CLEAN,CLEAN,68.453
ctl,mycila_license-maven-plugin__b28809b593,mycila_license-maven-plugin__b28809b593__license-maven-plugin_src_main_java_com_mycila_maven_plugin_license_header_HeaderParser.java,license-maven-plugin/src/main/java/com/mycila/maven/plugin/license/header/HeaderParser.java,clean,CLEAN,CLEAN,CLEAN,CLEAN,CLEAN,CLEAN,66.707
ctl,mycila_license-maven-plugin__b28809b593,mycila_license-maven-plugin__b28809b593__license-maven-plugin_src_test_java_com_mycila_maven_plugin_license_UpdateMojoTest.java,license-maven-plugin/src/test/java/com/mycila/maven/plugin/license/UpdateMojoTest.java,clean,CLEAN,CLEAN,CLEAN,CLEAN,CLEAN,CLEAN,68.772
ctl,mycila_license-maven-plugin__d3bf529757,mycila_license-maven-plugin__d3bf529757__license-maven-plugin-git_src_main_java_com_mycila_maven_plugin_license_git_GitLookup.java,license-maven-plugin-git/src/main/java/com/mycila/maven/plugin/license/git/GitLookup.java,clean,CLEAN,CLEAN,CLEAN,CLEAN,CLEAN,CLEAN,68.14
ctl,named-data_jndn__320742aa20,named-data_jndn__320742aa20__src_net_named_data_jndn_Data.java,src/net/named_data/jndn/Data.java,clean,CLEAN,CLEAN,CLEAN,CLEAN,CLEAN,CLEAN,64.95
ctl,named-data_jndn__320742aa20,named-data_jndn__320742aa20__src_net_named_data_jndn_Node.java,src/net/named_data/jndn/Node.java,clean,CLEAN,CLEAN,CLEAN,CLEAN,CLEAN,CLEAN,73.175
ctl,nysenate_openlegislation__8645aab4d6,nysenate_openlegislation__8645aab4d6__src_main_java_gov_nysenate_openleg_controller_api_bill_BillGetCtrl.java,src/main/java/gov/nysenate/openleg/controller/api/bill/BillGetCtrl.java,clean,CLEAN,CLEAN,CLEAN,CLEAN,CLEAN,CLEAN,66.192
ctl,omnifaces_omnifaces__2e8d3a4ee3,omnifaces_omnifaces__2e8d3a4ee3__src_main_java_org_omnifaces_util_Components.java,src/main/java/org/omnifaces/util/Components.java,clean,CLEAN,CLEAN,CLEAN,CLEAN,CLEAN,CLEAN,69.381
ctl,openhft_chronicle-bytes__dc67904a63,openhft_chronicle-bytes__dc67904a63__src_main_java_net_openhft_chronicle_bytes_Bytes.java,src/main/java/net/openhft/chronicle/bytes/Bytes.java,clean,CLEAN,CLEAN,CLEAN,CLEAN,CLEAN,CLEAN,69.516
ctl,openhft_chronicle-bytes__dc67904a63,openhft_chronicle-bytes__dc67904a63__src_test_java_net_openhft_chronicle_bytes_BytesJavaDocComplianceTest.java,src/test/java/net/openhft/chronicle/bytes/BytesJavaDocComplianceTest.java,conflict,,,,,,DIVERGED,0.305
ctl,openhft_chronicle-threads__8b940638d7,openhft_chronicle-threads__8b940638d7__src_main_java_net_openhft_chronicle_threads_MonitorEventLoop.java,src/main/java/net/openhft/chronicle/threads/MonitorEventLoop.java,clean,CLEAN,CLEAN,CLEAN,CLEAN,CLEAN,CLEAN,64.472
ctl,openpnp_openpnp__17a7443913,openpnp_openpnp__17a7443913__src_main_java_org_openpnp_gui_importer_EagleBoardImporter.java,src/main/java/org/openpnp/gui/importer/EagleBoardImporter.java,clean,CLEAN,CLEAN,CLEAN,CLEAN,CLEAN,CLEAN,83.96
ctl,openpnp_openpnp__99835c7c58,openpnp_openpnp__99835c7c58__src_main_java_org_openpnp_gui_JobPanel.java,src/main/java/org/openpnp/gui/JobPanel.java,clean,CLEAN,CLEAN,CLEAN,CLEAN,CLEAN,CLEAN,112.11
ctl,openpnp_openpnp__99835c7c58,openpnp_openpnp__99835c7c58__src_main_java_org_openpnp_gui_support_Icons.java,src/main/java/org/openpnp/gui/support/Icons.java,clean,CLEAN,CLEAN,CLEAN,CLEAN,CLEAN,CLEAN,62.826
ctl,openpnp_openpnp__e8a35b8e6f,openpnp_openpnp__e8a35b8e6f__src_main_java_org_openpnp_gui_importer_EagleBoardImporter.java,src/main/java/org/openpnp/gui/importer/EagleBoardImporter.java,clean,CLEAN,CLEAN,CLEAN,CLEAN,CLEAN,CLEAN,79.657
ctl,openskynetwork_java-adsb__14f216cddf,openskynetwork_java-adsb__14f216cddf__src_main_java_org_opensky_libadsb_Decoder.java,src/main/java/org/opensky/libadsb/Decoder.java,clean,CLEAN,CLEAN,CLEAN,CLEAN,CLEAN,CLEAN,63.513
ctl,outbrain_ob1k__8b2c257efe,outbrain_ob1k__8b2c257efe__ob1k-example_src_main_java_com_outbrain_ob1k_example_hello_server_HelloServer.java,ob1k-example/src/main/java/com/outbrain/ob1k/example/hello/server/HelloServer.java,clean,CLEAN,CLEAN,CLEAN,CLEAN,CLEAN,CLEAN,63.475
ctl,pandcorps_pandam__e736609b61,pandcorps_pandam__e736609b61__game-furguardians_src_main_java_org_pandcorps_furguardians_FurGuardiansGame.java,game-furguardians/src/main/java/org/pandcorps/furguardians/FurGuardiansGame.java,clean,CLEAN,CLEAN,CLEAN,CLEAN,CLEAN,CLEAN,100.974
ctl,poetix_protonpack__2ce321af89,poetix_protonpack__2ce321af89__src_main_java_com_codepoetics_protonpack_StreamUtils.java,src/main/java/com/codepoetics/protonpack/StreamUtils.java,clean,CLEAN,CLEAN,CLEAN,CLEAN,CLEAN,CLEAN,66.752
ctl,progether_jadventure__d4407d1e77,progether_jadventure__d4407d1e77__src_main_java_com_jadventure_game_repository_ItemRepository.java,src/main/java/com/jadventure/game/repository/ItemRepository.java,clean,CLEAN,CLEAN,CLEAN,CLEAN,CLEAN,CLEAN,65.237
ctl,progether_jadventure__d62cfd35b9,progether_jadventure__d62cfd35b9__src_main_java_com_jadventure_game_menus_BattleMenu.java,src/main/java/com/jadventure/game/menus/BattleMenu.java,clean,CLEAN,CLEAN,CLEAN,CLEAN,CLEAN,CLEAN,66.67
ctl,reckart_shib-http-client__536fe936a3,reckart_shib-http-client__536fe936a3__src_main_java_de_tudarmstadt_ukp_shibhttpclient_ShibHttpClient.java,src/main/java/de/tudarmstadt/ukp/shibhttpclient/ShibHttpClient.java,clean,CLEAN,CLEAN,CLEAN,CLEAN,CLEAN,CLEAN,70.281
ctl,reckart_shib-http-client__8f3bd71757,reckart_shib-http-client__8f3bd71757__src_main_java_de_tudarmstadt_ukp_shibhttpclient_ShibHttpClient.java,src/main/java/de/tudarmstadt/ukp/shibhttpclient/ShibHttpClient.java,clean,CLEAN,CLEAN,CLEAN,CLEAN,CLEAN,CLEAN,69.663
ctl,recommenders_rival__aa1752831e,recommenders_rival__aa1752831e__rival-examples_src_main_java_net_recommenders_rival_examples_movielens100k_CrossValidatedMahoutKNNRecommenderEvaluator.java,rival-examples/src/main/java/net/recommenders/rival/examples/movielens100k/CrossValidatedMahoutKNNRecommenderEvaluator.java,clean,CLEAN,CLEAN,CLEAN,CLEAN,CLEAN,CLEAN,66.943
ctl,recommenders_rival__aa1752831e,recommenders_rival__aa1752831e__rival-examples_src_main_java_net_recommenders_rival_examples_movielens100k_TemporalSplitMahoutKNNRecommenderEvaluator.java,rival-examples/src/main/java/net/recommenders/rival/examples/movielens100k/TemporalSplitMahoutKNNRecommenderEvaluator.java,clean,CLEAN,CLEAN,CLEAN,CLEAN,CLEAN,CLEAN,67.003
ctl,relayrides_pushy__43129f9c9a,relayrides_pushy__43129f9c9a__src_main_java_com_relayrides_pushy_apns_PushManager.java,src/main/java/com/relayrides/pushy/apns/PushManager.java,clean,CLEAN,CLEAN,CLEAN,CLEAN,CLEAN,CLEAN,65.106
ctl,relayrides_pushy__9446136376,relayrides_pushy__9446136376__src_main_java_com_relayrides_pushy_apns_ApnsClientThread.java,src/main/java/com/relayrides/pushy/apns/ApnsClientThread.java,clean,CLEAN,CLEAN,CLEAN,CLEAN,CLEAN,CLEAN,73.212
ctl,renepickhardt_generalized-language-modeling-toolkit__f8105ddc44,renepickhardt_generalized-language-modeling-toolkit__f8105ddc44__src_de_typology_utils_Config.java,src/de/typology/utils/Config.java,clean,CLEAN,CLEAN,CLEAN,CLEAN,CLEAN,CLEAN,65.73
ctl,richardwarburton_lambda-behave__8695b13525,richardwarburton_lambda-behave__8695b13525__lambda-behave_src_main_java_com_insightfullogic_lambdabehave_BehaveRunner.java,lambda-behave/src/main/java/com/insightfullogic/lambdabehave/BehaveRunner.java,clean,CLEAN,CLEAN,CLEAN,CLEAN,CLEAN,CLEAN,64.847
ctl,sachin-handiekar_jinstagram__210897a17d,sachin-handiekar_jinstagram__210897a17d__src_main_java_org_jinstagram_realtime_Constants.java,src/main/java/org/jinstagram/realtime/Constants.java,clean,CLEAN,CLEAN,CLEAN,CLEAN,CLEAN,CLEAN,62.035
ctl,sachin-handiekar_jinstagram__210897a17d,sachin-handiekar_jinstagram__210897a17d__src_main_java_org_jinstagram_realtime_InstagramSubscription.java,src/main/java/org/jinstagram/realtime/InstagramSubscription.java,clean,CLEAN,CLEAN,CLEAN,CLEAN,CLEAN,CLEAN,64.596
ctl,sander2798_enderstone__4cf9ea9f17,sander2798_enderstone__4cf9ea9f17__src_org_enderstone_server_Main.java,src/org/enderstone/server/Main.java,clean,CLEAN,CLEAN,CLEAN,CLEAN,CLEAN,CLEAN,65.943
ctl,sander2798_enderstone__4cf9ea9f17,sander2798_enderstone__4cf9ea9f17__src_org_enderstone_server_packet_NetworkManager.java,src/org/enderstone/server/packet/NetworkManager.java,clean,CLEAN,CLEAN,CLEAN,CLEAN,CLEAN,CLEAN,65.684
ctl,sander2798_enderstone__ba66c3e8b2,sander2798_enderstone__ba66c3e8b2__src_org_enderstone_server_Location.java,src/org/enderstone/server/Location.java,clean,CLEAN,CLEAN,CLEAN,CLEAN,CLEAN,CLEAN,64.425
ctl,sander2798_enderstone__bd46a612d1,sander2798_enderstone__bd46a612d1__src_org_enderstone_server_Main.java,src/org/enderstone/server/Main.java,clean,CLEAN,CLEAN,CLEAN,CLEAN,CLEAN,CLEAN,70.533
ctl,sandergielisse_enderstone__272bbb1c0f,sandergielisse_enderstone__272bbb1c0f__src_org_enderstone_server_inventory_CraftingInventory.java,src/org/enderstone/server/inventory/CraftingInventory.java,clean,CLEAN,CLEAN,CLEAN,CLEAN,CLEAN,CLEAN,64.031
ctl,sandergielisse_enderstone__272bbb1c0f,sandergielisse_enderstone__272bbb1c0f__src_org_enderstone_server_inventory_PlayerInventory.java,src/org/enderstone/server/inventory/PlayerInventory.java,clean,CLEAN,CLEAN,CLEAN,CLEAN,CLEAN,CLEAN,64.691
ctl,sandergielisse_enderstone__8e17a2983e,sandergielisse_enderstone__8e17a2983e__src_org_enderstone_server_packet_NetworkManager.java,src/org/enderstone/server/packet/NetworkManager.java,clean,CLEAN,CLEAN,CLEAN,CLEAN,CLEAN,CLEAN,68.632
ctl,sandergielisse_enderstone__bae18e3ef8,sandergielisse_enderstone__bae18e3ef8__src_org_enderstone_server_entity_EnderEntity.java,src/org/enderstone/server/entity/EnderEntity.java,clean,CLEAN,CLEAN,CLEAN,CLEAN,CLEAN,CLEAN,66.959
ctl,sandergielisse_enderstone__bae18e3ef8,sandergielisse_enderstone__bae18e3ef8__src_org_enderstone_server_entity_EntityMob.java,src/org/enderstone/server/entity/EntityMob.java,clean,CLEAN,CLEAN,CLEAN,CLEAN,CLEAN,CLEAN,67.434
ctl,sd4324530_fastweixin__53b5138ff7,sd4324530_fastweixin__53b5138ff7__src_main_java_com_github_sd4324530_fastweixin_servlet_WeixinSupport.java,src/main/java/com/github/sd4324530/fastweixin/servlet/WeixinSupport.java,clean,CLEAN,CLEAN,CLEAN,CLEAN,CLEAN,CLEAN,71.321
ctl,sebfz1_wicket-jquery-ui__0f6ed11d6f,sebfz1_wicket-jquery-ui__0f6ed11d6f__wicket-kendo-ui_src_main_java_com_googlecode_wicket_kendo_ui_widget_treeview_AjaxTreeView.java,wicket-kendo-ui/src/main/java/com/googlecode/wicket/kendo/ui/widget/treeview/AjaxTreeView.java,clean,CLEAN,CLEAN,CLEAN,CLEAN,CLEAN,CLEAN,65.848
ctl,semanticvectors_semanticvectors__4dbe868ff9,semanticvectors_semanticvectors__4dbe868ff9__src_main_java_pitt_search_semanticvectors_LuceneUtils.java,src/main/java/pitt/search/semanticvectors/LuceneUtils.java,clean,CLEAN,CLEAN,CLEAN,CLEAN,CLEAN,CLEAN,68.528
ctl,socialsensor_graphdb-benchmarks__87e995db56,socialsensor_graphdb-benchmarks__87e995db56__src_main_java_eu_socialsensor_graphdatabases_Neo4jGraphDatabase.java,src/main/java/eu/socialsensor/graphdatabases/Neo4jGraphDatabase.java,clean,CLEAN,CLEAN,CLEAN,CLEAN,CLEAN,CLEAN,69.52
ctl,socialsensor_graphdb-benchmarks__87e995db56,socialsensor_graphdb-benchmarks__87e995db56__src_main_java_eu_socialsensor_graphdatabases_TitanGraphDatabase.java,src/main/java/eu/socialsensor/graphdatabases/TitanGraphDatabase.java,clean,CLEAN,CLEAN,CLEAN,CLEAN,CLEAN,CLEAN,71.595
ctl,square_javapoet__c0f4a89bc0,square_javapoet__c0f4a89bc0__src_main_java_com_squareup_javawriter_JavaWriter.java,src/main/java/com/squareup/javawriter/JavaWriter.java,clean,CLEAN,CLEAN,CLEAN,CLEAN,CLEAN,CLEAN,73.114
ctl,square_javapoet__c0f4a89bc0,square_javapoet__c0f4a89bc0__src_test_java_com_squareup_javawriter_JavaWriterTest.java,src/test/java/com/squareup/javawriter/JavaWriterTest.java,clean,CLEAN,CLEAN,CLEAN,CLEAN,CLEAN,CLEAN,70.681
ctl,srt_asterisk-java__99ba7cc5bd,srt_asterisk-java__99ba7cc5bd__src_main_java_org_asteriskjava_live_internal_AsteriskServerImpl.java,src/main/java/org/asteriskjava/live/internal/AsteriskServerImpl.java,clean,CLEAN,CLEAN,CLEAN,CLEAN,CLEAN,CLEAN,73.422
ctl,steveice10_mcprotocollib__ba0c6af56c,steveice10_mcprotocollib__ba0c6af56c__src_main_java_com_github_steveice10_mc_protocol_MinecraftConstants.java,src/main/java/com/github/steveice10/mc/protocol/MinecraftConstants.java,conflict,,,,,,DIVERGED,0.268
ctl,structr_structr__b0df448496,structr_structr__b0df448496__structr-core_src_main_java_org_structr_common_SecurityContext.java,structr-core/src/main/java/org/structr/common/SecurityContext.java,clean,CLEAN,CLEAN,CLEAN,CLEAN,CLEAN,CLEAN,71.081
ctl,swagger-api_swagger-parser__2316e42a34,swagger-api_swagger-parser__2316e42a34__modules_swagger-parser_src_test_java_io_swagger_parser_OpenAPIParserTest.java,modules/swagger-parser/src/test/java/io/swagger/parser/OpenAPIParserTest.java,clean,CLEAN,CLEAN,CLEAN,CLEAN,CLEAN,CLEAN,69.582
ctl,synbiodex_libsbolj__0ceaff01a9,synbiodex_libsbolj__0ceaff01a9__core2_src_main_java_org_sbolstandard_core2_SBOLDocument.java,core2/src/main/java/org/sbolstandard/core2/SBOLDocument.java,clean,CLEAN,CLEAN,CLEAN,CLEAN,CLEAN,CLEAN,88.139
ctl,syncleus_ferma__dc1fdab4a2,syncleus_ferma__dc1fdab4a2__totorom-tinkerpop2_src_main_java_org_jglue_totorom_FramedGraph.java,totorom-tinkerpop2/src/main/java/org/jglue/totorom/FramedGraph.java,clean,CLEAN,CLEAN,CLEAN,CLEAN,CLEAN,CLEAN,65.531
ctl,t-oster_liblasercut__f64046a00a,t-oster_liblasercut__f64046a00a__src_main_java_de_thomas_oster_liblasercut_drivers_GenericGcodeDriver.java,src/main/java/de/thomas_oster/liblasercut/drivers/GenericGcodeDriver.java,clean,CLEAN,CLEAN,CLEAN,CLEAN,CLEAN,CLEAN,73.604
ctl,tabulapdf_tabula-java__c603b0f4aa,tabulapdf_tabula-java__c603b0f4aa__src_main_java_technology_tabula_ObjectExtractorStreamEngine.java,src/main/java/technology/tabula/ObjectExtractorStreamEngine.java,clean,CLEAN,CLEAN,CLEAN,CLEAN,CLEAN,CLEAN,66.216
ctl,techblue_alfresco-restclient__8e71d5b8d7,techblue_alfresco-restclient__8e71d5b8d7__src_test_java_uk_co_techblue_alfresco_client_test_AlfrescoServiceTest.java,src/test/java/uk/co/techblue/alfresco/client/test/AlfrescoServiceTest.java,clean,CLEAN,CLEAN,CLEAN,CLEAN,CLEAN,CLEAN,64.964
ctl,teknux-org_jetty-bootstrap__993299fa8b,teknux-org_jetty-bootstrap__993299fa8b__src_main_java_org_genux_jettybootstrap_JettyBootstrap.java,src/main/java/org/genux/jettybootstrap/JettyBootstrap.java,clean,CLEAN,CLEAN,CLEAN,CLEAN,CLEAN,CLEAN,66.379
ctl,teknux-org_jetty-bootstrap__993299fa8b,teknux-org_jetty-bootstrap__993299fa8b__src_main_java_org_genux_jettybootstrap_configuration_JettyConfiguration.java,src/main/java/org/genux/jettybootstrap/configuration/JettyConfiguration.java,clean,CLEAN,CLEAN,CLEAN,CLEAN,CLEAN,CLEAN,64.775
ctl,threeten_threeten-extra__419518c223,threeten_threeten-extra__419518c223__src_main_java_org_threeten_extra_chrono_Symmetry010Date.java,src/main/java/org/threeten/extra/chrono/Symmetry010Date.java,clean,CLEAN,CLEAN,CLEAN,CLEAN,CLEAN,CLEAN,68.548
ctl,threeten_threeten-extra__419518c223,threeten_threeten-extra__419518c223__src_test_java_org_threeten_extra_chrono_TestSymmetry010Chronology.java,src/test/java/org/threeten/extra/chrono/TestSymmetry010Chronology.java,clean,CLEAN,CLEAN,CLEAN,CLEAN,CLEAN,CLEAN,72.438
ctl,threeten_threeten-extra__f0bf686f17,threeten_threeten-extra__f0bf686f17__src_main_java_org_threeten_extra_scale_UtcInstant.java,src/main/java/org/threeten/extra/scale/UtcInstant.java,clean,CLEAN,CLEAN,CLEAN,CLEAN,CLEAN,CLEAN,66.698
ctl,titokone_titokone__b4ac484b6a,titokone_titokone__b4ac484b6a__src_main_java_fi_helsinki_cs_titokone_Compiler.java,src/main/java/fi/helsinki/cs/titokone/Compiler.java,clean,CLEAN,CLEAN,CLEAN,CLEAN,CLEAN,CLEAN,75.758
ctl,tkelley-eg_collectd-fast-jmx__558343d132,tkelley-eg_collectd-fast-jmx__558343d132__src_main_java_org_collectd_AttributePermutation.java,src/main/java/org/collectd/AttributePermutation.java,clean,CLEAN,CLEAN,CLEAN,CLEAN,CLEAN,CLEAN,66.985
ctl,tupilabs_tap4j__99628e2c44,tupilabs_tap4j__99628e2c44__tap4j-ext_src_main_java_org_tap4j_ext_junit_listener_TapListener.java,tap4j-ext/src/main/java/org/tap4j/ext/junit/listener/TapListener.java,clean,CLEAN,CLEAN,CLEAN,CLEAN,CLEAN,CLEAN,66.847
ctl,uklimaschewski_evalex__15aa26eab7,uklimaschewski_evalex__15aa26eab7__src_com_udojava_evalex_Expression.java,src/com/udojava/evalex/Expression.java,clean,CLEAN,CLEAN,CLEAN,CLEAN,CLEAN,CLEAN,73.869
ctl,unitsofmeasurement_uom-se__c2ae9d4caa,unitsofmeasurement_uom-se__c2ae9d4caa__src_main_java_tec_uom_se_AbstractUnit.java,src/main/java/tec/uom/se/AbstractUnit.java,clean,CLEAN,CLEAN,CLEAN,CLEAN,CLEAN,CLEAN,66.423
ctl,unitsofmeasurement_uom-se__c2ae9d4caa,unitsofmeasurement_uom-se__c2ae9d4caa__src_main_java_tec_uom_se_format_SimpleUnitFormat.java,src/main/java/tec/uom/se/format/SimpleUnitFormat.java,clean,CLEAN,CLEAN,CLEAN,CLEAN,CLEAN,CLEAN,71.109
ctl,uwolfer_gerrit-rest-java-client__35856ab8bd,uwolfer_gerrit-rest-java-client__35856ab8bd__src_test_java_com_urswolfer_gerrit_client_rest_http_GerritRestClientTest.java,src/test/java/com/urswolfer/gerrit/client/rest/http/GerritRestClientTest.java,clean,CLEAN,CLEAN,CLEAN,CLEAN,CLEAN,CLEAN,67.464
ctl,verhas_djcproxy__db3b9bf795,verhas_djcproxy__db3b9bf795__src_main_java_com_javax0_djcproxy_ProxySourceFactory.java,src/main/java/com/javax0/djcproxy/ProxySourceFactory.java,clean,CLEAN,CLEAN,CLEAN,CLEAN,CLEAN,CLEAN,66.781
ctl,vojtechhabarta_typescript-generator__05aea6d7c1,vojtechhabarta_typescript-generator__05aea6d7c1__typescript-generator-core_src_main_java_cz_habarta_typescript_generator_ext_BeanPropertyPathExtension.java,typescript-generator-core/src/main/java/cz/habarta/typescript/generator/ext/BeanPropertyPathExtension.java,clean,CLEAN,CLEAN,CLEAN,CLEAN,CLEAN,CLEAN,65.834
ctl,wokier_teh__4291bbd98f,wokier_teh__4291bbd98f__src_test_java_teh_perf_PerfTest.java,src/test/java/teh/perf/PerfTest.java,clean,CLEAN,CLEAN,CLEAN,CLEAN,CLEAN,CLEAN,62.664
ctl,wvengen_proguard-maven-plugin__1cc9601e1f,wvengen_proguard-maven-plugin__1cc9601e1f__src_main_java_com_github_wvengen_maven_proguard_ProGuardMojo.java,src/main/java/com/github/wvengen/maven/proguard/ProGuardMojo.java,clean,CLEAN,CLEAN,CLEAN,CLEAN,CLEAN,CLEAN,73.528
ctl,xebia_xebium__817270a3db,xebia_xebium__817270a3db__src_main_java_com_xebia_incubator_xebium_SeleniumDriverFixture.java,src/main/java/com/xebia/incubator/xebium/SeleniumDriverFixture.java,clean,CLEAN,CLEAN,CLEAN,CLEAN,CLEAN,CLEAN,67.646
ctl,yubico_ykneo-openpgp__2766bd7444,yubico_ykneo-openpgp__2766bd7444__applet_src_openpgpcard_OpenPGPApplet.java,applet/src/openpgpcard/OpenPGPApplet.java,clean,CLEAN,CLEAN,CLEAN,CLEAN,CLEAN,CLEAN,74.899
ctl,yubico_ykneo-openpgp__2766bd7444,yubico_ykneo-openpgp__2766bd7444__test_test_openpgpcardTest_OpenPGPAppletTest.java,test/test/openpgpcardTest/OpenPGPAppletTest.java,clean,CLEAN,CLEAN,CLEAN,CLEAN,CLEAN,CLEAN,68.626
ctl,yubico_ykneo-openpgp__b145a6bdbc,yubico_ykneo-openpgp__b145a6bdbc__applet_src_openpgpcard_OpenPGPApplet.java,applet/src/openpgpcard/OpenPGPApplet.java,clean,CLEAN,CLEAN,CLEAN,CLEAN,CLEAN,CLEAN,74.065
ctl,yubico_ykneo-openpgp__b145a6bdbc,yubico_ykneo-openpgp__b145a6bdbc__applet_src_openpgpcard_PGPKey.java,applet/src/openpgpcard/PGPKey.java,clean,CLEAN,CLEAN,CLEAN,CLEAN,CLEAN,CLEAN,64.812
