config,arm,merge_id,scenario_id,outcome,reject_reason,classification,oracle,rt,route_effective,lanes,flags
driver-auto-off,pos,ahome-it_lienzo-core__bf4b253816,ahome-it_lienzo-core__bf4b253816__src_main_java_com_ait_lienzo_client_core_shape_wires_WiresShape.java,conflict,semantic,TN,dev-match,78.207,mergiraf,JoernUnresolvedReference;RM2RenameConflict,JoernUnresolvedReference L248: Unresolved identifier 'innerLayoutContainer' in method 'onShapeResizeEnd': referenced in the merged  | RM2RenameConflict L248: Stale reference to renamed variable/field: 'innerLayoutContainer' (renamed to 'm_innerLayoutContaine
driver-auto-off,pos,alesaudate_kickstart-springjerseyhibernate__feb36bfc8e,alesaudate_kickstart-springjerseyhibernate__feb36bfc8e__src_main_java_com_alesaudate_samples_springjersey_example_People.java,conflict,textual,TN,dev-match,70.535,git,,
driver-auto-off,pos,apache_commons-lang__53184369d0,apache_commons-lang__53184369d0__src_main_java_org_apache_commons_lang3_builder_ReflectionToStringBuilder.java,clean,,FP,test-label,78.336,git,,
driver-auto-off,pos,apache_olingo-odata4__820b462f49,apache_olingo-odata4__820b462f49__lib_client-core_src_main_java_org_apache_olingo_client_core_serialization_JsonSerializer.java,clean,,FP,test-label,81.002,mergiraf,,
driver-auto-off,pos,apache_olingo-odata4__cf731c2cb8,apache_olingo-odata4__cf731c2cb8__lib_client-core_src_main_java_org_apache_olingo_client_core_serialization_JsonSerializer.java,clean,,FP,test-label,78.889,mergiraf,,
driver-auto-off,pos,apache_olingo-odata4__cf731c2cb8,apache_olingo-odata4__cf731c2cb8__lib_client-core_src_test_java_org_apache_olingo_client_core_JSONTest.java,clean,,FP,test-label,102.19,mergiraf,,
driver-auto-off,pos,apache_shiro__13806fc623,apache_shiro__13806fc623__web_src_test_java_org_apache_shiro_web_mgt_CookieRememberMeManagerTest.java,clean,,FP,test-label,75.682,mergiraf,,
driver-auto-off,pos,atam4j_atam4j__71fcecb071,atam4j_atam4j__71fcecb071__acceptance-tests_src_test_java_me_atam_atam4jsampleapp_PassingTestAcceptanceTest.java,clean,,FP,test-label,72.206,mergiraf,,
driver-auto-off,pos,atam4j_atam4j__71fcecb071,atam4j_atam4j__71fcecb071__acceptance-tests_src_test_java_me_atam_atam4jsampleapp_testsupport_AcceptanceTest.java,conflict,semantic,TN,dev-match,71.165,mergiraf,RM2RenameConflict,RM2RenameConflict L27: Stale caller of renamed identifier: 'getTestRunResultFromServer' (renamed to 'getCriticalTestRunResu | RM2RenameConflict L46: Stale caller of renamed identifier: 'getTestRunResultFromServer' (renamed to 'getCriticalTestRunResu | RM2RenameConflict L51: Stale caller of renamed identifier: 'getTestRunResultFromServer' (renamed to 'getCriticalTestRunResu | RM2RenameConflict L59: Stale caller of renamed identifier: 'getTestRunResultFromServer' (renamed to 'getCriticalTestRunRes
driver-auto-off,pos,azuread_azure-activedirectory-library-for-java__d3f143872b,azuread_azure-activedirectory-library-for-java__d3f143872b__src_test_java_com_microsoft_aad_adal4j_AuthenticationContextTest.java,clean,,FP,test-label,76.809,mergiraf,,
driver-auto-off,pos,bedatadriven_jackson-datatype-jts__1416f1af06,bedatadriven_jackson-datatype-jts__1416f1af06__src_main_java_com_bedatadriven_jackson_datatype_jts_GeometryDeserializer.java,conflict,textual,TN,dev-match,70.376,git,,
driver-auto-off,pos,bguerout_jongo__3aaaf0e4c7,bguerout_jongo__3aaaf0e4c7__src_main_java_org_jongo_Jongo.java,clean,,FP,test-label,71.413,mergiraf,,
driver-auto-off,pos,blockchain_api-v1-client-java__abdf54e6ab,blockchain_api-v1-client-java__abdf54e6ab__src_main_java_info_blockchain_api_HttpClient.java,clean,,FP,test-label,74.527,mergiraf,,
driver-auto-off,pos,blockchain_api-v1-client-java__e349598f95,blockchain_api-v1-client-java__e349598f95__src_main_java_info_blockchain_api_HttpClient.java,clean,,FP,test-label,74.26,mergiraf,,
driver-auto-off,pos,buddycloud_buddycloud-server-java__33ec3ec7cd,buddycloud_buddycloud-server-java__33ec3ec7cd__src_main_java_org_buddycloud_channelserver_packetprocessor_iq_namespace_pubsub_set_UnsubscribeSet.java,clean,,FP,test-label,75.299,git,,
driver-auto-off,pos,buddycloud_buddycloud-server-java__33ec3ec7cd,buddycloud_buddycloud-server-java__33ec3ec7cd__src_test_java_org_buddycloud_channelserver_packetprocessor_iq_namespace_pubsub_set_UnsubscribeSetTest.java,clean,,FP,test-label,78.525,git,,
driver-auto-off,pos,buddycloud_buddycloud-server-java__43c8b054e9,buddycloud_buddycloud-server-java__43c8b054e9__src_main_java_org_buddycloud_channelserver_packetprocessor_iq_namespace_pubsub_set_NodeDelete.java,clean,,FP,test-label,74.979,mergiraf,,
driver-auto-off,pos,buddycloud_buddycloud-server-java__43c8b054e9,buddycloud_buddycloud-server-java__43c8b054e9__src_test_java_org_buddycloud_channelserver_packetprocessor_iq_namespace_pubsub_get_SubscriptionsGetTest.java,clean,,FP,test-label,76.951,mergiraf,,
driver-auto-off,pos,buddycloud_buddycloud-server-java__48e4675ee2,buddycloud_buddycloud-server-java__48e4675ee2__src_main_java_org_buddycloud_channelserver_packetprocessor_iq_namespace_pubsub_get_RepliesGet.java,clean,,FP,test-label,74.866,mergiraf,,
driver-auto-off,pos,buddycloud_buddycloud-server-java__48e4675ee2,buddycloud_buddycloud-server-java__48e4675ee2__src_test_java_org_buddycloud_channelserver_packetprocessor_iq_namespace_pubsub_get_RepliesGetTest.java,conflict,textual,TN,dev-match,73.882,git,,
driver-auto-off,pos,buschmais_extended-objects__46ec306cf6,buschmais_extended-objects__46ec306cf6__neo4j_remote_src_main_java_com_buschmais_xo_neo4j_remote_impl_datastore_RemoteDatastoreEntityManager.java,clean,,FP,test-label,79.07,mergiraf,,
driver-auto-off,pos,camsys_onebusaway-application-modules__915e2f3ffe,camsys_onebusaway-application-modules__915e2f3ffe__onebusaway-transit-data-federation_src_main_java_org_onebusaway_transit_data_federation_impl_beans_StopWithArrivalsAndDeparturesBeanServiceImpl.java,clean,,FP,test-label,75.773,git,,
driver-auto-off,pos,camsys_onebusaway-application-modules__e779e9fce1,camsys_onebusaway-application-modules__e779e9fce1__onebusaway-transit-data_src_main_java_org_onebusaway_transit_data_model_ArrivalsAndDeparturesQueryBean.java,clean,,FP,test-label,74.365,mergiraf,,
driver-auto-off,pos,clojure_clojure__77342d2e35,clojure_clojure__77342d2e35__src_jvm_clojure_lang_Compiler.java,clean,,FP,test-label,146.316,mergiraf,,
driver-auto-off,pos,cloudfoundry_cf-java-client__80d0a0dff9,cloudfoundry_cf-java-client__80d0a0dff9__cloudfoundry-operations_src_main_java_org_cloudfoundry_operations_serviceadmin_DefaultServiceAdmin.java,clean,,FP,test-label,82.168,git,,
driver-auto-off,pos,cloudfoundry_cf-java-client__933add90ad,cloudfoundry_cf-java-client__933add90ad__cloudfoundry-operations_src_main_java_org_cloudfoundry_operations_useradmin_DefaultUserAdmin.java,clean,,FP,test-label,83.558,git,,
driver-auto-off,pos,cloudfoundry_cf-java-client__9f6b79e294,cloudfoundry_cf-java-client__9f6b79e294__cloudfoundry-operations_src_main_java_org_cloudfoundry_operations_applications_DefaultApplications.java,clean,,FP,test-label,104.408,git,,
driver-auto-off,pos,cloudfoundry_cf-java-client__a69078adc8,cloudfoundry_cf-java-client__a69078adc8__cloudfoundry-operations_src_main_java_org_cloudfoundry_operations__DefaultCloudFoundryOperations.java,clean,,FP,test-label,75.861,git,,
driver-auto-off,pos,cloudfoundry_cf-java-client__a69078adc8,cloudfoundry_cf-java-client__a69078adc8__integration-test_src_test_java_org_cloudfoundry_IntegrationTestConfiguration.java,clean,,FP,test-label,79.379,mergiraf,,
driver-auto-off,pos,cloudfoundry_cf-java-client__a9d35d542d,cloudfoundry_cf-java-client__a9d35d542d__cloudfoundry-operations_src_main_java_org_cloudfoundry_operations_routes_DefaultRoutes.java,clean,,FP,test-label,85.041,mergiraf,,
driver-auto-off,pos,cloudfoundry_cf-java-client__a9d35d542d,cloudfoundry_cf-java-client__a9d35d542d__integration-test_src_test_java_org_cloudfoundry_operations_RoutesTest.java,clean,,FP,test-label,82.337,git,,
driver-auto-off,pos,cloudfoundry_cf-java-client__b0add1ef2a,cloudfoundry_cf-java-client__b0add1ef2a__cloudfoundry-operations_src_main_java_org_cloudfoundry_operations_services_DefaultServices.java,clean,,FP,test-label,95.076,mergiraf,,
driver-auto-off,pos,cloudfoundry_cf-java-client__be097d5860,cloudfoundry_cf-java-client__be097d5860__cloudfoundry-client-reactor_src_main_java_org_cloudfoundry_reactor__DefaultConnectionContext.java,clean,,FP,test-label,75.631,mergiraf,,
driver-auto-off,pos,cloudfoundry_cf-java-client__be097d5860,cloudfoundry_cf-java-client__be097d5860__cloudfoundry-client-reactor_src_main_java_org_cloudfoundry_reactor_util_DefaultSslCertificateTruster.java,clean,,FP,test-label,75.896,mergiraf,,
driver-auto-off,pos,cloudfoundry_cf-java-client__eb3b2f5beb,cloudfoundry_cf-java-client__eb3b2f5beb__cloudfoundry-operations_src_main_java_org_cloudfoundry_operations__DefaultCloudFoundryOperations.java,clean,,FP,test-label,76.482,git,,
driver-auto-off,pos,cloudslang_score__66ba4f51e3,cloudslang_score__66ba4f51e3__score-api_src_main_java_io_cloudslang_score_lang_ExecutionRuntimeServices.java,conflict,textual,TN,dev-match,73.952,mergiraf,,
driver-auto-off,pos,comatoes_ftl-profile-editor__e87fe65818,comatoes_ftl-profile-editor__e87fe65818__src_main_java_net_blerf_ftl_parser_SavedGameParser.java,conflict,semantic,TN,dev-match,90.997,mergiraf,JoernUnresolvedReference;RM2RenameConflict,JoernUnresolvedReference L147: Unresolved identifier 'gameState' in method 'readShip': referenced in the merged file but resolvable | RM2RenameConflict L105: Stale caller of renamed identifier: 'setReservePowerCapacity' (renamed to 'setSectorNumber') still r | RM2RenameConflict L468: Stale caller of renamed identifier: 'setReservePowerCapacity' (renamed to 'setSectorNumber') still r
driver-auto-off,pos,cribbstechnologies_java-mandrill-wrapper__0cf79745f1,cribbstechnologies_java-mandrill-wrapper__0cf79745f1__src_main_java_com_cribbstechnologies_clients_mandrill_model_MandrillMessage.java,conflict,textual,TN,dev-match,69.837,git,,
driver-auto-off,pos,cribbstechnologies_java-mandrill-wrapper__0cf79745f1,cribbstechnologies_java-mandrill-wrapper__0cf79745f1__src_test_java_com_cribbstechnologies_clients_mandrill_request_MandrillRESTRequestTest.java,conflict,textual,TN,dev-match,77.576,git,,
driver-auto-off,pos,cternes_openkeepass__bb53512ab2,cternes_openkeepass__bb53512ab2__src_main_java_de_slackspace_openkeepass_KeePassDatabase.java,clean,,FP,test-label,75.669,git,,
driver-auto-off,pos,cternes_openkeepass__bb53512ab2,cternes_openkeepass__bb53512ab2__src_test_java_de_slackspace_openkeepass_reader_KeepassDatabaseReaderTest.java,conflict,textual,TN,dev-match,72.018,git,,
driver-auto-off,pos,dabsquared_gitlab-plugin__d555b8773d,dabsquared_gitlab-plugin__d555b8773d__src_main_java_com_dabsquared_gitlabjenkins_connection_GitLabConnectionConfig.java,clean,,FP,test-label,75.518,mergiraf,,
driver-auto-off,pos,datastax_java-driver__0dd96ea21f,datastax_java-driver__0dd96ea21f__driver-core_src_main_java_com_datastax_driver_core_TableMetadata.java,conflict,textual,TN,dev-match,78.595,mergiraf,,
driver-auto-off,pos,datastax_java-driver__1f25c7e3a0,datastax_java-driver__1f25c7e3a0__driver-core_src_main_java_com_datastax_driver_core_Cluster.java,clean,,FP,test-label,88.833,git,,
driver-auto-off,pos,datastax_java-driver__1f25c7e3a0,datastax_java-driver__1f25c7e3a0__driver-core_src_main_java_com_datastax_driver_core_TypeCodec.java,conflict,textual,TN,dev-match,82.355,mergiraf,,
driver-auto-off,pos,datastax_java-driver__3eb34e6785,datastax_java-driver__3eb34e6785__driver-core_src_main_java_com_datastax_driver_core_TableMetadata.java,conflict,textual,TN,dev-match,76.676,mergiraf,,
driver-auto-off,pos,datastax_java-driver__725b790a79,datastax_java-driver__725b790a79__driver-core_src_main_java_com_datastax_driver_core_Cluster.java,conflict,semantic,TN,dev-match,81.036,mergiraf,RM2RenameConflict,RM2RenameConflict L1055: Stale caller of renamed identifier: 'shutdown' (renamed to 'close') still referenced at this line. | RM2RenameConflict L1059: Stale caller of renamed identifier: 'shutdown' (renamed to 'close') still referenced at this line. | RM2RenameConflict L1594: Stale caller of renamed identifier: 'shutdown' (renamed to 'close') still referenced at this line.
driver-auto-off,pos,datastax_java-driver__7ff4958746,datastax_java-driver__7ff4958746__driver-core_src_main_java_com_datastax_driver_core_Cluster.java,clean,,FP,test-label,90.636,mergiraf,,
driver-auto-off,pos,datastax_java-driver__7ff4958746,datastax_java-driver__7ff4958746__driver-core_src_main_java_com_datastax_driver_core_ControlConnection.java,clean,,FP,test-label,84.64,mergiraf,,
driver-auto-off,pos,datastax_java-driver__e1535e89ad,datastax_java-driver__e1535e89ad__driver-core_src_main_java_com_datastax_driver_core_HostConnectionPool.java,conflict,semantic,TN,dev-match,79.091,mergiraf,JoernUnresolvedReference,JoernUnresolvedReference L134: Unresolved identifier 'isShutdown' in method 'borrowConnection': referenced in the merged file but r
driver-auto-off,pos,deemopen_zkui__2843e7c28f,deemopen_zkui__2843e7c28f__src_main_java_com_deem_zkui_controller_Import.java,clean,,FP,test-label,75.561,git,,
driver-auto-off,pos,deemopen_zkui__2843e7c28f,deemopen_zkui__2843e7c28f__src_main_java_com_deem_zkui_vo_LeafBean.java,conflict,textual,TN,dev-match,70.375,git,,
driver-auto-off,pos,digidotcom_xbeejavalibrary__6279f85f74,digidotcom_xbeejavalibrary__6279f85f74__src_com_digi_xbee_api_XBeeDevice.java,conflict,textual,TN,dev-match,78.55,mergiraf,,
driver-auto-off,pos,dius_java-faker__4c61966b1c,dius_java-faker__4c61966b1c__src_main_java_com_github_javafaker_Faker.java,clean,,FP,test-label,78.106,git,,
driver-auto-off,pos,dtrules_dtrules__505c5cbf82,dtrules_dtrules__505c5cbf82__compilerutil_src_main_java_com_dtrules_trace_Trace.java,clean,,FP,test-label,72.743,mergiraf,,
driver-auto-off,pos,elisarver_selophane__4ecc600017,elisarver_selophane__4ecc600017__src_test_java_org_selophane_elements_FormTest.java,clean,,FP,test-label,73.434,git,,
driver-auto-off,pos,elisarver_selophane__4ecc600017,elisarver_selophane__4ecc600017__src_test_java_org_selophane_elements_helpers_FormTestObject.java,clean,,FP,test-label,71.33,git,,
driver-auto-off,pos,erudika_para__a9e67cc8b3,erudika_para__a9e67cc8b3__para-server_src_main_java_com_erudika_para_aop_IndexAndCacheAspect.java,conflict,semantic,TN,dev-match,81.144,mergiraf,JoernUnresolvedReference;RM2RenameConflict,JoernUnresolvedReference L109: Unresolved identifier 'm' in method 'invoke': referenced in the merged file but resolvable in neithe | RM2RenameConflict L109: Stale reference to renamed variable/field: 'm' (renamed to 'method') still referenced at this line b
driver-auto-off,pos,fasterxml_jackson-core__2572819ed9,fasterxml_jackson-core__2572819ed9__src_test_java_com_fasterxml_jackson_core_sym_TestSymbolTables.java,clean,,FP,test-label,73.511,git,,
driver-auto-off,pos,fasterxml_jackson-datatype-joda__4e6c266339,fasterxml_jackson-datatype-joda__4e6c266339__src_test_java_com_fasterxml_jackson_datatype_joda_JodaSerializationTest.java,clean,,FP,test-label,75.03,git,,
driver-auto-off,pos,feroult_yawp__141f79a8e9,feroult_yawp__141f79a8e9__src_main_java_endpoint_repository_IdRef.java,clean,,FP,test-label,74.34,git,,
driver-auto-off,pos,feroult_yawp__1723236a65,feroult_yawp__1723236a65__src_main_java_endpoint_actions_RepositoryActions.java,clean,,FP,test-label,75.387,mergiraf,,
driver-auto-off,pos,frankbille_scoreboard__890ecd0bdb,frankbille_scoreboard__890ecd0bdb__src_main_java_dk_frankbille_scoreboard_domain_Player.java,clean,,FP,test-label,71.018,mergiraf,,
driver-auto-off,pos,garbagemule_mobarena__b34dc0d5ac,garbagemule_mobarena__b34dc0d5ac__src_main_java_com_garbagemule_MobArena_MASpawnThread.java,clean,,FP,test-label,80.385,git,,
driver-auto-off,pos,google_compile-testing__608e1cb92a,google_compile-testing__608e1cb92a__src_test_java_com_google_testing_compile_JavaSourcesSubjectFactoryTest.java,conflict,textual,FN,dev-match,71.809,git,,
driver-auto-off,pos,google_truth__2e4a23bebb,google_truth__2e4a23bebb__core_src_main_java_org_truth0_subjects_StringSubject.java,clean,,FP,test-label,74.0,git,,
driver-auto-off,pos,google_truth__2e4a23bebb,google_truth__2e4a23bebb__core_src_test_java_org_truth0_subjects_StringTest.java,clean,,FP,test-label,73.112,git,,
driver-auto-off,pos,google_truth__9289ed34ae,google_truth__9289ed34ae__src_main_java_org_junit_contrib_truth_subjects_IterableSubject.java,conflict,textual,TN,dev-match,70.877,git,,
driver-auto-off,pos,google_truth__9289ed34ae,google_truth__9289ed34ae__src_test_java_org_junit_contrib_truth_IterableTest.java,clean,,FP,test-label,73.67,mergiraf,,
driver-auto-off,pos,greese_dasein-cloud-core__6c37152e5f,greese_dasein-cloud-core__6c37152e5f__src_main_java_org_dasein_cloud_network_LoadBalancerHealthCheck.java,conflict,textual,FN,dev-match,70.484,git,,
driver-auto-off,pos,guhilling_cdi-test__f3f8094c67,guhilling_cdi-test__f3f8094c67__cdi-test-jpa_src_test_java_de_hilling_junit_cdi_jee_EntityManagerLifecycleTest.java,clean,,FP,test-label,71.896,mergiraf,,
driver-auto-off,pos,gwtbootstrap3_gwtbootstrap3__5c0d1eab79,gwtbootstrap3_gwtbootstrap3__5c0d1eab79__gwtbootstrap3_src_main_java_org_gwtbootstrap3_client_ui_base_form_AbstractForm.java,clean,,FP,test-label,76.528,mergiraf,,
driver-auto-off,pos,haraldwalker_user-agent-utils__eaaaa1488b,haraldwalker_user-agent-utils__eaaaa1488b__src_main_java_eu_bitwalker_useragentutils_Browser.java,clean,,FP,test-label,76.802,git,,
driver-auto-off,pos,haraldwalker_user-agent-utils__eaaaa1488b,haraldwalker_user-agent-utils__eaaaa1488b__src_main_java_eu_bitwalker_useragentutils_OperatingSystem.java,clean,,FP,test-label,75.777,git,,
driver-auto-off,pos,ignorance77_transformiceapi__9a65b8374f,ignorance77_transformiceapi__9a65b8374f__src_main_java_ee_ignorance_transformiceapi_processors_MouseDeathProcessor.java,clean,,FP,test-label,70.799,git,,
driver-auto-off,pos,imixs_imixs-workflow__23b86de5b4,imixs_imixs-workflow__23b86de5b4__imixs-workflow-index-lucene_src_main_java_org_imixs_workflow_engine_lucene_LuceneIndexService.java,clean,,FP,test-label,81.321,mergiraf,,
driver-auto-off,pos,imixs_imixs-workflow__23b86de5b4,imixs_imixs-workflow__23b86de5b4__imixs-workflow-index-lucene_src_main_java_org_imixs_workflow_engine_lucene_LuceneUpdateService.java,clean,,FP,test-label,72.788,mergiraf,,
driver-auto-off,pos,iryndin_jdbf__9853124d73,iryndin_jdbf__9853124d73__src_main_java_net_iryndin_jdbf_util_DbfMetadataUtils.java,clean,,FP,test-label,76.443,mergiraf,,
driver-auto-off,pos,j256_ormlite-core__2c159335d4,j256_ormlite-core__2c159335d4__src_main_java_com_j256_ormlite_stmt_mapped_MappedCreate.java,clean,,FP,test-label,77.595,mergiraf,,
driver-auto-off,pos,j256_ormlite-core__606986f118,j256_ormlite-core__606986f118__src_main_java_com_j256_ormlite_field_FieldType.java,clean,,FP,test-label,97.834,mergiraf,,
driver-auto-off,pos,jacquesberger_jsonparsingexample__ac521954c2,jacquesberger_jsonparsingexample__ac521954c2__src_main_java_org_jberger_jsonparsingexample_json_JSON.java,conflict,semantic,TN,dev-match,73.517,mergiraf,JoernUnresolvedReference,JoernUnresolvedReference L34: Unresolved identifier 'bookTitleList' in method 'saveToFiles': referenced in the merged file but res | JoernUnresolvedReference L43: Unresolved identifier 'outputList' in method 'initializeBookList': referenced in the merged file but
driver-auto-off,pos,jadler-mocking_jadler__294a06c3fc,jadler-mocking_jadler__294a06c3fc__jadler-core_src_main_java_net_jadler_JadlerMocker.java,clean,,FP,test-label,79.637,mergiraf,,
driver-auto-off,pos,javamoney_jsr354-api__6d2356a153,javamoney_jsr354-api__6d2356a153__money-api_provider_src_test_java_javax_money_provider_MonetaryTest.java,clean,,FP,test-label,73.718,mergiraf,,
driver-auto-off,pos,javaparser_javaparser__41a398414f,javaparser_javaparser__41a398414f__javaparser-symbol-solver-core_src_main_java_com_github_javaparser_symbolsolver_javaparsermodel_JavaParserFacade.java,clean,,FP,test-label,83.954,mergiraf,,
driver-auto-off,pos,javaparser_javaparser__41a398414f,javaparser_javaparser__41a398414f__javaparser-symbol-solver-core_src_main_java_com_github_javaparser_symbolsolver_javaparsermodel_TypeExtractor.java,clean,,FP,test-label,82.969,git,,
driver-auto-off,pos,javaparser_javaparser__91ebf36c06,javaparser_javaparser__91ebf36c06__javaparser-symbol-solver-core_src_main_java_com_github_javaparser_symbolsolver_javassistmodel_JavassistClassDeclaration.java,clean,,FP,test-label,79.747,mergiraf,,
driver-auto-off,pos,javaparser_javaparser__91ebf36c06,javaparser_javaparser__91ebf36c06__javaparser-symbol-solver-testing_src_test_java_com_github_javaparser_symbolsolver_resolution_AnalyseJavaSymbolSolver060Test.java,clean,,FP,test-label,78.65,mergiraf,,
driver-auto-off,pos,javaparser_javaparser__a23c6aa3b8,javaparser_javaparser__a23c6aa3b8__javaparser-testing_src_test_java_com_github_javaparser_bdd_steps_DumpingSteps.java,clean,,FP,test-label,73.51,mergiraf,,
driver-auto-off,pos,javaparser_javaparser__dc6254f1bf,javaparser_javaparser__dc6254f1bf__javaparser-symbol-solver-core_src_main_java_com_github_javaparser_symbolsolver_javaparsermodel_declarations_JavaParserSymbolDeclaration.java,clean,,FP,test-label,73.722,mergiraf,,
driver-auto-off,pos,javaparser_javaparser__ff91564b7f,javaparser_javaparser__ff91564b7f__javaparser-core-testing_src_test_java_com_github_javaparser_modules_ModuleDeclarationTest.java,clean,,FP,test-label,76.07,mergiraf,,
driver-auto-off,pos,jboss-msc_jboss-msc__1d9b8d45ff,jboss-msc_jboss-msc__1d9b8d45ff__src_main_java_org_jboss_msc_service_BatchInjectionBuilderImpl.java,conflict,textual,FN,dev-match,73.069,git,,
driver-auto-off,pos,jboss-msc_jboss-msc__a4e21a3b10,jboss-msc_jboss-msc__a4e21a3b10__src_main_java_org_jboss_msc_service_ServiceContainerImpl.java,clean,,FP,test-label,78.932,git,,
driver-auto-off,pos,jboss-remoting_jboss-remoting__66a0631d13,jboss-remoting_jboss-remoting__66a0631d13__src_main_java_org_jboss_remoting3_RemotingXmlParser.java,clean,,FP,test-label,76.194,git,,
driver-auto-off,pos,jcabi_jcabi-github__27cc460e3c,jcabi_jcabi-github__27cc460e3c__src_main_java_com_jcabi_github_Gist.java,clean,,FP,test-label,74.344,mergiraf,,
driver-auto-off,pos,jcabi_jcabi-github__27cc460e3c,jcabi_jcabi-github__27cc460e3c__src_test_java_com_jcabi_github_RtGistITCase.java,conflict,semantic,TN,dev-match,73.855,mergiraf,RM2RenameConflict,RM2RenameConflict L82: Stale caller of renamed identifier: 'gist' (renamed to 'github') still referenced at this line.
driver-auto-off,pos,jcabi_jcabi-github__b13d2596ba,jcabi_jcabi-github__b13d2596ba__src_test_java_com_jcabi_github_RtIssueITCase.java,conflict,textual,TN,dev-match,71.003,git,,
driver-auto-off,pos,jcabi_jcabi-github__b13d2596ba,jcabi_jcabi-github__b13d2596ba__src_test_java_com_jcabi_github_RtMilestonesITCase.java,clean,,FP,test-label,74.024,mergiraf,,
driver-auto-off,pos,jcabi_jcabi-github__e18a8ffd16,jcabi_jcabi-github__e18a8ffd16__src_test_java_com_jcabi_github_RtHooksITCase.java,conflict,semantic,TN,dev-match,73.585,mergiraf,RM2RenameConflict,RM2RenameConflict L60: Stale caller of renamed identifier: 'repo' (renamed to 'repos') still referenced at this line. | RM2RenameConflict L99: Stale caller of renamed identifier: 'repo' (renamed to 'repos') still referenced at this line. | RM2RenameConflict L122: Stale caller of renamed identifier: 'repo' (renamed to 'repos') still referenced at this line. | RM2RenameConflict L154: Stale caller of renamed identifier: 'repo' (renamed to 'repos') still referenced at this line.
driver-auto-off,pos,jcabi_jcabi-http__0c63dd0c75,jcabi_jcabi-http__0c63dd0c75__src_main_java_com_jcabi_http_mock_MkQueryMatchers.java,clean,,TP,dev-match,71.637,git,,
driver-auto-off,pos,jdupl_lancoder__407742ea19,jdupl_lancoder__407742ea19__src_main_java_org_lancoder_Main.java,clean,,FP,test-label,76.24,git,,
driver-auto-off,pos,jdupl_lancoder__407742ea19,jdupl_lancoder__407742ea19__src_main_java_org_lancoder_master_api_web_ApiServer.java,conflict,textual,FN,dev-match,71.515,git,,
driver-auto-off,pos,jenkinsci_coverity-plugin__2fb8690816,jenkinsci_coverity-plugin__2fb8690816__src_main_java_jenkins_plugins_coverity_CoverityTool_CoverityToolHandler.java,clean,,FP,test-label,79.808,git,,
driver-auto-off,pos,jenkinsci_coverity-plugin__62bdb6232e,jenkinsci_coverity-plugin__62bdb6232e__src_main_java_jenkins_plugins_coverity_ws_DefectReader.java,clean,,FP,test-label,77.129,mergiraf,,
driver-auto-off,pos,jenkinsci_coverity-plugin__62bdb6232e,jenkinsci_coverity-plugin__62bdb6232e__src_test_java_jenkins_plugins_coverity_ws_DefectReaderTest.java,clean,,FP,test-label,76.187,git,,
driver-auto-off,pos,jenkinsci_credentials-plugin__b9cb5f9d1b,jenkinsci_credentials-plugin__b9cb5f9d1b__src_test_java_com_cloudbees_plugins_credentials_casc_CredentialsCategoryTest.java,clean,,FP,test-label,74.233,mergiraf,,
driver-auto-off,pos,jenkinsci_docker-build-publish-plugin__59faa9673c,jenkinsci_docker-build-publish-plugin__59faa9673c__src_main_java_com_cloudbees_dockerpublish_DockerBuilder.java,clean,,FP,test-label,81.827,mergiraf,,
driver-auto-off,pos,jenkinsci_email-ext-plugin__4def0e56a8,jenkinsci_email-ext-plugin__4def0e56a8__src_test_java_hudson_plugins_emailext_recipients_EmailRecipientUtilsTest.java,clean,,FP,test-label,77.151,git,,
driver-auto-off,pos,jenkinsci_jira-plugin__0eec353cb5,jenkinsci_jira-plugin__0eec353cb5__src_main_java_hudson_plugins_jira_JiraSite.java,clean,,FP,test-label,82.203,git,,
driver-auto-off,pos,jenkinsci_jira-plugin__6ad78581c9,jenkinsci_jira-plugin__6ad78581c9__src_main_java_hudson_plugins_jira_JiraChangeLogAnnotator.java,clean,,FP,test-label,76.162,git,,
driver-auto-off,pos,jenkinsci_jira-plugin__6ad78581c9,jenkinsci_jira-plugin__6ad78581c9__src_main_java_hudson_plugins_jira_JiraSite.java,clean,,FP,test-label,81.779,mergiraf,,
driver-auto-off,pos,jenkinsci_ldap-plugin__3eee59e25a,jenkinsci_ldap-plugin__3eee59e25a__src_main_java_hudson_security_LDAPSecurityRealm.java,clean,,FP,test-label,92.339,mergiraf,,
driver-auto-off,pos,jenkinsci_ui-samples-plugin__81bf937a3d,jenkinsci_ui-samples-plugin__81bf937a3d__src_main_java_io_jenkins_plugins_designlibrary_Root.java,conflict,textual,TN,dev-match,72.073,git,,
driver-auto-off,pos,jline_jline2__348cb9dada,jline_jline2__348cb9dada__src_main_java_jline_console_ConsoleReader.java,clean,,FP,test-label,105.321,mergiraf,,
driver-auto-off,pos,jline_jline2__348cb9dada,jline_jline2__348cb9dada__src_test_java_jline_console_ConsoleReaderTestSupport.java,clean,,FP,test-label,76.367,git,,
driver-auto-off,pos,jline_jline2__5869eaa93a,jline_jline2__5869eaa93a__src_main_java_jline_console_ConsoleReader.java,conflict,textual,TN,dev-match,84.276,mergiraf,,
driver-auto-off,pos,jmetal_jmetal__162d1a63b7,jmetal_jmetal__162d1a63b7__jmetal-core_src_main_java_org_uma_jmetal_util_SolutionListUtils.java,clean,,FP,test-label,79.043,mergiraf,,
driver-auto-off,pos,jmetal_jmetal__162d1a63b7,jmetal_jmetal__162d1a63b7__jmetal-core_src_main_java_org_uma_jmetal_util_neighborhood_impl_AdaptiveRandomNeighborhood.java,clean,,FP,test-label,75.727,mergiraf,,
driver-auto-off,pos,jmetal_jmetal__7d9295f890,jmetal_jmetal__7d9295f890__jmetal-problem_src_main_java_org_uma_jmetal_problem_multiobjective_MultiobjectiveTSP.java,clean,,FP,test-label,76.066,mergiraf,,
driver-auto-off,pos,jmetal_jmetal__b4630972a8,jmetal_jmetal__b4630972a8__jmetal-auto_src_main_java_org_uma_jmetal_auto_parameter_Parameter.java,clean,,FP,test-label,75.016,mergiraf,,
driver-auto-off,pos,jnr_jnr-unixsocket__467698b6bd,jnr_jnr-unixsocket__467698b6bd__src_main_java_jnr_unixsocket_Native.java,clean,,FP,test-label,75.784,mergiraf,,
driver-auto-off,pos,jnr_jnr-unixsocket__467698b6bd,jnr_jnr-unixsocket__467698b6bd__src_main_java_jnr_unixsocket_UnixSocketChannel.java,clean,,FP,test-label,75.877,git,,
driver-auto-off,pos,jnr_jnr-unixsocket__f8f34e5634,jnr_jnr-unixsocket__f8f34e5634__src_main_java_jnr_unixsocket_Native.java,clean,,FP,test-label,76.151,mergiraf,,
driver-auto-off,pos,joel-costigliola_assertj-core__1b4ad829f3,joel-costigliola_assertj-core__1b4ad829f3__src_test_java_org_assertj_core_api_SoftAssertionsTest.java,clean,,FP,test-label,83.485,mergiraf,,
driver-auto-off,pos,joel-costigliola_assertj-core__74baae279d,joel-costigliola_assertj-core__74baae279d__src_main_java_org_assertj_core_api_AbstractMapAssert.java,clean,,FP,test-label,77.44,mergiraf,,
driver-auto-off,pos,joel-costigliola_assertj-core__74baae279d,joel-costigliola_assertj-core__74baae279d__src_main_java_org_assertj_core_api_AbstractObjectAssert.java,clean,,TP,dev-match,74.864,git,,
driver-auto-off,pos,jparsec_jparsec__ef02642abd,jparsec_jparsec__ef02642abd__src_main_java_org_codehaus_jparsec_Parser.java,conflict,textual,TN,dev-match,74.633,git,,
driver-auto-off,pos,jsprit_jsprit__5cf6758085,jsprit_jsprit__5cf6758085__jsprit-core_src_test_java_jsprit_core_analysis_SolutionAnalyserTest.java,clean,,FP,test-label,100.163,git,,
driver-auto-off,pos,jwtk_jjwt__ff932e9838,jwtk_jjwt__ff932e9838__src_main_java_io_jsonwebtoken_impl_DefaultJwtParser.java,clean,,FP,test-label,82.132,mergiraf,,
driver-auto-off,pos,k3po_k3po__084cc0b426,k3po_k3po__084cc0b426__specification_wse_src_test_java_org_kaazing_specification_wse_data_BinaryAsEscapedTextIT.java,clean,,FP,test-label,72.296,mergiraf,,
driver-auto-off,pos,kaazing_k3po__084cc0b426,kaazing_k3po__084cc0b426__specification_wse_src_test_java_org_kaazing_specification_wse_data_BinaryAsEscapedTextIT.java,clean,,FP,test-label,73.308,mergiraf,,
driver-auto-off,pos,kaazing_robot__084cc0b426,kaazing_robot__084cc0b426__specification_wse_src_test_java_org_kaazing_specification_wse_data_BinaryAsEscapedTextIT.java,clean,,FP,test-label,73.06,mergiraf,,
driver-auto-off,pos,kohsuke_github-api__4e56b8bb78,kohsuke_github-api__4e56b8bb78__src_main_java_org_kohsuke_github_GHRepository.java,conflict,textual,TN,dev-match,90.021,git,,
driver-auto-off,pos,kohsuke_github-api__4e56b8bb78,kohsuke_github-api__4e56b8bb78__src_main_java_org_kohsuke_github_Requester.java,clean,,FP,test-label,82.644,git,,
driver-auto-off,pos,kongchen_swagger-maven-plugin__1e61731653,kongchen_swagger-maven-plugin__1e61731653__src_main_java_com_github_kongchen_swagger_docgen_reader_SpringMvcApiReader.java,clean,,FP,test-label,82.946,git,,
driver-auto-off,pos,kongchen_swagger-maven-plugin__3d2ea22d07,kongchen_swagger-maven-plugin__3d2ea22d07__src_main_java_com_github_kongchen_swagger_docgen_reader_AbstractReader.java,clean,,FP,test-label,82.701,mergiraf,,
driver-auto-off,pos,learning-layers_socialsemanticserver__4ada3cddc3,learning-layers_socialsemanticserver__4ada3cddc3__serv_serv.custom_serv.custom.caller_src_main_java_at_tugraz_sss_serv_caller_SSServCaller.java,conflict,textual,TN,dev-match,83.2,git,,
driver-auto-off,pos,learning-layers_socialsemanticserver__4ada3cddc3,learning-layers_socialsemanticserver__4ada3cddc3__serv_serv.custom_serv.custom.ops_src_main_java_at_tugraz_sss_serv_SSServOpE.java,clean,,FP,test-label,73.198,git,,
driver-auto-off,pos,lwhite1_tablesaw__13178c81a1,lwhite1_tablesaw__13178c81a1__core_src_main_java_tech_tablesaw_api_DateTimeColumn.java,clean,,FP,test-label,83.849,mergiraf,,
driver-auto-off,pos,mashape_unirest-java__121f85b819,mashape_unirest-java__121f85b819__src_test_java_com_mashape_unirest_test_http_UnirestTest.java,conflict,textual,TN,dev-match,77.904,git,,
driver-auto-off,pos,mashape_unirest-java__b43fb95f4a,mashape_unirest-java__b43fb95f4a__src_test_java_com_mashape_unirest_test_http_UnirestTest.java,conflict,textual,TN,dev-match,78.978,git,,
driver-auto-off,pos,mbosecke_pebble__617aab328f,mbosecke_pebble__617aab328f__src_main_java_com_mitchellbosecke_pebble_extension_core_CoreExtension.java,clean,,FP,test-label,76.804,mergiraf,,
driver-auto-off,pos,mbosecke_pebble__617aab328f,mbosecke_pebble__617aab328f__src_test_java_com_mitchellbosecke_pebble_CoreTagsTest.java,clean,,FP,test-label,82.712,mergiraf,,
driver-auto-off,pos,mercadopago_sdk-java__b7498c6f9d,mercadopago_sdk-java__b7498c6f9d__src_main_java_com_mercadopago_client_payment_PaymentRefundClient.java,clean,,FP,test-label,74.551,git,,
driver-auto-off,pos,mikera_vectorz__d93ef1b341,mikera_vectorz__d93ef1b341__src_test_java_mikera_matrixx_TestMatrices.java,clean,,FP,test-label,82.396,git,,
driver-auto-off,pos,mitre_http-proxy-servlet__b7a68118f2,mitre_http-proxy-servlet__b7a68118f2__src_main_java_org_mitre_dsmiley_httpproxy_ProxyServlet.java,clean,,FP,test-label,80.619,mergiraf,,
driver-auto-off,pos,mixpanel_mixpanel-java__bcdd1ed28f,mixpanel_mixpanel-java__bcdd1ed28f__src_main_java_com_mixpanel_mixpanelapi_MixpanelAPI.java,conflict,textual,TN,dev-match,73.209,git,,
driver-auto-off,pos,monitorjbl_excel-streaming-reader__8698befdf4,monitorjbl_excel-streaming-reader__8698befdf4__src_main_java_com_monitorjbl_xlsx_impl_StreamingRow.java,clean,,TP,dev-match,75.427,git,,
driver-auto-off,pos,monitorjbl_excel-streaming-reader__8698befdf4,monitorjbl_excel-streaming-reader__8698befdf4__src_test_java_com_monitorjbl_xlsx_StreamingReaderTest.java,conflict,textual,TN,dev-match,77.42,git,,
driver-auto-off,pos,movsim_movsim__00d5222b61,movsim_movsim__00d5222b61__src_main_java_org_movsim_simulator_roadSection_impl_RoadSectionImpl.java,conflict,textual,TN,dev-match,74.939,mergiraf,,
driver-auto-off,pos,movsim_movsim__6dae25caf7,movsim_movsim__6dae25caf7__core_src_main_java_org_movsim_SimulationScan.java,clean,,FP,test-label,74.766,mergiraf,,
driver-auto-off,pos,movsim_movsim__6dae25caf7,movsim_movsim__6dae25caf7__core_src_main_java_org_movsim_simulator_roadnetwork_RoadSegment.java,clean,,FP,test-label,87.625,mergiraf,,
driver-auto-off,pos,msopentech_azure-activedirectory-library-for-java__d3f143872b,msopentech_azure-activedirectory-library-for-java__d3f143872b__src_test_java_com_microsoft_aad_adal4j_AuthenticationContextTest.java,clean,,FP,test-label,79.647,mergiraf,,
driver-auto-off,pos,named-data_jndn__3d47402192,named-data_jndn__3d47402192__src_net_named_data_jndn_NetworkNack.java,clean,,FP,test-label,73.637,git,,
driver-auto-off,pos,named-data_jndn__e0db451bf1,named-data_jndn__e0db451bf1__src_net_named_data_jndn_Face.java,clean,,FP,test-label,79.866,mergiraf,,
driver-auto-off,pos,ninjaframework_ninja__31737c1a10,ninjaframework_ninja__31737c1a10__ninja-servlet_src_main_java_ninja_servlet_ContextImpl.java,clean,,FP,test-label,81.09,mergiraf,,
driver-auto-off,pos,ninjaframework_ninja__31737c1a10,ninjaframework_ninja__31737c1a10__ninja-servlet_src_test_java_ninja_servlet_ContextImplTest.java,clean,,FP,test-label,82.97,mergiraf,,
driver-auto-off,pos,ninjaframework_ninja__45bb542cb4,ninjaframework_ninja__45bb542cb4__ninja-core_src_main_java_ninja_AssetsController.java,conflict,textual,TN,dev-match,72.265,git,,
driver-auto-off,pos,ninjaframework_ninja__45bb542cb4,ninjaframework_ninja__45bb542cb4__ninja-demo-application_src_test_java_controllers_ApplicationControllerTest.java,conflict,textual,TN,dev-match,73.174,git,,
driver-auto-off,pos,ninjaframework_ninja__663883c228,ninjaframework_ninja__663883c228__ninja-core_src_main_java_ninja_utils_NinjaProperties.java,clean,,FP,test-label,71.529,git,,
driver-auto-off,pos,ninjaframework_ninja__663883c228,ninjaframework_ninja__663883c228__ninja-core_src_main_java_ninja_utils_NinjaPropertiesImpl.java,clean,,FP,test-label,77.155,mergiraf,,
driver-auto-off,pos,ninjaframework_ninja__94b2365be3,ninjaframework_ninja__94b2365be3__ninja-core_src_main_java_ninja_Context.java,clean,,FP,test-label,72.271,mergiraf,,
driver-auto-off,pos,ninjaframework_ninja__94b2365be3,ninjaframework_ninja__94b2365be3__ninja-core_src_main_java_ninja_ContextImpl.java,clean,,FP,test-label,78.271,mergiraf,,
driver-auto-off,pos,northlander_a__c3f2865b88,northlander_a__c3f2865b88__src_test_java_co_nordlander_a_BaseTest.java,conflict,textual,TN,dev-match,76.307,git,,
driver-auto-off,pos,nuodb_migration-tools__2e1f6973c4,nuodb_migration-tools__2e1f6973c4__src_test_java_com_nuodb_tools_migration_jdbc_metamodel_DatabaseIntrospectorTest.java,clean,,FP,test-label,74.852,mergiraf,,
driver-auto-off,pos,nurkiewicz_java8-workshop__f5918aa79c,nurkiewicz_java8-workshop__f5918aa79c__src_main_java_com_nurkiewicz_java8_holidays_PolishHolidays.java,clean,,FP,test-label,74.352,git,,
driver-auto-off,pos,nysenate_openlegislation__9c7cf034c1,nysenate_openlegislation__9c7cf034c1__src_main_java_gov_nysenate_openleg_search_committee_ElasticCommitteeSearchDao.java,clean,,FP,test-label,76.285,mergiraf,,
driver-auto-off,pos,okleine_ncoap__99de16a6d2,okleine_ncoap__99de16a6d2__src_main_java_de_uniluebeck_itm_spitfire_nCoap_message_CoapRequest.java,clean,,FP,test-label,78.223,git,,
driver-auto-off,pos,onebusaway_onebusaway-application-modules__915e2f3ffe,onebusaway_onebusaway-application-modules__915e2f3ffe__onebusaway-transit-data-federation_src_main_java_org_onebusaway_transit_data_federation_impl_beans_StopWithArrivalsAndDeparturesBeanServiceImpl.java,clean,,FP,test-label,78.205,git,,
driver-auto-off,pos,onebusaway_onebusaway-application-modules__e779e9fce1,onebusaway_onebusaway-application-modules__e779e9fce1__onebusaway-transit-data_src_main_java_org_onebusaway_transit_data_model_ArrivalsAndDeparturesQueryBean.java,clean,,FP,test-label,76.35,mergiraf,,
driver-auto-off,pos,openhft_chronicle-bytes__5bad7e86ea,openhft_chronicle-bytes__5bad7e86ea__src_main_java_net_openhft_chronicle_bytes_NativeBytes.java,clean,,FP,test-label,80.061,git,,
driver-auto-off,pos,openhft_chronicle-bytes__a9e7269a84,openhft_chronicle-bytes__a9e7269a84__src_main_java_net_openhft_chronicle_bytes_MappedFile.java,conflict,textual,TN,dev-match,74.965,mergiraf,,
driver-auto-off,pos,openhft_chronicle-bytes__e3ac571d25,openhft_chronicle-bytes__e3ac571d25__src_test_java_net_openhft_chronicle_bytes_BytesTest.java,conflict,textual,TN,dev-match,78.857,git,,
driver-auto-off,pos,openhft_chronicle-network__fb39c8ca3b,openhft_chronicle-network__fb39c8ca3b__src_main_java_net_openhft_chronicle_network_cluster_Cluster.java,conflict,textual,TN,dev-match,73.505,mergiraf,,
driver-auto-off,pos,openpnp_openpnp__93126880a6,openpnp_openpnp__93126880a6__src_main_java_org_openpnp_gui_MainFrame.java,clean,,FP,test-label,202.033,mergiraf,,
driver-auto-off,pos,openpnp_openpnp__a3cca4daba,openpnp_openpnp__a3cca4daba__src_main_java_org_openpnp_machine_reference_ReferenceNozzle.java,conflict,textual,TN,dev-match,81.355,git,,
driver-auto-off,pos,openpnp_openpnp__a3cca4daba,openpnp_openpnp__a3cca4daba__src_main_java_org_openpnp_machine_reference_ReferenceNozzleTip.java,clean,,FP,test-label,81.368,mergiraf,,
driver-auto-off,pos,openpnp_openpnp__fb30708fe0,openpnp_openpnp__fb30708fe0__src_main_java_org_openpnp_machine_reference_driver_GcodeDriver.java,clean,,FP,test-label,91.202,mergiraf,,
driver-auto-off,pos,prism_prism-bukkit__15140fadb2,prism_prism-bukkit__15140fadb2__src_main_java_me_botsko_prism_Prism.java,clean,,FP,test-label,83.994,mergiraf,,
driver-auto-off,pos,prism_prism-bukkit__6dfb9ef0cf,prism_prism-bukkit__6dfb9ef0cf__src_main_java_me_botsko_prism_commands_NearCommand.java,clean,,FP,test-label,76.66,git,,
driver-auto-off,pos,prism_prism-bukkit__74927cacad,prism_prism-bukkit__74927cacad__src_main_java_me_botsko_prism_actionlibs_ActionsQuery.java,conflict,textual,TN,dev-match,73.12,git,,
driver-auto-off,pos,prism_prism-bukkit__74927cacad,prism_prism-bukkit__74927cacad__src_main_java_me_botsko_prism_database_DeleteQuery.java,clean,,FP,test-label,70.378,git,,
driver-auto-off,pos,progether_jadventure__9ce4a7106c,progether_jadventure__9ce4a7106c__src_main_java_com_jadventure_game_navigation_LocationType.java,conflict,textual,TN,dev-match,68.499,git,,
driver-auto-off,pos,progether_jadventure__9ce4a7106c,progether_jadventure__9ce4a7106c__src_main_java_com_jadventure_game_prompts_CommandCollection.java,clean,,FP,test-label,78.718,mergiraf,,
driver-auto-off,pos,progether_jadventure__e28401af85,progether_jadventure__e28401af85__src_main_java_com_jadventure_game_prompts_CommandParser.java,conflict,semantic,FN,dev-match,71.532,git,RM2RenameConflict,"RM2RenameConflict L0: RM2RenameConflict analysis inconclusive: RM2 invocation failed on (base, merged); see stderr for det"
driver-auto-off,pos,projectblueshift_blueshiftapi__004679e5bb,projectblueshift_blueshiftapi__004679e5bb__src_main_java_net_tridentsdk_chat_ChatComponent.java,clean,,FP,test-label,77.932,mergiraf,,
driver-auto-off,pos,recruit-tech_redpen__58d3096f6c,recruit-tech_redpen__58d3096f6c__redpen-core_src_test_java_cc_redpen_parser_SentenceExtractorTest.java,clean,,FP,test-label,78.619,git,,
driver-auto-off,pos,relayrides_pushy__6badde9538,relayrides_pushy__6badde9538__src_main_java_com_relayrides_pushy_apns_PushManager.java,clean,,FP,test-label,80.218,mergiraf,,
driver-auto-off,pos,sailthru_sailthru-java-client__ee1f917600,sailthru_sailthru-java-client__ee1f917600__src_main_com_sailthru_client_exceptions_ApiException.java,clean,,FP,test-label,73.768,mergiraf,,
driver-auto-off,pos,samskivert_jmustache__940af397c4,samskivert_jmustache__940af397c4__src_main_java_com_samskivert_mustache_Mustache.java,clean,,FP,test-label,87.399,mergiraf,,
driver-auto-off,pos,sander2798_enderstone__3de930e0ed,sander2798_enderstone__3de930e0ed__src_org_enderstone_server_entity_EnderPlayer.java,clean,,FP,test-label,92.353,git,,
driver-auto-off,pos,sander2798_enderstone__b515bac1b0,sander2798_enderstone__b515bac1b0__src_org_enderstone_server_packet_codec_MinecraftServerCodex.java,clean,,FP,test-label,77.034,mergiraf,,
driver-auto-off,pos,sandergielisse_enderstone__3de930e0ed,sandergielisse_enderstone__3de930e0ed__src_org_enderstone_server_entity_EnderPlayer.java,clean,,FP,test-label,92.08,git,,
driver-auto-off,pos,sandergielisse_enderstone__b515bac1b0,sandergielisse_enderstone__b515bac1b0__src_org_enderstone_server_packet_codec_MinecraftServerCodex.java,clean,,FP,test-label,77.041,mergiraf,,
driver-auto-off,pos,segmentio_analytics-java__0d4a7b4e69,segmentio_analytics-java__0d4a7b4e69__analytics_src_main_java_com_segment_analytics_internal_AnalyticsClient.java,clean,,FP,test-label,81.487,mergiraf,,
driver-auto-off,pos,segmentio_analytics-java__0d4a7b4e69,segmentio_analytics-java__0d4a7b4e69__analytics_src_test_java_com_segment_analytics_internal_AnalyticsClientTest.java,clean,,FP,test-label,85.476,mergiraf,,
driver-auto-off,pos,skyscreamer_nevado__cdc23cde46,skyscreamer_nevado__cdc23cde46__nevado-jms_src_main_java_org_skyscreamer_nevado_jms_connector_amazonaws_AmazonAwsSQSConnectorFactory.java,clean,,FP,test-label,73.209,mergiraf,,
driver-auto-off,pos,softinstigate_restheart__98dda32101,softinstigate_restheart__98dda32101__graphql_src_main_java_org_restheart_graphql_GraphQLService.java,conflict,semantic,TN,dev-match,80.572,mergiraf,JoernUnresolvedReference;RM2RenameConflict,JoernUnresolvedReference L138: Unresolved identifier 'request' in method 'handle': referenced in the merged file but resolvable in  | JoernUnresolvedReference L143: Unresolved identifier 'response' in method 'handle': referenced in the merged file but resolvable in | RM2RenameConflict L138: Stale reference to renamed variable/field: 'request' (renamed to 'req') still referenced at this lin | RM2RenameConflict L141: Stale reference to renamed variable/field: 'request' (renamed to 'req') still ref
driver-auto-off,pos,softinstigate_restheart__b196d4fc15,softinstigate_restheart__b196d4fc15__graphql_src_main_java_org_restheart_graphql_scalars_BsonScalars.java,clean,,FP,test-label,75.514,mergiraf,,
driver-auto-off,pos,softinstigate_restheart__d8673744dc,softinstigate_restheart__d8673744dc__src_main_java_org_restheart_handlers_RequestContext.java,clean,,FP,test-label,88.779,git,,
driver-auto-off,pos,softinstigate_restheart__d8673744dc,softinstigate_restheart__d8673744dc__src_main_java_org_restheart_handlers_RequestDispatcherHandler.java,conflict,textual,TN,dev-match,83.058,git,,
driver-auto-off,pos,sps_pushover4j__88cd636fab,sps_pushover4j__88cd636fab__src_main_java_net_pushover_client_PushoverResponseFactory.java,conflict,textual,TN,dev-match,73.699,git,,
driver-auto-off,pos,sps_pushover4j__88cd636fab,sps_pushover4j__88cd636fab__src_test_java_net_pushover_client_PushoverResponseFactoryTest.java,clean,,FP,test-label,77.479,git,,
driver-auto-off,pos,square_javapoet__d019b6f624,square_javapoet__d019b6f624__src_main_java_com_squareup_javawriter_JavaWriter.java,clean,,FP,test-label,85.289,mergiraf,,
driver-auto-off,pos,square_javapoet__d019b6f624,square_javapoet__d019b6f624__src_test_java_com_squareup_javawriter_JavaWriterTest.java,clean,,FP,test-label,83.262,git,,
driver-auto-off,pos,sstrickx_yahoofinance-api__216ad70070,sstrickx_yahoofinance-api__216ad70070__src_main_java_stockagent_RuleBasedAgent.java,clean,,FP,test-label,74.892,git,,
driver-auto-off,pos,steveice10_mcprotocollib__5c8a435832,steveice10_mcprotocollib__5c8a435832__src_main_java_com_github_steveice10_mc_protocol_data_message_style_MessageStyle.java,clean,,FP,test-label,75.937,mergiraf,,
driver-auto-off,pos,steveice10_packetlib__295cf3e47a,steveice10_packetlib__295cf3e47a__src_main_java_com_github_steveice10_packetlib_tcp_TcpClientSession.java,conflict,textual,TN,dev-match,77.04,mergiraf,,
driver-auto-off,pos,swagger-api_swagger-parser__41ccee4da3,swagger-api_swagger-parser__41ccee4da3__modules_swagger-parser-v3_src_test_java_io_swagger_v3_parser_test_OpenAPIV3ParserTest.java,conflict,textual,TN,dev-match,91.732,git,,
driver-auto-off,pos,swagger-api_swagger-parser__59a85a29da,swagger-api_swagger-parser__59a85a29da__modules_swagger-parser-v3_src_test_java_io_swagger_v3_parser_test_OpenAPIV3ParserTest.java,conflict,textual,TN,dev-match,91.486,git,,
driver-auto-off,pos,tabulapdf_tabula-java__767699f3aa,tabulapdf_tabula-java__767699f3aa__src_main_java_technology_tabula_detectors_RegexSearch.java,conflict,textual,TN,dev-match,85.616,mergiraf,,
driver-auto-off,pos,tabulapdf_tabula-java__767699f3aa,tabulapdf_tabula-java__767699f3aa__src_test_java_technology_tabula_TestRegexSearch.java,clean,,FP,test-label,85.406,mergiraf,,
driver-auto-off,pos,tcurdt_jdeb__77d052996a,tcurdt_jdeb__77d052996a__src_main_java_org_vafer_jdeb_DataBuilder.java,clean,,FP,test-label,81.688,mergiraf,,
driver-auto-off,pos,tcurdt_jdeb__77d052996a,tcurdt_jdeb__77d052996a__src_test_java_org_vafer_jdeb_DataBuilderTestCase.java,clean,,FP,test-label,74.98,git,,
driver-auto-off,pos,thenewcircle_spring-hibernate-20120924__7ec9c1b4bb,thenewcircle_spring-hibernate-20120924__7ec9c1b4bb__src_main_java_com_marakana_contacts_controllers_ContactController.java,conflict,textual,TN,dev-match,72.871,git,,
driver-auto-off,pos,tridentsdk_tridentsdk__004679e5bb,tridentsdk_tridentsdk__004679e5bb__src_main_java_net_tridentsdk_chat_ChatComponent.java,clean,,FP,test-label,77.629,mergiraf,,
driver-auto-off,pos,tumblr_jumblr__31bd6f8335,tumblr_jumblr__31bd6f8335__src_main_java_com_tumblr_jumblr_exceptions_JumblrException.java,clean,,FP,test-label,75.214,mergiraf,,
driver-auto-off,pos,tumblr_jumblr__31bd6f8335,tumblr_jumblr__31bd6f8335__src_main_java_com_tumblr_jumblr_request_RequestBuilder.java,clean,,FP,test-label,76.769,mergiraf,,
driver-auto-off,pos,urbanairship_datacube__b8bef94f4d,urbanairship_datacube__b8bef94f4d__src_main_java_com_urbanairship_datacube_DataCubeIo.java,clean,,FP,test-label,78.798,mergiraf,,
driver-auto-off,pos,urbanairship_datacube__b8bef94f4d,urbanairship_datacube__b8bef94f4d__src_main_java_com_urbanairship_datacube_dbharnesses_HBaseDbHarness.java,clean,,FP,test-label,81.798,mergiraf,,
driver-auto-off,pos,urbanairship_java-library__bbe0297a10,urbanairship_java-library__bbe0297a10__src_test_java_com_urbanairship_api_customevents_model_CustomEventPayloadTest.java,clean,,FP,test-label,80.455,mergiraf,,
driver-auto-off,pos,urbanairship_java-library__bbe0297a10,urbanairship_java-library__bbe0297a10__src_test_java_com_urbanairship_api_customevents_parse_CustomEventPayloadSerializerTest.java,clean,,FP,test-label,76.223,mergiraf,,
driver-auto-off,pos,uwolfer_gerrit-rest-java-client__8e688db702,uwolfer_gerrit-rest-java-client__8e688db702__src_main_java_com_urswolfer_gerrit_client_rest_http_GerritRestClient.java,conflict,textual,TN,dev-match,77.265,mergiraf,,
driver-auto-off,pos,vkostyukov_la4j__d216aa8928,vkostyukov_la4j__d216aa8928__src_main_java_org_la4j_vector_AbstractVector.java,clean,,FP,test-label,81.593,mergiraf,,
driver-auto-off,pos,vkostyukov_la4j__d216aa8928,vkostyukov_la4j__d216aa8928__src_test_java_org_la4j_vector_sparse_SparseVectorTest.java,clean,,FP,test-label,74.905,mergiraf,,
driver-auto-off,pos,vojtechhabarta_typescript-generator__51835d3c16,vojtechhabarta_typescript-generator__51835d3c16__typescript-generator-spring_src_test_java_cz_habarta_typescript_generator_spring_SpringTest.java,clean,,FP,test-label,81.109,git,,
driver-auto-off,pos,warmuuh_libsass-maven-plugin__5ca7b3f086,warmuuh_libsass-maven-plugin__5ca7b3f086__src_main_java_wrm_CompilationMojo.java,conflict,textual,TN,dev-match,74.208,mergiraf,,
driver-auto-off,pos,winder_universal-g-code-sender__84d687330a,winder_universal-g-code-sender__84d687330a__ugs-core_src_com_willwinder_universalgcodesender_model_GUIBackend.java,clean,,FP,test-label,87.733,git,,
driver-auto-off,pos,winder_universal-g-code-sender__84d687330a,winder_universal-g-code-sender__84d687330a__ugs-core_src_com_willwinder_universalgcodesender_utils_ControllerSettings.java,clean,,FP,test-label,76.669,mergiraf,,
driver-auto-off,pos,winder_universal-g-code-sender__bc742cb4c4,winder_universal-g-code-sender__bc742cb4c4__ugs-core_src_com_willwinder_universalgcodesender_GrblController.java,clean,,FP,test-label,84.658,mergiraf,,
driver-auto-off,pos,winder_universal-g-code-sender__c93fec43ee,winder_universal-g-code-sender__c93fec43ee__ugs-core_src_com_willwinder_universalgcodesender_gcode_util_CommandProcessorLoader.java,clean,,FP,test-label,77.279,mergiraf,,
driver-auto-off,pos,xebia_xebium__2808ba14a8,xebia_xebium__2808ba14a8__src_main_java_com_xebia_incubator_xebium_SeleniumDriverFixture.java,clean,,FP,test-label,81.357,git,,
driver-auto-off,pos,xebia_xebium__a82603c978,xebia_xebium__a82603c978__src_main_java_com_xebia_incubator_xebium_SeleniumDriverFixture.java,conflict,textual,TN,dev-match,75.318,git,,
driver-auto-off,ctl,adoptopenjdk_mjprof__44b7a2b3db,adoptopenjdk_mjprof__44b7a2b3db__src_main_java_com_performizeit_mjstack_MJStack.java,clean,,TP,test-label,78.522,mergiraf,,
driver-auto-off,ctl,aerospike_aerospike-client-java__b77316ac92,aerospike_aerospike-client-java__b77316ac92__proxy_src_com_aerospike_client_proxy_grpc_GrpcChannelExecutor.java,clean,,TP,test-label,84.55,mergiraf,,
driver-auto-off,ctl,aerospike_aerospike-client-java__b77316ac92,aerospike_aerospike-client-java__b77316ac92__proxy_src_com_aerospike_client_proxy_grpc_GrpcStreamingCall.java,clean,,TP,test-label,75.406,mergiraf,,
driver-auto-off,ctl,aerospike_aerospike-client-java__dfa7c50814,aerospike_aerospike-client-java__dfa7c50814__test_src_com_aerospike_test_util_Args.java,clean,,TP,test-label,79.029,mergiraf,,
driver-auto-off,ctl,aleksandr-m_gitflow-maven-plugin__7482fdb5b6,aleksandr-m_gitflow-maven-plugin__7482fdb5b6__src_main_java_com_amashchenko_maven_plugin_gitflow_AbstractGitFlowMojo.java,clean,,TP,test-label,85.2,mergiraf,,
driver-auto-off,ctl,alexcojocaru_elasticsearch-maven-plugin__6c23c6286d,alexcojocaru_elasticsearch-maven-plugin__6c23c6286d__src_main_java_com_github_alexcojocaru_mojo_elasticsearch_v2_StopMojo.java,clean,,TP,test-label,74.672,mergiraf,,
driver-auto-off,ctl,alibaba_canal__10930b9e3d,alibaba_canal__10930b9e3d__parse_src_main_java_com_alibaba_otter_canal_parse_inbound_mysql_dbsync_LogEventConvert.java,clean,,TP,test-label,89.348,mergiraf,,
driver-auto-off,ctl,alibaba_canal__10930b9e3d,alibaba_canal__10930b9e3d__parse_src_main_java_com_alibaba_otter_canal_parse_inbound_mysql_dbsync_SimpleDdlParser.java,clean,,TP,test-label,79.159,git,,
driver-auto-off,ctl,andrewphorn_classicube-client__645941b423,andrewphorn_classicube-client__645941b423__src_main_java_com_mojang_minecraft_gui_FontRenderer.java,clean,,TP,test-label,79.018,mergiraf,,
driver-auto-off,ctl,anjuke_hwi__93f975a6d0,anjuke_hwi__93f975a6d0__src_main_java_org_apache_hadoop_hive_hwi_servlet_RQuery.java,clean,,TP,test-label,80.699,git,,
driver-auto-off,ctl,apache_commons-csv__2e851bc960,apache_commons-csv__2e851bc960__src_test_java_org_apache_commons_csv_CSVParserTest.java,clean,,TP,test-label,91.488,git,,
driver-auto-off,ctl,apache_commons-ognl__c1132d8fb3,apache_commons-ognl__c1132d8fb3__src_main_java_org_apache_commons_ognl_internal_entry_PropertyDescriptorCacheEntryFactory.java,clean,,TP,test-label,78.238,mergiraf,,
driver-auto-off,ctl,apache_maven-enforcer__f4f8c2559e,apache_maven-enforcer__f4f8c2559e__enforcer-rules_src_main_java_org_apache_maven_plugins_enforcer_AbstractBanDependencies.java,clean,,TP,test-label,76.36,git,,
driver-auto-off,ctl,apache_metamodel__f9f2bc07f3,apache_metamodel__f9f2bc07f3__core_src_main_java_org_apache_metamodel_query_parser_QueryPartParser.java,clean,,TP,test-label,77.267,git,,
driver-auto-off,ctl,apache_metamodel__f9f2bc07f3,apache_metamodel__f9f2bc07f3__core_src_test_java_org_apache_metamodel_query_parser_QueryParserTest.java,clean,,TP,test-label,80.538,git,,
driver-auto-off,ctl,apache_roller__d362f5d1ee,apache_roller__d362f5d1ee__app_src_main_java_org_apache_roller_weblogger_business_search_IndexManagerImpl.java,clean,,TP,test-label,79.148,git,,
driver-auto-off,ctl,apache_tomcat-maven-plugin__74e25e53e8,apache_tomcat-maven-plugin__74e25e53e8__tomcat7-war-runner_src_main_java_org_apache_tomcat_maven_runner_Tomcat7Runner.java,clean,,TP,test-label,85.823,mergiraf,,
driver-auto-off,ctl,apache_tomcat-maven-plugin__74e25e53e8,apache_tomcat-maven-plugin__74e25e53e8__tomcat7-war-runner_src_main_java_org_apache_tomcat_maven_runner_Tomcat7RunnerCli.java,clean,,TP,test-label,80.022,git,,
driver-auto-off,ctl,bronx_saci-vraptor__cb9355ed08,bronx_saci-vraptor__cb9355ed08__src_main_java_net_diegomaia_vraptor_saci_component_startup_PageHandler.java,clean,,TP,test-label,75.405,mergiraf,,
driver-auto-off,ctl,brunoribeiro_sql-parser__a1ddf59b7c,brunoribeiro_sql-parser__a1ddf59b7c__src_main_java_com_akiban_sql_unparser_NodeToString.java,clean,,TP,test-label,86.751,git,,
driver-auto-off,ctl,bserdar_jcliff__206c63ba6f,bserdar_jcliff__206c63ba6f__src_main_java_com_redhat_jcliff_Main.java,clean,,TP,test-label,84.962,git,,
driver-auto-off,ctl,buddycloud_buddycloud-server-java__e05c0ee54a,buddycloud_buddycloud-server-java__e05c0ee54a__src_main_java_org_buddycloud_channelserver_packetprocessor_iq_namespace_pubsub_set_Publish.java,clean,,TP,test-label,80.874,git,,
driver-auto-off,ctl,chrsan_css-selectors__0f725a05d1,chrsan_css-selectors__0f725a05d1__src_main_java_se_fishtank_css_selectors_dom_internal_PseudoContainsSpecifierChecker.java,clean,,TP,test-label,74.498,git,,
driver-auto-off,ctl,citytechinc_cq-component-maven-plugin__2fb3c23f39,citytechinc_cq-component-maven-plugin__2fb3c23f39__cq-component-maven-plugin_src_main_java_com_citytechinc_cq_component_dialog_impl_SelectionWidget.java,clean,,TP,test-label,74.877,mergiraf,,
driver-auto-off,ctl,citytechinc_cq-component-maven-plugin__2fb3c23f39,citytechinc_cq-component-maven-plugin__2fb3c23f39__cq-component-maven-plugin_src_main_java_com_citytechinc_cq_component_dialog_maker_impl_SelectionWidgetMaker.java,clean,,TP,test-label,77.422,mergiraf,,
driver-auto-off,ctl,citytechinc_cq-component-maven-plugin__79dfb91780,citytechinc_cq-component-maven-plugin__79dfb91780__cq-component-maven-plugin_src_main_java_com_citytechinc_cq_component_dialog_impl_SelectionWidget.java,clean,,TP,test-label,74.365,mergiraf,,
driver-auto-off,ctl,clickntap_vimeo__85bd093b58,clickntap_vimeo__85bd093b58__src_main_java_com_clickntap_vimeo_Vimeo.java,clean,,TP,test-label,82.934,mergiraf,,
driver-auto-off,ctl,clickntap_vimeo__cedaf74fc7,clickntap_vimeo__cedaf74fc7__src_main_java_com_clickntap_vimeo_Vimeo.java,clean,,TP,test-label,83.366,mergiraf,,
driver-auto-off,ctl,clojure_clojure__c862603a33,clojure_clojure__c862603a33__src_jvm_clojure_lang_Compiler.java,clean,,TP,test-label,148.088,mergiraf,,
driver-auto-off,ctl,cloudfoundry_cf-java-client__0d588aa1e7,cloudfoundry_cf-java-client__0d588aa1e7__cloudfoundry-client-reactor_src_main_java_org_cloudfoundry_reactor_util_Operator.java,clean,,TP,test-label,81.138,mergiraf,,
driver-auto-off,ctl,cloudfoundry_cf-java-client__f994a25985,cloudfoundry_cf-java-client__f994a25985__cloudfoundry-client-reactor_src_main_java_org_cloudfoundry_reactor_util_Operator.java,clean,,TP,test-label,80.542,mergiraf,,
driver-auto-off,ctl,cloudfoundry_cf-java-client__f994a25985,cloudfoundry_cf-java-client__f994a25985__cloudfoundry-client-reactor_src_test_java_org_cloudfoundry_reactor_util_ErrorPayloadMappersTest.java,clean,,TP,test-label,80.845,mergiraf,,
driver-auto-off,ctl,cloudslang_score__49b00c4bf9,cloudslang_score__49b00c4bf9__runtime-management_runtime-management-impl_src_main_java_io_cloudslang_runtime_impl_python_PythonExecutor.java,clean,,TP,test-label,79.562,mergiraf,,
driver-auto-off,ctl,coutume_imageonmap__20d2a60d29,coutume_imageonmap__20d2a60d29__src_main_java_fr_moribus_imageonmap_ui_MapItemManager.java,clean,,TP,test-label,80.28,git,,
driver-auto-off,ctl,dankurka_gwtphonegap__e19aa67e33,dankurka_gwtphonegap__e19aa67e33__src_main_java_com_googlecode_gwtphonegap_client_notification_NotificationBrowserImpl.java,clean,,TP,test-label,75.218,git,,
driver-auto-off,ctl,davidmoten_rxjava-slf4j__fbe2fde40f,davidmoten_rxjava-slf4j__fbe2fde40f__src_test_java_com_github_davidmoten_rx_slf4j_LoggingTest.java,conflict,textual,TN,dev-match,74.749,git,,
driver-auto-off,ctl,douglasrodrigo_bfmapper__b0056fd6f8,douglasrodrigo_bfmapper__b0056fd6f8__src_main_java_br_com_bfmapper_Mapping.java,clean,,TP,test-label,80.774,git,,
driver-auto-off,ctl,dspace_dspace__0a0cf18c36,dspace_dspace__0a0cf18c36__dspace-server-webapp_src_test_java_org_dspace_app_rest_ExternalSourcesRestControllerIT.java,clean,,TP,test-label,78.564,git,,
driver-auto-off,ctl,dspace_dspace__2e3c4f033d,dspace_dspace__2e3c4f033d__dspace-api_src_main_java_org_dspace_curate_CitationPage.java,clean,,TP,test-label,79.529,mergiraf,,
driver-auto-off,ctl,dspace_dspace__eb28c639a0,dspace_dspace__eb28c639a0__dspace-server-webapp_src_main_java_org_dspace_app_rest_repository_DiscoveryRestRepository.java,clean,,TP,test-label,77.396,mergiraf,,
driver-auto-off,ctl,dtrules_dtrules__621afc4ef5,dtrules_dtrules__621afc4ef5__compilerutil_src_main_java_com_dtrules_compiler_decisiontables_DTCompiler.java,clean,,TP,test-label,81.036,git,,
driver-auto-off,ctl,dtrules_dtrules__621afc4ef5,dtrules_dtrules__621afc4ef5__dsl_el_src_main_java_com_dtrules_compiler_el_EL.java,clean,,TP,test-label,80.67,git,,
driver-auto-off,ctl,eirslett_frontend-maven-plugin__3e67ca8791,eirslett_frontend-maven-plugin__3e67ca8791__frontend-plugin-core_src_main_java_com_github_eirslett_maven_plugins_frontend_lib_NodeAndNPMInstaller.java,clean,,TP,test-label,80.17,git,,
driver-auto-off,ctl,ekryd_sortpom__b918df820e,ekryd_sortpom__b918df820e__sorter_src_main_java_sortpom_wrapper_content_ChildElementSorter.java,clean,,TP,test-label,78.675,mergiraf,,
driver-auto-off,ctl,farin_jcloisterzone__4a38e3b926,farin_jcloisterzone__4a38e3b926__src_main_java_com_jcloisterzone_engine_Engine.java,clean,,TP,test-label,84.696,mergiraf,,
driver-auto-off,ctl,fasseg_exp4j__184e5535f9,fasseg_exp4j__184e5535f9__src_main_java_de_congrace_exp4j_Tokenizer.java,clean,,TP,test-label,78.919,mergiraf,,
driver-auto-off,ctl,fasseg_exp4j__184e5535f9,fasseg_exp4j__184e5535f9__src_test_java_de_congrace_exp4j_ExpressionBuilderTest.java,clean,,TP,test-label,92.849,git,,
driver-auto-off,ctl,fasterxml_jackson-core__be2854d5c6,fasterxml_jackson-core__be2854d5c6__src_test_java_com_fasterxml_jackson_core_filter_BasicParserFilteringTest.java,clean,,TP,test-label,84.725,git,,
driver-auto-off,ctl,fernandezpablo85_scribe-java__33d45e1797,fernandezpablo85_scribe-java__33d45e1797__scribejava-core_src_main_java_com_github_scribejava_core_oauth_OAuth10aService.java,clean,,TP,test-label,78.927,mergiraf,,
driver-auto-off,ctl,fiji_trackmate__1792dcc505,fiji_trackmate__1792dcc505__src_main_java_fiji_plugin_trackmate_io_TmXmlReader.java,clean,,TP,test-label,90.139,git,,
driver-auto-off,ctl,fiji_trackmate__97cfa79dd2,fiji_trackmate__97cfa79dd2__src_main_java_fiji_plugin_trackmate_action_CopyOverlayAction.java,clean,,TP,test-label,85.622,git,,
driver-auto-off,ctl,fiji_trackmate__97cfa79dd2,fiji_trackmate__97cfa79dd2__src_main_java_fiji_plugin_trackmate_gui_TrackMateGUIController.java,clean,,TP,test-label,89.695,git,,
driver-auto-off,ctl,fincatto_nfe__6758366981,fincatto_nfe__6758366981__src_main_java_com_fincatto_documentofiscal_nfe400_classes_lote_envio_NFLoteEnvioRetorno.java,clean,,TP,test-label,74.807,mergiraf,,
driver-auto-off,ctl,fincatto_nfe__bd66db2a72,fincatto_nfe__bd66db2a72__src_main_java_com_fincatto_documentofiscal_utils_DFSocketFactory.java,clean,,TP,test-label,75.578,mergiraf,,
driver-auto-off,ctl,findwise_hydra__76fe21c315,findwise_hydra__76fe21c315__admin-service_src_main_java_com_findwise_hydra_admin_rest_ConfigurationController.java,clean,,TP,test-label,76.497,mergiraf,,
driver-auto-off,ctl,flaxsearch_luwak__2805c0447a,flaxsearch_luwak__2805c0447a__luwak_src_main_java_uk_co_flax_luwak_util_SpanExtractor.java,conflict,textual,TN,dev-match,75.69,git,,
driver-auto-off,ctl,fluentlenium_fluentlenium__2cd4ecb82f,fluentlenium_fluentlenium__2cd4ecb82f__fluentlenium-core_src_main_java_org_fluentlenium_core_inject_FluentInjector.java,clean,,TP,test-label,83.371,mergiraf,,
driver-auto-off,ctl,fluentlenium_fluentlenium__d88fff0f59,fluentlenium_fluentlenium__d88fff0f59__fluentlenium-core_src_test_java_org_fluentlenium_integration_FluentLeniumWaitTest.java,conflict,textual,TN,dev-match,80.197,git,,
driver-auto-off,ctl,flyingsaucerproject_flyingsaucer__5a2a7d36a1,flyingsaucerproject_flyingsaucer__5a2a7d36a1__flying-saucer-core_src_main_java_org_xhtmlrenderer_css_newmatch_Condition.java,clean,,TP,test-label,79.871,git,,
driver-auto-off,ctl,flyingsaucerproject_flyingsaucer__9b83c56a8c,flyingsaucerproject_flyingsaucer__9b83c56a8c__flying-saucer-pdf_src_main_java_org_xhtmlrenderer_pdf_ITextRenderer.java,clean,,TP,test-label,83.287,git,,
driver-auto-off,ctl,flyingsaucerproject_flyingsaucer__b2ef06a76f,flyingsaucerproject_flyingsaucer__b2ef06a76f__flying-saucer-pdf-itext5_src_main_java_org_xhtmlrenderer_pdf_ITextOutputDevice.java,clean,,TP,test-label,92.211,mergiraf,,
driver-auto-off,ctl,forcedotcom_wsc__332e09483d,forcedotcom_wsc__332e09483d__src_main_java_com_sforce_ws_bind_TypeMapper.java,clean,,TP,test-label,88.648,git,,
driver-auto-off,ctl,fusesource_jansi__f4065227fc,fusesource_jansi__f4065227fc__src_main_java_org_fusesource_jansi_WindowsAnsiOutputStream.java,conflict,textual,FN,dev-match,75.689,git,,
driver-auto-off,ctl,galenframework_galen__7567dd8d2f,galenframework_galen__7567dd8d2f__galen-core_src_main_java_com_galenframework_speclang2_specs_SpecImageProcessor.java,clean,,TP,test-label,79.305,mergiraf,,
driver-auto-off,ctl,galenframework_galen__7567dd8d2f,galenframework_galen__7567dd8d2f__galen-core_src_test_java_com_galenframework_tests_speclang2_SpecsReaderV2Test.java,clean,,TP,test-label,91.984,git,,
driver-auto-off,ctl,gitools_gitools__8f2043e3c5,gitools_gitools__8f2043e3c5__org.gitools.ui.app_src_main_java_org_gitools_ui_app_fileimport_wizard_text_ListItemTransferHandler.java,clean,,TP,test-label,78.045,git,,
driver-auto-off,ctl,gitools_gitools__9f09acdad0,gitools_gitools__9f09acdad0__org.gitools.ui.app_src_main_java_org_gitools_ui_app_actions_Actions.java,clean,,TP,test-label,76.565,git,,
driver-auto-off,ctl,glenkpeterson_j-sicle__8ad8d6f00e,glenkpeterson_j-sicle__8ad8d6f00e__src_test_java_org_organicdesign_fp_permanent_SequenceTest.java,clean,,TP,test-label,75.323,git,,
driver-auto-off,ctl,google_truth__2bb82cafdf,google_truth__2bb82cafdf__src_main_java_org_junit_contrib_truth_subjects_IterableSubject.java,clean,,TP,test-label,75.918,mergiraf,,
driver-auto-off,ctl,google_truth__6bba06199f,google_truth__6bba06199f__core_src_main_java_com_google_common_truth_Truth.java,clean,,TP,test-label,75.564,mergiraf,,
driver-auto-off,ctl,googlecloudplatform_gcloud-java__1fa53a817a,googlecloudplatform_gcloud-java__1fa53a817a__gcloud-java-storage_src_main_java_com_google_gcloud_storage_StorageImpl.java,clean,,TP,test-label,88.529,mergiraf,,
driver-auto-off,ctl,googlecloudplatform_gcloud-maven-plugin__990444129c,googlecloudplatform_gcloud-maven-plugin__990444129c__src_main_java_com_google_appengine_gcloudapp_AbstractGcloudMojo.java,clean,,TP,test-label,83.312,mergiraf,,
driver-auto-off,ctl,graphity_graphity-client__2a8e8c75e9,graphity_graphity-client__2a8e8c75e9__src_main_java_org_graphity_util_XSLTBuilder.java,conflict,semantic,TN,dev-match,74.6,mergiraf,RM2RenameConflict,RM2RenameConflict L19: Stale reference to renamed variable/field: 'stream' (renamed to 'reader') still referenced at this l | RM2RenameConflict L28: Stale reference to renamed variable/field: 'stream' (renamed to 'reader') still referenced at this l
driver-auto-off,ctl,greese_dasein-cloud-core__5fe1190801,greese_dasein-cloud-core__5fe1190801__src_main_java_org_dasein_cloud_compute_MachineImageSupport.java,clean,,TP,test-label,75.847,git,,
driver-auto-off,ctl,gwtbootstrap3_gwtbootstrap3__d558959ad2,gwtbootstrap3_gwtbootstrap3__d558959ad2__gwtbootstrap3_src_main_java_org_gwtbootstrap3_client_ui_SimpleCheckBox.java,clean,,TP,test-label,75.969,git,,
driver-auto-off,ctl,gwtbootstrap3_gwtbootstrap3__d558959ad2,gwtbootstrap3_gwtbootstrap3__d558959ad2__gwtbootstrap3_src_main_java_org_gwtbootstrap3_client_ui_SimpleRadioButton.java,clean,,TP,test-label,76.605,git,,
driver-auto-off,ctl,hdrhistogram_hdrhistogram__4faeeb6c17,hdrhistogram_hdrhistogram__4faeeb6c17__src_main_java_org_HdrHistogram_HistogramLogProcessor.java,clean,,TP,test-label,90.955,mergiraf,,
driver-auto-off,ctl,hdrhistogram_hdrhistogram__6debea175f,hdrhistogram_hdrhistogram__6debea175f__src_main_java_org_HdrHistogram_AbstractHistogram.java,clean,,TP,test-label,90.722,git,,
driver-auto-off,ctl,hdrhistogram_hdrhistogram__6debea175f,hdrhistogram_hdrhistogram__6debea175f__src_main_java_org_HdrHistogram_DoubleHistogram.java,clean,,TP,test-label,84.027,git,,
driver-auto-off,ctl,hdrhistogram_hdrhistogram__beadadbe25,hdrhistogram_hdrhistogram__beadadbe25__src_main_java_org_HdrHistogram_AbstractHistogram.java,clean,,TP,test-label,91.509,mergiraf,,
driver-auto-off,ctl,imixs_imixs-workflow__dfb841cc6c,imixs_imixs-workflow__dfb841cc6c__imixs-workflow-index-lucene_src_main_java_org_imixs_workflow_engine_lucene_LuceneIndexService.java,clean,,TP,test-label,83.741,mergiraf,,
driver-auto-off,ctl,jalkanen_speed4j__18370b9544,jalkanen_speed4j__18370b9544__src_main_java_com_ecyrd_speed4j_log_PeriodicalLog.java,clean,,TP,test-label,81.614,mergiraf,,
driver-auto-off,ctl,jasig_java-cas-client__9714053f07,jasig_java-cas-client__9714053f07__cas-client-core_src_main_java_org_jasig_cas_client_util_CommonUtils.java,clean,,TP,test-label,80.387,mergiraf,,
driver-auto-off,ctl,jasig_java-cas-client__9714053f07,jasig_java-cas-client__9714053f07__cas-client-core_src_test_java_org_jasig_cas_client_util_CommonUtilsTests.java,clean,,TP,test-label,78.009,git,,
driver-auto-off,ctl,javaparser_javaparser__091c0fab6e,javaparser_javaparser__091c0fab6e__javaparser-core_src_main_java_com_github_javaparser_PositionUtils.java,clean,,TP,test-label,77.57,mergiraf,,
driver-auto-off,ctl,javaparser_javaparser__8ca0e9b6ea,javaparser_javaparser__8ca0e9b6ea__javaparser-symbol-solver-core_src_main_java_com_github_javaparser_symbolsolver_javaparsermodel_JavaParserFacade.java,clean,,TP,test-label,86.427,mergiraf,,
driver-auto-off,ctl,jboss-remoting_jboss-remoting__1f07248ce4,jboss-remoting_jboss-remoting__1f07248ce4__src_main_java_org_jboss_remoting3_remote_RemoteConnection.java,clean,,TP,test-label,81.502,git,,
driver-auto-off,ctl,jcabi_jcabi-aspects__5780cbf85c,jcabi_jcabi-aspects__5780cbf85c__src_main_java_com_jcabi_aspects_aj_MethodCacher.java,clean,,TP,test-label,80.243,mergiraf,,
driver-auto-off,ctl,jcabi_jcabi-github__512102da91,jcabi_jcabi-github__512102da91__src_main_java_com_jcabi_github_RtReleaseAsset.java,clean,,TP,test-label,76.178,git,,
driver-auto-off,ctl,jdatepicker_jdatepicker__cc3905a9c7,jdatepicker_jdatepicker__cc3905a9c7__src_main_java_org_jdatepicker_impl_JDatePickerImpl.java,clean,,TP,test-label,93.8,mergiraf,,
driver-auto-off,ctl,jdatepicker_jdatepicker__cc74e94ac3,jdatepicker_jdatepicker__cc74e94ac3__src_main_java_org_jdatepicker_ComponentTextDefaults.java,clean,,TP,test-label,77.17,git,,
driver-auto-off,ctl,jdatepicker_jdatepicker__cc74e94ac3,jdatepicker_jdatepicker__cc74e94ac3__src_main_java_org_jdatepicker_JDatePanel.java,clean,,TP,test-label,148.31,mergiraf,,
driver-auto-off,ctl,jdeparser_jdeparser2__1da0e2349a,jdeparser_jdeparser2__1da0e2349a__src_main_java_org_jboss_jdeparser_FormatPreferences.java,clean,,TP,test-label,81.295,git,,
driver-auto-off,ctl,jenkinsci_ant-plugin__7025e65f06,jenkinsci_ant-plugin__7025e65f06__src_main_java_hudson_tasks_Ant.java,clean,,TP,test-label,83.662,mergiraf,,
driver-auto-off,ctl,jenkinsci_ant-plugin__7025e65f06,jenkinsci_ant-plugin__7025e65f06__src_test_java_hudson_tasks_AntTest.java,clean,,TP,test-label,82.776,git,,
driver-auto-off,ctl,jenkinsci_coverity-plugin__7ce14e1f97,jenkinsci_coverity-plugin__7ce14e1f97__src_test_java_jenkins_plugins_coverity_CoverityTool_CovBuildCommandTest.java,conflict,textual,TN,dev-match,73.758,git,,
driver-auto-off,ctl,jenkinsci_coverity-plugin__bd192d7108,jenkinsci_coverity-plugin__bd192d7108__src_main_java_jenkins_plugins_coverity_CoverityPublisher.java,clean,,TP,test-label,86.291,git,,
driver-auto-off,ctl,jenkinsci_coverity-plugin__db750a7a69,jenkinsci_coverity-plugin__db750a7a69__src_main_java_jenkins_plugins_coverity_CIMStream.java,clean,,TP,test-label,81.084,mergiraf,,
driver-auto-off,ctl,jenkinsci_coverity-plugin__db750a7a69,jenkinsci_coverity-plugin__db750a7a69__src_main_java_jenkins_plugins_coverity_CoverityPublisher.java,clean,,TP,test-label,88.685,mergiraf,,
driver-auto-off,ctl,jenkinsci_credentials-plugin__ccd45a5263,jenkinsci_credentials-plugin__ccd45a5263__src_main_java_com_cloudbees_plugins_credentials_CredentialsSelectHelper.java,clean,,TP,test-label,86.142,mergiraf,,
driver-auto-off,ctl,jenkinsci_email-ext-plugin__312def504a,jenkinsci_email-ext-plugin__312def504a__src_test_java_hudson_plugins_emailext_ExtendedEmailPublisherDescriptorJCasCTest.java,clean,,TP,test-label,78.513,git,,
driver-auto-off,ctl,jenkinsci_email-ext-plugin__9cc2357cac,jenkinsci_email-ext-plugin__9cc2357cac__src_main_java_hudson_plugins_emailext_EmailThrottler.java,clean,,TP,test-label,74.98,mergiraf,,
driver-auto-off,ctl,jenkinsci_email-ext-plugin__9cc2357cac,jenkinsci_email-ext-plugin__9cc2357cac__src_test_java_hudson_plugins_emailext_ExtendedEmailPublisherTest.java,clean,,TP,test-label,94.318,git,,
driver-auto-off,ctl,jenkinsci_jira-plugin__09485920f4,jenkinsci_jira-plugin__09485920f4__src_main_java_hudson_plugins_jira_JiraSite.java,clean,,TP,test-label,89.356,git,,
driver-auto-off,ctl,jenkinsci_junit-plugin__2f4179baf2,jenkinsci_junit-plugin__2f4179baf2__src_main_java_hudson_tasks_junit_CaseResult.java,clean,,TP,test-label,82.919,git,,
driver-auto-off,ctl,jenkinsci_ldap-plugin__744083390f,jenkinsci_ldap-plugin__744083390f__src_main_java_hudson_security_LDAPSecurityRealm.java,clean,,TP,test-label,105.487,mergiraf,,
driver-auto-off,ctl,jenkinsci_mailer-plugin__67ab48f1a6,jenkinsci_mailer-plugin__67ab48f1a6__src_test_java_hudson_tasks_MailerTest.java,clean,,TP,test-label,84.75,git,,
driver-auto-off,ctl,jenkinsci_maven-hpi-plugin__cfbf819e58,jenkinsci_maven-hpi-plugin__cfbf819e58__src_main_java_org_jenkinsci_maven_plugins_hpi_RunMojo.java,conflict,textual,TN,dev-match,82.055,git,,
driver-auto-off,ctl,jenkinsci_ui-samples-plugin__179ee92cdf,jenkinsci_ui-samples-plugin__179ee92cdf__src_main_java_jenkins_plugins_ui_samples_Select.java,clean,,TP,test-label,76.282,git,,
driver-auto-off,ctl,jgralab_jgralab__d631209030,jgralab_jgralab__d631209030__src_de_uni_koblenz_jgralab_greql2_funlib_FunLib.java,clean,,TP,test-label,88.336,mergiraf,,
driver-auto-off,ctl,jgralab_jgralab__d631209030,jgralab_jgralab__d631209030__src_de_uni_koblenz_jgralab_greql2_funlib_schema_HasType.java,clean,,TP,test-label,74.832,mergiraf,,
driver-auto-off,ctl,jmetal_jmetal__4edc74bc22,jmetal_jmetal__4edc74bc22__jmetal-lab_src_main_java_org_uma_jmetal_lab_experiment_studies_PPSN20203DStudy.java,clean,,TP,test-label,80.379,git,,
driver-auto-off,ctl,jmetal_jmetal__d8ececa506,jmetal_jmetal__d8ececa506__jmetal-exec_src_main_java_org_uma_jmetal_runner_multiobjective_WASFGAMeasuresRunner.java,clean,,TP,test-label,78.162,git,,
driver-auto-off,ctl,jparsec_jparsec__a1fac0af65,jparsec_jparsec__a1fac0af65__jparsec_src_main_java_org_codehaus_jparsec_ScannerState.java,clean,,TP,test-label,76.177,git,,
driver-auto-off,ctl,jri_deepamehta__03658cb2e9,jri_deepamehta__03658cb2e9__modules_dm4-geomaps_src_main_java_de_deepamehta_plugins_geomaps_GeomapsPlugin.java,clean,,TP,test-label,82.169,mergiraf,,
driver-auto-off,ctl,jruby_bytelist__989a36efd0,jruby_bytelist__989a36efd0__src_org_jruby_util_ByteList.java,clean,,TP,test-label,88.4,mergiraf,,
driver-auto-off,ctl,jruby_bytelist__989a36efd0,jruby_bytelist__989a36efd0__test_org_jruby_util_ByteListTest.java,clean,,TP,test-label,83.753,mergiraf,,
driver-auto-off,ctl,jsprit_jsprit__7834e66d7c,jsprit_jsprit__7834e66d7c__jsprit-io_src_main_java_com_graphhopper_jsprit_io_algorithm_VehicleRoutingAlgorithms.java,clean,,TP,test-label,88.871,mergiraf,,
driver-auto-off,ctl,jsprit_jsprit__a6726537e9,jsprit_jsprit__a6726537e9__jsprit-core_src_test_java_jsprit_core_problem_vehicle_VehicleImplTest.java,clean,,TP,test-label,77.621,mergiraf,,
driver-auto-off,ctl,julianhyde_linq4j__c0f3b4a744,julianhyde_linq4j__c0f3b4a744__src_main_java_net_hydromatic_linq4j_QueryableFactory.java,clean,,TP,test-label,75.715,git,,
driver-auto-off,ctl,julianhyde_linq4j__c0f3b4a744,julianhyde_linq4j__c0f3b4a744__src_main_java_net_hydromatic_linq4j_QueryableRecorder.java,clean,,TP,test-label,88.529,mergiraf,,
driver-auto-off,ctl,julietkilo_canbabel__ea550c2876,julietkilo_canbabel__ea550c2876__src_main_java_com_github_canbabel_canio_dbc_DbcReader.java,clean,,TP,test-label,86.33,mergiraf,,
driver-auto-off,ctl,kevinbayes_vest__3209c8480f,kevinbayes_vest__3209c8480f__src_main_java_me_bayes_vertx_vest_VestApplication.java,clean,,TP,test-label,79.078,mergiraf,,
driver-auto-off,ctl,khmarbaise_iterator-maven-plugin__99d1681276,khmarbaise_iterator-maven-plugin__99d1681276__src_main_java_com_soebes_maven_plugins_iterator_IteratorMojo.java,clean,,TP,test-label,80.472,git,,
driver-auto-off,ctl,killbilling_recurly-java-library__fafb064903,killbilling_recurly-java-library__fafb064903__src_main_java_com_ning_billing_recurly_model_RecurlyObject.java,clean,,TP,test-label,79.468,git,,
driver-auto-off,ctl,killme2008_aviator__eb6c698603,killme2008_aviator__eb6c698603__src_main_java_com_googlecode_aviator_utils_Env.java,clean,,TP,test-label,83.031,git,,
driver-auto-off,ctl,kohsuke_github-api__432585cb75,kohsuke_github-api__432585cb75__src_main_java_org_kohsuke_github_GitHub.java,conflict,textual,FN,dev-match,80.092,git,,
driver-auto-off,ctl,kohsuke_github-api__432585cb75,kohsuke_github-api__432585cb75__src_test_java_org_kohsuke_github_GitHubTest.java,clean,,TP,test-label,76.989,git,,
driver-auto-off,ctl,kohsuke_github-api__5ea8638369,kohsuke_github-api__5ea8638369__src_test_java_org_kohsuke_github_GHRepositoryTest.java,clean,,TP,test-label,86.96,git,,
driver-auto-off,ctl,kohsuke_github-api__f6674a9aef,kohsuke_github-api__f6674a9aef__src_main_java_org_kohsuke_github_GHWorkflowJob.java,clean,,TP,test-label,77.131,git,,
driver-auto-off,ctl,kongchen_swagger-maven-plugin__335021b217,kongchen_swagger-maven-plugin__335021b217__src_main_java_com_github_kongchen_swagger_docgen_mustache_MustacheDocument.java,clean,,TP,test-label,81.201,mergiraf,,
driver-auto-off,ctl,kongchen_swagger-maven-plugin__335021b217,kongchen_swagger-maven-plugin__335021b217__src_main_java_com_github_kongchen_swagger_docgen_mustache_OutputTemplate.java,clean,,TP,test-label,80.174,git,,
driver-auto-off,ctl,kongchen_swagger-maven-plugin__5060afbf1d,kongchen_swagger-maven-plugin__5060afbf1d__src_main_java_com_github_kongchen_swagger_docgen_AbstractDocumentSource.java,clean,,TP,test-label,84.026,git,,
driver-auto-off,ctl,kongchen_swagger-maven-plugin__5060afbf1d,kongchen_swagger-maven-plugin__5060afbf1d__src_test_java_com_github_kongchen_smp_integration_SwaggerMavenPluginTest.java,clean,,TP,test-label,82.016,git,,
driver-auto-off,ctl,koraktor_steam-condenser-java__81c376e088,koraktor_steam-condenser-java__81c376e088__src_main_java_com_github_koraktor_steamcondenser_steam_community_SteamId.java,clean,,TP,test-label,83.147,mergiraf,,
driver-auto-off,ctl,kvladislav_ticketmanager__0ffb612f18,kvladislav_ticketmanager__0ffb612f18__src_main_java_org_JavaArt_TicketManager_controllers_EventsController.java,clean,,TP,test-label,89.568,mergiraf,,
driver-auto-off,ctl,lemire_javaewah__5829fc009b,lemire_javaewah__5829fc009b__src_main_java_com_googlecode_javaewah_IteratorAggregation.java,clean,,TP,test-label,82.659,git,,
driver-auto-off,ctl,linkedin_camus__288c5aae77,linkedin_camus__288c5aae77__camus-etl-kafka_src_test_java_com_linkedin_camus_etl_kafka_CamusJobTestWithMock.java,clean,,TP,test-label,84.784,git,,
driver-auto-off,ctl,linkedin_camus__fd747243ca,linkedin_camus__fd747243ca__camus-etl-kafka_src_main_java_com_linkedin_camus_etl_kafka_mapred_EtlInputFormat.java,clean,,TP,test-label,85.964,git,,
driver-auto-off,ctl,lwhite1_tablesaw__86cd643c39,lwhite1_tablesaw__86cd643c39__src_main_java_com_github_lwhite1_tablesaw_io_csv_CsvReader.java,clean,,TP,test-label,82.966,git,,
driver-auto-off,ctl,lyncode_xoai__dc7a68da97,lyncode_xoai__dc7a68da97__xoai-service-provider_src_main_java_org_dspace_xoai_serviceprovider_client_HttpOAIClient.java,clean,,TP,test-label,77.726,mergiraf,,
driver-auto-off,ctl,mambu-gmbh_mambu-apis-java__9975c4d9e5,mambu-gmbh_mambu-apis-java__9975c4d9e5__src_demo_DemoTestLoanService.java,clean,,TP,test-label,100.6,git,,
driver-auto-off,ctl,marginallyclever_makelangelo__bfbac0b14d,marginallyclever_makelangelo__bfbac0b14d__src_main_java_com_marginallyclever_makelangelo_Makelangelo.java,clean,,TP,test-label,92.99,mergiraf,,
driver-auto-off,ctl,marloncarvalho_aliendroid-activerecord__f03a2f645f,marloncarvalho_aliendroid-activerecord__f03a2f645f__src_main_java_org_alienlabs_aliendroid_activerecord_Model.java,clean,,TP,test-label,81.12,mergiraf,,
driver-auto-off,ctl,maven-nar_nar-maven-plugin__00d2e833de,maven-nar_nar-maven-plugin__00d2e833de__src_main_java_com_github_maven_nar_AbstractNarMojo.java,clean,,TP,test-label,77.954,git,,
driver-auto-off,ctl,maven-nar_nar-maven-plugin__bd5a26aed9,maven-nar_nar-maven-plugin__bd5a26aed9__src_main_java_com_github_maven_nar_AbstractNarMojo.java,clean,,TP,test-label,78.641,mergiraf,,
driver-auto-off,ctl,maven-nar_nar-maven-plugin__bd5a26aed9,maven-nar_nar-maven-plugin__bd5a26aed9__src_main_java_com_github_maven_nar_Msvc.java,clean,,TP,test-label,85.398,git,,
driver-auto-off,ctl,maxmind_geoip-api-java__3c90dc1bd7,maxmind_geoip-api-java__3c90dc1bd7__src_main_java_com_maxmind_geoip_LookupService.java,clean,,TP,test-label,87.744,mergiraf,,
driver-auto-off,ctl,mbosecke_pebble__22c0075ed2,mbosecke_pebble__22c0075ed2__src_main_java_com_mitchellbosecke_pebble_template_EvaluationContext.java,clean,,TP,test-label,76.411,git,,
driver-auto-off,ctl,medcl_elasticsearch-analysis-ik__8c50edf0e0,medcl_elasticsearch-analysis-ik__8c50edf0e0__src_main_java_org_wltea_analyzer_help_Sleep.java,clean,,TP,test-label,75.839,mergiraf,,
driver-auto-off,ctl,medcl_elasticsearch-analysis-pinyin__acdd6eff2a,medcl_elasticsearch-analysis-pinyin__acdd6eff2a__src_main_java_org_elasticsearch_index_analysis_PinyinTokenFilter.java,clean,,TP,test-label,82.497,mergiraf,,
driver-auto-off,ctl,medcl_elasticsearch-analysis-pinyin__acdd6eff2a,medcl_elasticsearch-analysis-pinyin__acdd6eff2a__src_main_java_org_elasticsearch_index_analysis_PinyinTokenizer.java,clean,,TP,test-label,83.18,mergiraf,,
driver-auto-off,ctl,mercadopago_sdk-java__540cfa9763,mercadopago_sdk-java__540cfa9763__src_test_java_com_mercadopago_BaseClientIT.java,conflict,textual,TN,dev-match,73.077,git,,
driver-auto-off,ctl,mercadopago_sdk-java__540cfa9763,mercadopago_sdk-java__540cfa9763__src_test_java_com_mercadopago_client_cardtoken_CardTokenClientIT.java,clean,,TP,test-label,78.056,git,,
driver-auto-off,ctl,mlaccetti_javapns__21e9ae8885,mlaccetti_javapns__21e9ae8885__src_main_java_javapns_notification_transmission_NotificationThreads.java,clean,,TP,test-label,82.067,git,,
driver-auto-off,ctl,mmazi_rescu__efdd938e7a,mmazi_rescu__efdd938e7a__src_test_java_si_mazi_rescu_RestInvocationHandlerTest.java,clean,,TP,test-label,86.532,mergiraf,,
driver-auto-off,ctl,mongobee_mongobee__abf507930c,mongobee_mongobee__abf507930c__src_main_java_com_github_mongobee_Mongobee.java,clean,,TP,test-label,80.623,mergiraf,,
driver-auto-off,ctl,mongobee_mongobee__abf507930c,mongobee_mongobee__abf507930c__src_main_java_com_github_mongobee_dao_ChangeEntryDao.java,conflict,textual,TN,dev-match,74.358,git,,
driver-auto-off,ctl,mongobee_mongobee__ac5bd40a5a,mongobee_mongobee__ac5bd40a5a__src_main_java_com_github_mongobee_Mongobee.java,clean,,TP,test-label,81.462,mergiraf,,
driver-auto-off,ctl,movsim_movsim__393a33e6d0,movsim_movsim__393a33e6d0__core_src_main_java_org_movsim_simulator_vehicles_Vehicle.java,clean,,TP,test-label,87.088,git,,
driver-auto-off,ctl,mrcookieslime_slimefun-3.0__6a34470b47,mrcookieslime_slimefun-3.0__6a34470b47__src_main_java_io_github_thebusybiscuit_slimefun4_api_items_SlimefunItem.java,conflict,textual,TN,dev-match,81.062,git,,
driver-auto-off,ctl,mtedone_podam__1075ffea79,mtedone_podam__1075ffea79__src_main_java_uk_co_jemos_podam_api_PodamFactoryImpl.java,clean,,TP,test-label,106.898,mergiraf,,
driver-auto-off,ctl,mtedone_podam__1075ffea79,mtedone_podam__1075ffea79__src_test_java_uk_co_jemos_podam_test_unit_pdm3_Pdm3PojoUnitTest.java,clean,,TP,test-label,78.941,mergiraf,,
driver-auto-off,ctl,mycila_license-maven-plugin__b28809b593,mycila_license-maven-plugin__b28809b593__license-maven-plugin_src_main_java_com_mycila_maven_plugin_license_header_HeaderParser.java,clean,,TP,test-label,79.326,git,,
driver-auto-off,ctl,mycila_license-maven-plugin__b28809b593,mycila_license-maven-plugin__b28809b593__license-maven-plugin_src_test_java_com_mycila_maven_plugin_license_UpdateMojoTest.java,clean,,TP,test-label,82.949,mergiraf,,
driver-auto-off,ctl,mycila_license-maven-plugin__d3bf529757,mycila_license-maven-plugin__d3bf529757__license-maven-plugin-git_src_main_java_com_mycila_maven_plugin_license_git_GitLookup.java,clean,,TP,test-label,80.253,mergiraf,,
driver-auto-off,ctl,named-data_jndn__320742aa20,named-data_jndn__320742aa20__src_net_named_data_jndn_Data.java,clean,,TP,test-label,78.732,git,,
driver-auto-off,ctl,named-data_jndn__320742aa20,named-data_jndn__320742aa20__src_net_named_data_jndn_Node.java,clean,,TP,test-label,90.381,git,,
driver-auto-off,ctl,nysenate_openlegislation__8645aab4d6,nysenate_openlegislation__8645aab4d6__src_main_java_gov_nysenate_openleg_controller_api_bill_BillGetCtrl.java,clean,,TP,test-label,81.727,mergiraf,,
driver-auto-off,ctl,omnifaces_omnifaces__2e8d3a4ee3,omnifaces_omnifaces__2e8d3a4ee3__src_main_java_org_omnifaces_util_Components.java,clean,,TP,test-label,85.447,git,,
driver-auto-off,ctl,openhft_chronicle-bytes__dc67904a63,openhft_chronicle-bytes__dc67904a63__src_main_java_net_openhft_chronicle_bytes_Bytes.java,clean,,TP,test-label,84.388,mergiraf,,
driver-auto-off,ctl,openhft_chronicle-bytes__dc67904a63,openhft_chronicle-bytes__dc67904a63__src_test_java_net_openhft_chronicle_bytes_BytesJavaDocComplianceTest.java,conflict,textual,TN,dev-match,81.5,mergiraf,,
driver-auto-off,ctl,openhft_chronicle-threads__8b940638d7,openhft_chronicle-threads__8b940638d7__src_main_java_net_openhft_chronicle_threads_MonitorEventLoop.java,clean,,TP,test-label,77.485,git,,
driver-auto-off,ctl,openpnp_openpnp__17a7443913,openpnp_openpnp__17a7443913__src_main_java_org_openpnp_gui_importer_EagleBoardImporter.java,conflict,textual,TN,dev-match,89.782,git,,
driver-auto-off,ctl,openpnp_openpnp__99835c7c58,openpnp_openpnp__99835c7c58__src_main_java_org_openpnp_gui_JobPanel.java,clean,,TP,test-label,142.146,git,,
driver-auto-off,ctl,openpnp_openpnp__99835c7c58,openpnp_openpnp__99835c7c58__src_main_java_org_openpnp_gui_support_Icons.java,clean,,TP,test-label,76.23,git,,
driver-auto-off,ctl,openpnp_openpnp__e8a35b8e6f,openpnp_openpnp__e8a35b8e6f__src_main_java_org_openpnp_gui_importer_EagleBoardImporter.java,clean,,TP,test-label,98.38,git,,
driver-auto-off,ctl,openskynetwork_java-adsb__14f216cddf,openskynetwork_java-adsb__14f216cddf__src_main_java_org_opensky_libadsb_Decoder.java,clean,,TP,test-label,76.09,git,,
driver-auto-off,ctl,outbrain_ob1k__8b2c257efe,outbrain_ob1k__8b2c257efe__ob1k-example_src_main_java_com_outbrain_ob1k_example_hello_server_HelloServer.java,conflict,textual,TN,dev-match,76.77,git,,
driver-auto-off,ctl,pandcorps_pandam__e736609b61,pandcorps_pandam__e736609b61__game-furguardians_src_main_java_org_pandcorps_furguardians_FurGuardiansGame.java,clean,,TP,test-label,128.646,git,,
driver-auto-off,ctl,poetix_protonpack__2ce321af89,poetix_protonpack__2ce321af89__src_main_java_com_codepoetics_protonpack_StreamUtils.java,clean,,TP,test-label,80.294,git,,
driver-auto-off,ctl,progether_jadventure__d4407d1e77,progether_jadventure__d4407d1e77__src_main_java_com_jadventure_game_repository_ItemRepository.java,clean,,TP,test-label,78.724,git,,
driver-auto-off,ctl,progether_jadventure__d62cfd35b9,progether_jadventure__d62cfd35b9__src_main_java_com_jadventure_game_menus_BattleMenu.java,clean,,TP,test-label,82.446,git,,
driver-auto-off,ctl,reckart_shib-http-client__536fe936a3,reckart_shib-http-client__536fe936a3__src_main_java_de_tudarmstadt_ukp_shibhttpclient_ShibHttpClient.java,clean,,TP,test-label,86.17,git,,
driver-auto-off,ctl,reckart_shib-http-client__8f3bd71757,reckart_shib-http-client__8f3bd71757__src_main_java_de_tudarmstadt_ukp_shibhttpclient_ShibHttpClient.java,clean,,TP,test-label,84.541,git,,
driver-auto-off,ctl,recommenders_rival__aa1752831e,recommenders_rival__aa1752831e__rival-examples_src_main_java_net_recommenders_rival_examples_movielens100k_CrossValidatedMahoutKNNRecommenderEvaluator.java,clean,,TP,test-label,81.675,mergiraf,,
driver-auto-off,ctl,recommenders_rival__aa1752831e,recommenders_rival__aa1752831e__rival-examples_src_main_java_net_recommenders_rival_examples_movielens100k_TemporalSplitMahoutKNNRecommenderEvaluator.java,clean,,TP,test-label,82.213,mergiraf,,
driver-auto-off,ctl,relayrides_pushy__43129f9c9a,relayrides_pushy__43129f9c9a__src_main_java_com_relayrides_pushy_apns_PushManager.java,clean,,TP,test-label,79.98,mergiraf,,
driver-auto-off,ctl,relayrides_pushy__9446136376,relayrides_pushy__9446136376__src_main_java_com_relayrides_pushy_apns_ApnsClientThread.java,clean,,TP,test-label,90.731,mergiraf,,
driver-auto-off,ctl,renepickhardt_generalized-language-modeling-toolkit__f8105ddc44,renepickhardt_generalized-language-modeling-toolkit__f8105ddc44__src_de_typology_utils_Config.java,clean,,TP,test-label,80.379,git,,
driver-auto-off,ctl,richardwarburton_lambda-behave__8695b13525,richardwarburton_lambda-behave__8695b13525__lambda-behave_src_main_java_com_insightfullogic_lambdabehave_BehaveRunner.java,clean,,TP,dev-match,78.444,git,,
driver-auto-off,ctl,sachin-handiekar_jinstagram__210897a17d,sachin-handiekar_jinstagram__210897a17d__src_main_java_org_jinstagram_realtime_Constants.java,clean,,TP,test-label,74.746,mergiraf,,
driver-auto-off,ctl,sachin-handiekar_jinstagram__210897a17d,sachin-handiekar_jinstagram__210897a17d__src_main_java_org_jinstagram_realtime_InstagramSubscription.java,clean,,TP,test-label,80.877,mergiraf,,
driver-auto-off,ctl,sander2798_enderstone__4cf9ea9f17,sander2798_enderstone__4cf9ea9f17__src_org_enderstone_server_Main.java,clean,,TP,test-label,80.512,mergiraf,,
driver-auto-off,ctl,sander2798_enderstone__4cf9ea9f17,sander2798_enderstone__4cf9ea9f17__src_org_enderstone_server_packet_NetworkManager.java,clean,,TP,test-label,80.111,git,,
driver-auto-off,ctl,sander2798_enderstone__ba66c3e8b2,sander2798_enderstone__ba66c3e8b2__src_org_enderstone_server_Location.java,clean,,TP,test-label,77.564,mergiraf,,
driver-auto-off,ctl,sander2798_enderstone__bd46a612d1,sander2798_enderstone__bd46a612d1__src_org_enderstone_server_Main.java,clean,,TP,test-label,86.146,mergiraf,,
driver-auto-off,ctl,sandergielisse_enderstone__272bbb1c0f,sandergielisse_enderstone__272bbb1c0f__src_org_enderstone_server_inventory_CraftingInventory.java,clean,,TP,test-label,76.845,git,,
driver-auto-off,ctl,sandergielisse_enderstone__272bbb1c0f,sandergielisse_enderstone__272bbb1c0f__src_org_enderstone_server_inventory_PlayerInventory.java,clean,,TP,test-label,77.014,git,,
driver-auto-off,ctl,sandergielisse_enderstone__8e17a2983e,sandergielisse_enderstone__8e17a2983e__src_org_enderstone_server_packet_NetworkManager.java,clean,,TP,test-label,83.816,git,,
driver-auto-off,ctl,sandergielisse_enderstone__bae18e3ef8,sandergielisse_enderstone__bae18e3ef8__src_org_enderstone_server_entity_EnderEntity.java,clean,,TP,test-label,81.147,git,,
driver-auto-off,ctl,sandergielisse_enderstone__bae18e3ef8,sandergielisse_enderstone__bae18e3ef8__src_org_enderstone_server_entity_EntityMob.java,clean,,TP,test-label,80.989,mergiraf,,
driver-auto-off,ctl,sd4324530_fastweixin__53b5138ff7,sd4324530_fastweixin__53b5138ff7__src_main_java_com_github_sd4324530_fastweixin_servlet_WeixinSupport.java,clean,,TP,test-label,85.993,git,,
driver-auto-off,ctl,sebfz1_wicket-jquery-ui__0f6ed11d6f,sebfz1_wicket-jquery-ui__0f6ed11d6f__wicket-kendo-ui_src_main_java_com_googlecode_wicket_kendo_ui_widget_treeview_AjaxTreeView.java,clean,,TP,test-label,79.576,mergiraf,,
driver-auto-off,ctl,semanticvectors_semanticvectors__4dbe868ff9,semanticvectors_semanticvectors__4dbe868ff9__src_main_java_pitt_search_semanticvectors_LuceneUtils.java,clean,,TP,test-label,81.974,git,,
driver-auto-off,ctl,socialsensor_graphdb-benchmarks__87e995db56,socialsensor_graphdb-benchmarks__87e995db56__src_main_java_eu_socialsensor_graphdatabases_Neo4jGraphDatabase.java,clean,,TP,test-label,84.433,git,,
driver-auto-off,ctl,socialsensor_graphdb-benchmarks__87e995db56,socialsensor_graphdb-benchmarks__87e995db56__src_main_java_eu_socialsensor_graphdatabases_TitanGraphDatabase.java,clean,,TP,test-label,88.727,git,,
driver-auto-off,ctl,square_javapoet__c0f4a89bc0,square_javapoet__c0f4a89bc0__src_main_java_com_squareup_javawriter_JavaWriter.java,clean,,TP,test-label,88.32,mergiraf,,
driver-auto-off,ctl,square_javapoet__c0f4a89bc0,square_javapoet__c0f4a89bc0__src_test_java_com_squareup_javawriter_JavaWriterTest.java,clean,,TP,test-label,85.834,git,,
driver-auto-off,ctl,srt_asterisk-java__99ba7cc5bd,srt_asterisk-java__99ba7cc5bd__src_main_java_org_asteriskjava_live_internal_AsteriskServerImpl.java,clean,,TP,test-label,88.272,mergiraf,,
driver-auto-off,ctl,steveice10_mcprotocollib__ba0c6af56c,steveice10_mcprotocollib__ba0c6af56c__src_main_java_com_github_steveice10_mc_protocol_MinecraftConstants.java,conflict,textual,TN,dev-match,73.415,mergiraf,,
driver-auto-off,ctl,structr_structr__b0df448496,structr_structr__b0df448496__structr-core_src_main_java_org_structr_common_SecurityContext.java,clean,,TP,test-label,86.884,git,,
driver-auto-off,ctl,swagger-api_swagger-parser__2316e42a34,swagger-api_swagger-parser__2316e42a34__modules_swagger-parser_src_test_java_io_swagger_parser_OpenAPIParserTest.java,clean,,TP,test-label,85.146,git,,
driver-auto-off,ctl,synbiodex_libsbolj__0ceaff01a9,synbiodex_libsbolj__0ceaff01a9__core2_src_main_java_org_sbolstandard_core2_SBOLDocument.java,clean,,TP,test-label,106.596,git,,
driver-auto-off,ctl,syncleus_ferma__dc1fdab4a2,syncleus_ferma__dc1fdab4a2__totorom-tinkerpop2_src_main_java_org_jglue_totorom_FramedGraph.java,clean,,TP,test-label,79.533,git,,
driver-auto-off,ctl,t-oster_liblasercut__f64046a00a,t-oster_liblasercut__f64046a00a__src_main_java_de_thomas_oster_liblasercut_drivers_GenericGcodeDriver.java,clean,,TP,test-label,91.619,mergiraf,,
driver-auto-off,ctl,tabulapdf_tabula-java__c603b0f4aa,tabulapdf_tabula-java__c603b0f4aa__src_main_java_technology_tabula_ObjectExtractorStreamEngine.java,clean,,TP,test-label,81.348,git,,
driver-auto-off,ctl,techblue_alfresco-restclient__8e71d5b8d7,techblue_alfresco-restclient__8e71d5b8d7__src_test_java_uk_co_techblue_alfresco_client_test_AlfrescoServiceTest.java,clean,,TP,test-label,79.199,git,,
driver-auto-off,ctl,teknux-org_jetty-bootstrap__993299fa8b,teknux-org_jetty-bootstrap__993299fa8b__src_main_java_org_genux_jettybootstrap_JettyBootstrap.java,clean,,TP,test-label,82.94,mergiraf,,
driver-auto-off,ctl,teknux-org_jetty-bootstrap__993299fa8b,teknux-org_jetty-bootstrap__993299fa8b__src_main_java_org_genux_jettybootstrap_configuration_JettyConfiguration.java,clean,,TP,test-label,78.427,git,,
driver-auto-off,ctl,threeten_threeten-extra__419518c223,threeten_threeten-extra__419518c223__src_main_java_org_threeten_extra_chrono_Symmetry010Date.java,clean,,TP,test-label,85.009,git,,
driver-auto-off,ctl,threeten_threeten-extra__419518c223,threeten_threeten-extra__419518c223__src_test_java_org_threeten_extra_chrono_TestSymmetry010Chronology.java,clean,,TP,test-label,90.61,git,,
driver-auto-off,ctl,threeten_threeten-extra__f0bf686f17,threeten_threeten-extra__f0bf686f17__src_main_java_org_threeten_extra_scale_UtcInstant.java,clean,,TP,test-label,80.345,git,,
driver-auto-off,ctl,titokone_titokone__b4ac484b6a,titokone_titokone__b4ac484b6a__src_main_java_fi_helsinki_cs_titokone_Compiler.java,clean,,TP,test-label,92.714,git,,
driver-auto-off,ctl,tkelley-eg_collectd-fast-jmx__558343d132,tkelley-eg_collectd-fast-jmx__558343d132__src_main_java_org_collectd_AttributePermutation.java,clean,,TP,test-label,84.362,git,,
driver-auto-off,ctl,tupilabs_tap4j__99628e2c44,tupilabs_tap4j__99628e2c44__tap4j-ext_src_main_java_org_tap4j_ext_junit_listener_TapListener.java,clean,,TP,test-label,80.241,mergiraf,,
driver-auto-off,ctl,uklimaschewski_evalex__15aa26eab7,uklimaschewski_evalex__15aa26eab7__src_com_udojava_evalex_Expression.java,clean,,TP,test-label,91.286,mergiraf,,
driver-auto-off,ctl,unitsofmeasurement_uom-se__c2ae9d4caa,unitsofmeasurement_uom-se__c2ae9d4caa__src_main_java_tec_uom_se_AbstractUnit.java,clean,,TP,test-label,83.396,mergiraf,,
driver-auto-off,ctl,unitsofmeasurement_uom-se__c2ae9d4caa,unitsofmeasurement_uom-se__c2ae9d4caa__src_main_java_tec_uom_se_format_SimpleUnitFormat.java,clean,,TP,test-label,91.046,mergiraf,,
driver-auto-off,ctl,uwolfer_gerrit-rest-java-client__35856ab8bd,uwolfer_gerrit-rest-java-client__35856ab8bd__src_test_java_com_urswolfer_gerrit_client_rest_http_GerritRestClientTest.java,clean,,TP,test-label,87.324,mergiraf,,
driver-auto-off,ctl,verhas_djcproxy__db3b9bf795,verhas_djcproxy__db3b9bf795__src_main_java_com_javax0_djcproxy_ProxySourceFactory.java,clean,,TP,test-label,86.698,mergiraf,,
driver-auto-off,ctl,vojtechhabarta_typescript-generator__05aea6d7c1,vojtechhabarta_typescript-generator__05aea6d7c1__typescript-generator-core_src_main_java_cz_habarta_typescript_generator_ext_BeanPropertyPathExtension.java,clean,,TP,test-label,82.582,git,,
driver-auto-off,ctl,wokier_teh__4291bbd98f,wokier_teh__4291bbd98f__src_test_java_teh_perf_PerfTest.java,clean,,TP,dev-match,80.248,git,,
driver-auto-off,ctl,wvengen_proguard-maven-plugin__1cc9601e1f,wvengen_proguard-maven-plugin__1cc9601e1f__src_main_java_com_github_wvengen_maven_proguard_ProGuardMojo.java,clean,,TP,test-label,93.671,git,,
driver-auto-off,ctl,xebia_xebium__817270a3db,xebia_xebium__817270a3db__src_main_java_com_xebia_incubator_xebium_SeleniumDriverFixture.java,clean,,TP,test-label,86.44,mergiraf,,
driver-auto-off,ctl,yubico_ykneo-openpgp__2766bd7444,yubico_ykneo-openpgp__2766bd7444__applet_src_openpgpcard_OpenPGPApplet.java,clean,,TP,test-label,95.285,git,,
driver-auto-off,ctl,yubico_ykneo-openpgp__2766bd7444,yubico_ykneo-openpgp__2766bd7444__test_test_openpgpcardTest_OpenPGPAppletTest.java,clean,,TP,test-label,87.705,mergiraf,,
driver-auto-off,ctl,yubico_ykneo-openpgp__b145a6bdbc,yubico_ykneo-openpgp__b145a6bdbc__applet_src_openpgpcard_OpenPGPApplet.java,conflict,textual,FN,dev-match,86.652,git,,
driver-auto-off,ctl,yubico_ykneo-openpgp__b145a6bdbc,yubico_ykneo-openpgp__b145a6bdbc__applet_src_openpgpcard_PGPKey.java,clean,,TP,test-label,81.957,git,,
driver-auto-on,pos,ahome-it_lienzo-core__bf4b253816,ahome-it_lienzo-core__bf4b253816__src_main_java_com_ait_lienzo_client_core_shape_wires_WiresShape.java,conflict,semantic,TN,dev-match,85.992,mergiraf,JoernUnresolvedReference;RM2RenameConflict,JoernUnresolvedReference L248: Unresolved identifier 'innerLayoutContainer' in method 'onShapeResizeEnd': referenced in the merged  | RM2RenameConflict L248: Stale reference to renamed variable/field: 'innerLayoutContainer' (renamed to 'm_innerLayoutContaine
driver-auto-on,pos,alesaudate_kickstart-springjerseyhibernate__feb36bfc8e,alesaudate_kickstart-springjerseyhibernate__feb36bfc8e__src_main_java_com_alesaudate_samples_springjersey_example_People.java,conflict,textual,TN,dev-match,76.982,git,,
driver-auto-on,pos,apache_commons-lang__53184369d0,apache_commons-lang__53184369d0__src_main_java_org_apache_commons_lang3_builder_ReflectionToStringBuilder.java,clean,,FP,test-label,85.987,git,,
driver-auto-on,pos,apache_olingo-odata4__820b462f49,apache_olingo-odata4__820b462f49__lib_client-core_src_main_java_org_apache_olingo_client_core_serialization_JsonSerializer.java,clean,,FP,test-label,90.362,mergiraf,,
driver-auto-on,pos,apache_olingo-odata4__cf731c2cb8,apache_olingo-odata4__cf731c2cb8__lib_client-core_src_main_java_org_apache_olingo_client_core_serialization_JsonSerializer.java,clean,,FP,test-label,88.737,mergiraf,,
driver-auto-on,pos,apache_olingo-odata4__cf731c2cb8,apache_olingo-odata4__cf731c2cb8__lib_client-core_src_test_java_org_apache_olingo_client_core_JSONTest.java,clean,,FP,test-label,118.873,mergiraf,,
driver-auto-on,pos,apache_shiro__13806fc623,apache_shiro__13806fc623__web_src_test_java_org_apache_shiro_web_mgt_CookieRememberMeManagerTest.java,clean,,FP,test-label,86.192,mergiraf,,
driver-auto-on,pos,atam4j_atam4j__71fcecb071,atam4j_atam4j__71fcecb071__acceptance-tests_src_test_java_me_atam_atam4jsampleapp_PassingTestAcceptanceTest.java,conflict,semantic,TN,dev-match,81.596,mergiraf,ImportPruneUsage,ImportPruneUsage L38: Stale usage of pruned import: merged file uses 'PassingTest' (line 38) but the import that provided 
driver-auto-on,pos,atam4j_atam4j__71fcecb071,atam4j_atam4j__71fcecb071__acceptance-tests_src_test_java_me_atam_atam4jsampleapp_testsupport_AcceptanceTest.java,conflict,semantic,TN,dev-match,82.016,mergiraf,RM2RenameConflict,RM2RenameConflict L27: Stale caller of renamed identifier: 'getTestRunResultFromServer' (renamed to 'getCriticalTestRunResu | RM2RenameConflict L46: Stale caller of renamed identifier: 'getTestRunResultFromServer' (renamed to 'getCriticalTestRunResu | RM2RenameConflict L51: Stale caller of renamed identifier: 'getTestRunResultFromServer' (renamed to 'getCriticalTestRunResu | RM2RenameConflict L59: Stale caller of renamed identifier: 'getTestRunResultFromServer' (renamed to 'getCriticalTestRunRes
driver-auto-on,pos,azuread_azure-activedirectory-library-for-java__d3f143872b,azuread_azure-activedirectory-library-for-java__d3f143872b__src_test_java_com_microsoft_aad_adal4j_AuthenticationContextTest.java,clean,,FP,test-label,88.482,mergiraf,,
driver-auto-on,pos,bedatadriven_jackson-datatype-jts__1416f1af06,bedatadriven_jackson-datatype-jts__1416f1af06__src_main_java_com_bedatadriven_jackson_datatype_jts_GeometryDeserializer.java,conflict,textual,TN,dev-match,79.642,git,,
driver-auto-on,pos,bguerout_jongo__3aaaf0e4c7,bguerout_jongo__3aaaf0e4c7__src_main_java_org_jongo_Jongo.java,clean,,FP,test-label,81.85,mergiraf,,
driver-auto-on,pos,blockchain_api-v1-client-java__abdf54e6ab,blockchain_api-v1-client-java__abdf54e6ab__src_main_java_info_blockchain_api_HttpClient.java,clean,,FP,test-label,84.618,mergiraf,,
driver-auto-on,pos,blockchain_api-v1-client-java__e349598f95,blockchain_api-v1-client-java__e349598f95__src_main_java_info_blockchain_api_HttpClient.java,clean,,FP,test-label,81.682,mergiraf,,
driver-auto-on,pos,buddycloud_buddycloud-server-java__33ec3ec7cd,buddycloud_buddycloud-server-java__33ec3ec7cd__src_main_java_org_buddycloud_channelserver_packetprocessor_iq_namespace_pubsub_set_UnsubscribeSet.java,clean,,FP,test-label,83.301,git,,
driver-auto-on,pos,buddycloud_buddycloud-server-java__33ec3ec7cd,buddycloud_buddycloud-server-java__33ec3ec7cd__src_test_java_org_buddycloud_channelserver_packetprocessor_iq_namespace_pubsub_set_UnsubscribeSetTest.java,clean,,FP,test-label,85.001,git,,
driver-auto-on,pos,buddycloud_buddycloud-server-java__43c8b054e9,buddycloud_buddycloud-server-java__43c8b054e9__src_main_java_org_buddycloud_channelserver_packetprocessor_iq_namespace_pubsub_set_NodeDelete.java,clean,,FP,test-label,81.255,mergiraf,,
driver-auto-on,pos,buddycloud_buddycloud-server-java__43c8b054e9,buddycloud_buddycloud-server-java__43c8b054e9__src_test_java_org_buddycloud_channelserver_packetprocessor_iq_namespace_pubsub_get_SubscriptionsGetTest.java,clean,,FP,test-label,84.611,mergiraf,,
driver-auto-on,pos,buddycloud_buddycloud-server-java__48e4675ee2,buddycloud_buddycloud-server-java__48e4675ee2__src_main_java_org_buddycloud_channelserver_packetprocessor_iq_namespace_pubsub_get_RepliesGet.java,clean,,FP,test-label,81.098,mergiraf,,
driver-auto-on,pos,buddycloud_buddycloud-server-java__48e4675ee2,buddycloud_buddycloud-server-java__48e4675ee2__src_test_java_org_buddycloud_channelserver_packetprocessor_iq_namespace_pubsub_get_RepliesGetTest.java,conflict,textual,TN,dev-match,79.703,git,,
driver-auto-on,pos,buschmais_extended-objects__46ec306cf6,buschmais_extended-objects__46ec306cf6__neo4j_remote_src_main_java_com_buschmais_xo_neo4j_remote_impl_datastore_RemoteDatastoreEntityManager.java,clean,,FP,test-label,87.858,mergiraf,,
driver-auto-on,pos,camsys_onebusaway-application-modules__915e2f3ffe,camsys_onebusaway-application-modules__915e2f3ffe__onebusaway-transit-data-federation_src_main_java_org_onebusaway_transit_data_federation_impl_beans_StopWithArrivalsAndDeparturesBeanServiceImpl.java,clean,,FP,test-label,85.176,git,,
driver-auto-on,pos,camsys_onebusaway-application-modules__e779e9fce1,camsys_onebusaway-application-modules__e779e9fce1__onebusaway-transit-data_src_main_java_org_onebusaway_transit_data_model_ArrivalsAndDeparturesQueryBean.java,clean,,FP,test-label,81.588,mergiraf,,
driver-auto-on,pos,clojure_clojure__77342d2e35,clojure_clojure__77342d2e35__src_jvm_clojure_lang_Compiler.java,clean,,FP,test-label,157.996,mergiraf,,
driver-auto-on,pos,cloudfoundry_cf-java-client__80d0a0dff9,cloudfoundry_cf-java-client__80d0a0dff9__cloudfoundry-operations_src_main_java_org_cloudfoundry_operations_serviceadmin_DefaultServiceAdmin.java,clean,,FP,test-label,91.248,git,,
driver-auto-on,pos,cloudfoundry_cf-java-client__933add90ad,cloudfoundry_cf-java-client__933add90ad__cloudfoundry-operations_src_main_java_org_cloudfoundry_operations_useradmin_DefaultUserAdmin.java,clean,,FP,test-label,93.371,git,,
driver-auto-on,pos,cloudfoundry_cf-java-client__9f6b79e294,cloudfoundry_cf-java-client__9f6b79e294__cloudfoundry-operations_src_main_java_org_cloudfoundry_operations_applications_DefaultApplications.java,clean,,FP,test-label,115.483,git,,
driver-auto-on,pos,cloudfoundry_cf-java-client__a69078adc8,cloudfoundry_cf-java-client__a69078adc8__cloudfoundry-operations_src_main_java_org_cloudfoundry_operations__DefaultCloudFoundryOperations.java,clean,,FP,test-label,84.348,git,,
driver-auto-on,pos,cloudfoundry_cf-java-client__a69078adc8,cloudfoundry_cf-java-client__a69078adc8__integration-test_src_test_java_org_cloudfoundry_IntegrationTestConfiguration.java,clean,,FP,test-label,89.013,mergiraf,,
driver-auto-on,pos,cloudfoundry_cf-java-client__a9d35d542d,cloudfoundry_cf-java-client__a9d35d542d__cloudfoundry-operations_src_main_java_org_cloudfoundry_operations_routes_DefaultRoutes.java,clean,,FP,test-label,94.255,mergiraf,,
driver-auto-on,pos,cloudfoundry_cf-java-client__a9d35d542d,cloudfoundry_cf-java-client__a9d35d542d__integration-test_src_test_java_org_cloudfoundry_operations_RoutesTest.java,clean,,FP,test-label,91.058,git,,
driver-auto-on,pos,cloudfoundry_cf-java-client__b0add1ef2a,cloudfoundry_cf-java-client__b0add1ef2a__cloudfoundry-operations_src_main_java_org_cloudfoundry_operations_services_DefaultServices.java,clean,,FP,test-label,105.005,mergiraf,,
driver-auto-on,pos,cloudfoundry_cf-java-client__be097d5860,cloudfoundry_cf-java-client__be097d5860__cloudfoundry-client-reactor_src_main_java_org_cloudfoundry_reactor__DefaultConnectionContext.java,clean,,FP,test-label,84.411,mergiraf,,
driver-auto-on,pos,cloudfoundry_cf-java-client__be097d5860,cloudfoundry_cf-java-client__be097d5860__cloudfoundry-client-reactor_src_main_java_org_cloudfoundry_reactor_util_DefaultSslCertificateTruster.java,clean,,FP,test-label,85.233,mergiraf,,
driver-auto-on,pos,cloudfoundry_cf-java-client__eb3b2f5beb,cloudfoundry_cf-java-client__eb3b2f5beb__cloudfoundry-operations_src_main_java_org_cloudfoundry_operations__DefaultCloudFoundryOperations.java,clean,,FP,test-label,84.802,git,,
driver-auto-on,pos,cloudslang_score__66ba4f51e3,cloudslang_score__66ba4f51e3__score-api_src_main_java_io_cloudslang_score_lang_ExecutionRuntimeServices.java,conflict,textual,TN,dev-match,80.488,mergiraf,,
driver-auto-on,pos,comatoes_ftl-profile-editor__e87fe65818,comatoes_ftl-profile-editor__e87fe65818__src_main_java_net_blerf_ftl_parser_SavedGameParser.java,conflict,semantic,TN,dev-match,101.244,mergiraf,JoernUnresolvedReference;RM2RenameConflict,JoernUnresolvedReference L147: Unresolved identifier 'gameState' in method 'readShip': referenced in the merged file but resolvable | RM2RenameConflict L105: Stale caller of renamed identifier: 'setReservePowerCapacity' (renamed to 'setSectorNumber') still r | RM2RenameConflict L468: Stale caller of renamed identifier: 'setReservePowerCapacity' (renamed to 'setSectorNumber') still r
driver-auto-on,pos,cribbstechnologies_java-mandrill-wrapper__0cf79745f1,cribbstechnologies_java-mandrill-wrapper__0cf79745f1__src_main_java_com_cribbstechnologies_clients_mandrill_model_MandrillMessage.java,conflict,textual,TN,dev-match,76.755,git,,
driver-auto-on,pos,cribbstechnologies_java-mandrill-wrapper__0cf79745f1,cribbstechnologies_java-mandrill-wrapper__0cf79745f1__src_test_java_com_cribbstechnologies_clients_mandrill_request_MandrillRESTRequestTest.java,conflict,textual,TN,dev-match,85.148,git,,
driver-auto-on,pos,cternes_openkeepass__bb53512ab2,cternes_openkeepass__bb53512ab2__src_main_java_de_slackspace_openkeepass_KeePassDatabase.java,clean,,FP,test-label,84.791,git,,
driver-auto-on,pos,cternes_openkeepass__bb53512ab2,cternes_openkeepass__bb53512ab2__src_test_java_de_slackspace_openkeepass_reader_KeepassDatabaseReaderTest.java,conflict,textual,TN,dev-match,79.308,git,,
driver-auto-on,pos,dabsquared_gitlab-plugin__d555b8773d,dabsquared_gitlab-plugin__d555b8773d__src_main_java_com_dabsquared_gitlabjenkins_connection_GitLabConnectionConfig.java,conflict,semantic,TN,dev-match,84.35,mergiraf,JoernUnresolvedReference,JoernUnresolvedReference L164: Stale reference to a removed/renamed declaration: type 'GitLabCredentialMatcher' is referenced at th
driver-auto-on,pos,datastax_java-driver__0dd96ea21f,datastax_java-driver__0dd96ea21f__driver-core_src_main_java_com_datastax_driver_core_TableMetadata.java,conflict,textual,TN,dev-match,85.814,mergiraf,,
driver-auto-on,pos,datastax_java-driver__1f25c7e3a0,datastax_java-driver__1f25c7e3a0__driver-core_src_main_java_com_datastax_driver_core_Cluster.java,clean,,FP,test-label,99.217,git,,
driver-auto-on,pos,datastax_java-driver__1f25c7e3a0,datastax_java-driver__1f25c7e3a0__driver-core_src_main_java_com_datastax_driver_core_TypeCodec.java,conflict,textual,TN,dev-match,88.716,mergiraf,,
driver-auto-on,pos,datastax_java-driver__3eb34e6785,datastax_java-driver__3eb34e6785__driver-core_src_main_java_com_datastax_driver_core_TableMetadata.java,conflict,textual,TN,dev-match,84.067,mergiraf,,
driver-auto-on,pos,datastax_java-driver__725b790a79,datastax_java-driver__725b790a79__driver-core_src_main_java_com_datastax_driver_core_Cluster.java,conflict,semantic,TN,dev-match,88.477,mergiraf,RM2RenameConflict,RM2RenameConflict L1055: Stale caller of renamed identifier: 'shutdown' (renamed to 'close') still referenced at this line. | RM2RenameConflict L1059: Stale caller of renamed identifier: 'shutdown' (renamed to 'close') still referenced at this line. | RM2RenameConflict L1594: Stale caller of renamed identifier: 'shutdown' (renamed to 'close') still referenced at this line.
driver-auto-on,pos,datastax_java-driver__7ff4958746,datastax_java-driver__7ff4958746__driver-core_src_main_java_com_datastax_driver_core_Cluster.java,clean,,FP,test-label,100.287,mergiraf,,
driver-auto-on,pos,datastax_java-driver__7ff4958746,datastax_java-driver__7ff4958746__driver-core_src_main_java_com_datastax_driver_core_ControlConnection.java,clean,,FP,test-label,93.477,mergiraf,,
driver-auto-on,pos,datastax_java-driver__e1535e89ad,datastax_java-driver__e1535e89ad__driver-core_src_main_java_com_datastax_driver_core_HostConnectionPool.java,conflict,semantic,TN,dev-match,87.168,mergiraf,JoernUnresolvedReference,JoernUnresolvedReference L134: Stale reference to a removed/renamed declaration: variable/field 'isShutdown' is referenced at this 
driver-auto-on,pos,deemopen_zkui__2843e7c28f,deemopen_zkui__2843e7c28f__src_main_java_com_deem_zkui_controller_Import.java,clean,,FP,test-label,84.665,git,,
driver-auto-on,pos,deemopen_zkui__2843e7c28f,deemopen_zkui__2843e7c28f__src_main_java_com_deem_zkui_vo_LeafBean.java,conflict,textual,TN,dev-match,76.639,git,,
driver-auto-on,pos,digidotcom_xbeejavalibrary__6279f85f74,digidotcom_xbeejavalibrary__6279f85f74__src_com_digi_xbee_api_XBeeDevice.java,conflict,textual,TN,dev-match,84.706,mergiraf,,
driver-auto-on,pos,dius_java-faker__4c61966b1c,dius_java-faker__4c61966b1c__src_main_java_com_github_javafaker_Faker.java,clean,,FP,test-label,87.081,git,,
driver-auto-on,pos,dtrules_dtrules__505c5cbf82,dtrules_dtrules__505c5cbf82__compilerutil_src_main_java_com_dtrules_trace_Trace.java,conflict,semantic,TN,dev-match,81.798,mergiraf,ImportPruneUsage,ImportPruneUsage L102: Stale usage of pruned import: merged file uses 'RulesDirectory' (line 102) but the import that provi
driver-auto-on,pos,elisarver_selophane__4ecc600017,elisarver_selophane__4ecc600017__src_test_java_org_selophane_elements_FormTest.java,clean,,FP,test-label,83.079,git,,
driver-auto-on,pos,elisarver_selophane__4ecc600017,elisarver_selophane__4ecc600017__src_test_java_org_selophane_elements_helpers_FormTestObject.java,clean,,FP,test-label,79.887,git,,
driver-auto-on,pos,erudika_para__a9e67cc8b3,erudika_para__a9e67cc8b3__para-server_src_main_java_com_erudika_para_aop_IndexAndCacheAspect.java,conflict,semantic,TN,dev-match,90.959,mergiraf,JoernUnresolvedReference;RM2RenameConflict,JoernUnresolvedReference L109: Unresolved identifier 'm' in method 'invoke': referenced in the merged file but resolvable in neithe | RM2RenameConflict L109: Stale reference to renamed variable/field: 'm' (renamed to 'method') still referenced at this line b
driver-auto-on,pos,fasterxml_jackson-core__2572819ed9,fasterxml_jackson-core__2572819ed9__src_test_java_com_fasterxml_jackson_core_sym_TestSymbolTables.java,clean,,FP,test-label,83.091,git,,
driver-auto-on,pos,fasterxml_jackson-datatype-joda__4e6c266339,fasterxml_jackson-datatype-joda__4e6c266339__src_test_java_com_fasterxml_jackson_datatype_joda_JodaSerializationTest.java,clean,,FP,test-label,83.99,git,,
driver-auto-on,pos,feroult_yawp__141f79a8e9,feroult_yawp__141f79a8e9__src_main_java_endpoint_repository_IdRef.java,conflict,semantic,TN,dev-match,82.858,git,ImportPruneUsage,ImportPruneUsage L61: Stale usage of pruned import: merged file uses 'ArrayList' (line 61) but the import that provided it | ImportPruneUsage L60: Stale usage of pruned import: merged file uses 'List' (line 60) but the import that provided it was 
driver-auto-on,pos,feroult_yawp__1723236a65,feroult_yawp__1723236a65__src_main_java_endpoint_actions_RepositoryActions.java,conflict,semantic,TN,dev-match,83.82,mergiraf,ImportPruneUsage,ImportPruneUsage L86: Stale usage of pruned import: merged file uses 'HttpException' (line 86) but the import that provide
driver-auto-on,pos,frankbille_scoreboard__890ecd0bdb,frankbille_scoreboard__890ecd0bdb__src_main_java_dk_frankbille_scoreboard_domain_Player.java,clean,,FP,test-label,80.23,mergiraf,,
driver-auto-on,pos,garbagemule_mobarena__b34dc0d5ac,garbagemule_mobarena__b34dc0d5ac__src_main_java_com_garbagemule_MobArena_MASpawnThread.java,clean,,FP,test-label,87.792,git,,
driver-auto-on,pos,google_compile-testing__608e1cb92a,google_compile-testing__608e1cb92a__src_test_java_com_google_testing_compile_JavaSourcesSubjectFactoryTest.java,conflict,textual,FN,dev-match,78.008,git,,
driver-auto-on,pos,google_truth__2e4a23bebb,google_truth__2e4a23bebb__core_src_main_java_org_truth0_subjects_StringSubject.java,clean,,FP,test-label,82.33,git,,
driver-auto-on,pos,google_truth__2e4a23bebb,google_truth__2e4a23bebb__core_src_test_java_org_truth0_subjects_StringTest.java,conflict,semantic,TN,dev-match,81.935,git,ImportPruneUsage,ImportPruneUsage L64: Stale usage of pruned import: merged file uses 'fail' (line 64) but the import that provided it was 
driver-auto-on,pos,google_truth__9289ed34ae,google_truth__9289ed34ae__src_main_java_org_junit_contrib_truth_subjects_IterableSubject.java,conflict,textual,TN,dev-match,77.839,git,,
driver-auto-on,pos,google_truth__9289ed34ae,google_truth__9289ed34ae__src_test_java_org_junit_contrib_truth_IterableTest.java,clean,,FP,test-label,81.833,mergiraf,,
driver-auto-on,pos,greese_dasein-cloud-core__6c37152e5f,greese_dasein-cloud-core__6c37152e5f__src_main_java_org_dasein_cloud_network_LoadBalancerHealthCheck.java,conflict,textual,FN,dev-match,77.605,git,,
driver-auto-on,pos,guhilling_cdi-test__f3f8094c67,guhilling_cdi-test__f3f8094c67__cdi-test-jpa_src_test_java_de_hilling_junit_cdi_jee_EntityManagerLifecycleTest.java,clean,,FP,test-label,80.422,mergiraf,,
driver-auto-on,pos,gwtbootstrap3_gwtbootstrap3__5c0d1eab79,gwtbootstrap3_gwtbootstrap3__5c0d1eab79__gwtbootstrap3_src_main_java_org_gwtbootstrap3_client_ui_base_form_AbstractForm.java,conflict,semantic,TN,dev-match,84.591,mergiraf,JoernUnresolvedReference,"JoernUnresolvedReference L379: Stale reference to a removed/renamed declaration: type 'SubmitEvent' is referenced at this line, but"
driver-auto-on,pos,haraldwalker_user-agent-utils__eaaaa1488b,haraldwalker_user-agent-utils__eaaaa1488b__src_main_java_eu_bitwalker_useragentutils_Browser.java,clean,,FP,test-label,86.346,git,,
driver-auto-on,pos,haraldwalker_user-agent-utils__eaaaa1488b,haraldwalker_user-agent-utils__eaaaa1488b__src_main_java_eu_bitwalker_useragentutils_OperatingSystem.java,clean,,FP,test-label,83.881,git,,
driver-auto-on,pos,ignorance77_transformiceapi__9a65b8374f,ignorance77_transformiceapi__9a65b8374f__src_main_java_ee_ignorance_transformiceapi_processors_MouseDeathProcessor.java,clean,,FP,test-label,79.387,git,,
driver-auto-on,pos,imixs_imixs-workflow__23b86de5b4,imixs_imixs-workflow__23b86de5b4__imixs-workflow-index-lucene_src_main_java_org_imixs_workflow_engine_lucene_LuceneIndexService.java,clean,,FP,test-label,90.346,mergiraf,,
driver-auto-on,pos,imixs_imixs-workflow__23b86de5b4,imixs_imixs-workflow__23b86de5b4__imixs-workflow-index-lucene_src_main_java_org_imixs_workflow_engine_lucene_LuceneUpdateService.java,clean,,FP,test-label,80.293,mergiraf,,
driver-auto-on,pos,iryndin_jdbf__9853124d73,iryndin_jdbf__9853124d73__src_main_java_net_iryndin_jdbf_util_DbfMetadataUtils.java,clean,,FP,test-label,85.147,mergiraf,,
driver-auto-on,pos,j256_ormlite-core__2c159335d4,j256_ormlite-core__2c159335d4__src_main_java_com_j256_ormlite_stmt_mapped_MappedCreate.java,clean,,FP,test-label,87.019,mergiraf,,
driver-auto-on,pos,j256_ormlite-core__606986f118,j256_ormlite-core__606986f118__src_main_java_com_j256_ormlite_field_FieldType.java,clean,,FP,test-label,110.744,mergiraf,,
driver-auto-on,pos,jacquesberger_jsonparsingexample__ac521954c2,jacquesberger_jsonparsingexample__ac521954c2__src_main_java_org_jberger_jsonparsingexample_json_JSON.java,conflict,semantic,TN,dev-match,82.303,mergiraf,JoernUnresolvedReference,JoernUnresolvedReference L34: Unresolved identifier 'bookTitleList' in method 'saveToFiles': referenced in the merged file but res | JoernUnresolvedReference L43: Unresolved identifier 'outputList' in method 'initializeBookList': referenced in the merged file but
driver-auto-on,pos,jadler-mocking_jadler__294a06c3fc,jadler-mocking_jadler__294a06c3fc__jadler-core_src_main_java_net_jadler_JadlerMocker.java,clean,,FP,test-label,88.219,mergiraf,,
driver-auto-on,pos,javamoney_jsr354-api__6d2356a153,javamoney_jsr354-api__6d2356a153__money-api_provider_src_test_java_javax_money_provider_MonetaryTest.java,conflict,semantic,TN,dev-match,82.877,mergiraf,ImportPruneUsage,ImportPruneUsage L62: Stale usage of pruned import: merged file uses 'Ignore' (line 62) but the import that provided it wa
driver-auto-on,pos,javaparser_javaparser__41a398414f,javaparser_javaparser__41a398414f__javaparser-symbol-solver-core_src_main_java_com_github_javaparser_symbolsolver_javaparsermodel_JavaParserFacade.java,clean,,FP,test-label,92.922,mergiraf,,
driver-auto-on,pos,javaparser_javaparser__41a398414f,javaparser_javaparser__41a398414f__javaparser-symbol-solver-core_src_main_java_com_github_javaparser_symbolsolver_javaparsermodel_TypeExtractor.java,clean,,FP,test-label,91.263,git,,
driver-auto-on,pos,javaparser_javaparser__91ebf36c06,javaparser_javaparser__91ebf36c06__javaparser-symbol-solver-core_src_main_java_com_github_javaparser_symbolsolver_javassistmodel_JavassistClassDeclaration.java,clean,,FP,test-label,88.145,mergiraf,,
driver-auto-on,pos,javaparser_javaparser__91ebf36c06,javaparser_javaparser__91ebf36c06__javaparser-symbol-solver-testing_src_test_java_com_github_javaparser_symbolsolver_resolution_AnalyseJavaSymbolSolver060Test.java,clean,,FP,test-label,87.083,mergiraf,,
driver-auto-on,pos,javaparser_javaparser__a23c6aa3b8,javaparser_javaparser__a23c6aa3b8__javaparser-testing_src_test_java_com_github_javaparser_bdd_steps_DumpingSteps.java,clean,,FP,test-label,81.086,mergiraf,,
driver-auto-on,pos,javaparser_javaparser__dc6254f1bf,javaparser_javaparser__dc6254f1bf__javaparser-symbol-solver-core_src_main_java_com_github_javaparser_symbolsolver_javaparsermodel_declarations_JavaParserSymbolDeclaration.java,conflict,semantic,TN,dev-match,82.889,mergiraf,JoernUnresolvedReference,JoernUnresolvedReference L90: Stale reference to a removed/renamed declaration: method 'getWrappedNode' is referenced at this line
driver-auto-on,pos,javaparser_javaparser__ff91564b7f,javaparser_javaparser__ff91564b7f__javaparser-core-testing_src_test_java_com_github_javaparser_modules_ModuleDeclarationTest.java,clean,,FP,test-label,85.333,mergiraf,,
driver-auto-on,pos,jboss-msc_jboss-msc__1d9b8d45ff,jboss-msc_jboss-msc__1d9b8d45ff__src_main_java_org_jboss_msc_service_BatchInjectionBuilderImpl.java,conflict,textual,FN,dev-match,81.014,git,,
driver-auto-on,pos,jboss-msc_jboss-msc__a4e21a3b10,jboss-msc_jboss-msc__a4e21a3b10__src_main_java_org_jboss_msc_service_ServiceContainerImpl.java,clean,,FP,test-label,87.368,git,,
driver-auto-on,pos,jboss-remoting_jboss-remoting__66a0631d13,jboss-remoting_jboss-remoting__66a0631d13__src_main_java_org_jboss_remoting3_RemotingXmlParser.java,clean,,FP,test-label,86.121,git,,
driver-auto-on,pos,jcabi_jcabi-github__27cc460e3c,jcabi_jcabi-github__27cc460e3c__src_main_java_com_jcabi_github_Gist.java,clean,,FP,test-label,82.546,mergiraf,,
driver-auto-on,pos,jcabi_jcabi-github__27cc460e3c,jcabi_jcabi-github__27cc460e3c__src_test_java_com_jcabi_github_RtGistITCase.java,conflict,semantic,TN,dev-match,81.593,mergiraf,RM2RenameConflict,RM2RenameConflict L82: Stale caller of renamed identifier: 'gist' (renamed to 'github') still referenced at this line.
driver-auto-on,pos,jcabi_jcabi-github__b13d2596ba,jcabi_jcabi-github__b13d2596ba__src_test_java_com_jcabi_github_RtIssueITCase.java,conflict,textual,TN,dev-match,78.402,git,,
driver-auto-on,pos,jcabi_jcabi-github__b13d2596ba,jcabi_jcabi-github__b13d2596ba__src_test_java_com_jcabi_github_RtMilestonesITCase.java,conflict,semantic,TN,dev-match,82.552,mergiraf,JoernUnresolvedReference,"JoernUnresolvedReference L95: Stale reference to a removed/renamed declaration: method 'milestones' is referenced at this line, bu | JoernUnresolvedReference L115: Stale reference to a removed/renamed declaration: method 'milestones' is referenced at this line, bu"
driver-auto-on,pos,jcabi_jcabi-github__e18a8ffd16,jcabi_jcabi-github__e18a8ffd16__src_test_java_com_jcabi_github_RtHooksITCase.java,conflict,semantic,TN,dev-match,81.524,mergiraf,RM2RenameConflict,RM2RenameConflict L60: Stale caller of renamed identifier: 'repo' (renamed to 'repos') still referenced at this line. | RM2RenameConflict L99: Stale caller of renamed identifier: 'repo' (renamed to 'repos') still referenced at this line. | RM2RenameConflict L122: Stale caller of renamed identifier: 'repo' (renamed to 'repos') still referenced at this line. | RM2RenameConflict L154: Stale caller of renamed identifier: 'repo' (renamed to 'repos') still referenced at this line.
driver-auto-on,pos,jcabi_jcabi-http__0c63dd0c75,jcabi_jcabi-http__0c63dd0c75__src_main_java_com_jcabi_http_mock_MkQueryMatchers.java,clean,,TP,dev-match,79.864,git,,
driver-auto-on,pos,jdupl_lancoder__407742ea19,jdupl_lancoder__407742ea19__src_main_java_org_lancoder_Main.java,clean,,FP,test-label,84.748,git,,
driver-auto-on,pos,jdupl_lancoder__407742ea19,jdupl_lancoder__407742ea19__src_main_java_org_lancoder_master_api_web_ApiServer.java,conflict,textual,FN,dev-match,77.755,git,,
driver-auto-on,pos,jenkinsci_coverity-plugin__2fb8690816,jenkinsci_coverity-plugin__2fb8690816__src_main_java_jenkins_plugins_coverity_CoverityTool_CoverityToolHandler.java,clean,,FP,test-label,88.186,git,,
driver-auto-on,pos,jenkinsci_coverity-plugin__62bdb6232e,jenkinsci_coverity-plugin__62bdb6232e__src_main_java_jenkins_plugins_coverity_ws_DefectReader.java,clean,,FP,test-label,84.605,mergiraf,,
driver-auto-on,pos,jenkinsci_coverity-plugin__62bdb6232e,jenkinsci_coverity-plugin__62bdb6232e__src_test_java_jenkins_plugins_coverity_ws_DefectReaderTest.java,clean,,FP,test-label,84.337,git,,
driver-auto-on,pos,jenkinsci_credentials-plugin__b9cb5f9d1b,jenkinsci_credentials-plugin__b9cb5f9d1b__src_test_java_com_cloudbees_plugins_credentials_casc_CredentialsCategoryTest.java,conflict,semantic,TN,dev-match,82.854,mergiraf,ImportPruneUsage,ImportPruneUsage L98: Stale usage of pruned import: merged file uses 'ConfigurationAsCode' (line 98) but the import that p | ImportPruneUsage L97: Stale usage of pruned import: merged file uses 'ByteArrayOutputStream' (line 97) but the import that
driver-auto-on,pos,jenkinsci_docker-build-publish-plugin__59faa9673c,jenkinsci_docker-build-publish-plugin__59faa9673c__src_main_java_com_cloudbees_dockerpublish_DockerBuilder.java,clean,,FP,test-label,91.582,mergiraf,,
driver-auto-on,pos,jenkinsci_email-ext-plugin__4def0e56a8,jenkinsci_email-ext-plugin__4def0e56a8__src_test_java_hudson_plugins_emailext_recipients_EmailRecipientUtilsTest.java,clean,,FP,test-label,85.627,git,,
driver-auto-on,pos,jenkinsci_jira-plugin__0eec353cb5,jenkinsci_jira-plugin__0eec353cb5__src_main_java_hudson_plugins_jira_JiraSite.java,clean,,FP,test-label,90.324,git,,
driver-auto-on,pos,jenkinsci_jira-plugin__6ad78581c9,jenkinsci_jira-plugin__6ad78581c9__src_main_java_hudson_plugins_jira_JiraChangeLogAnnotator.java,clean,,FP,test-label,84.578,git,,
driver-auto-on,pos,jenkinsci_jira-plugin__6ad78581c9,jenkinsci_jira-plugin__6ad78581c9__src_main_java_hudson_plugins_jira_JiraSite.java,clean,,FP,test-label,89.883,mergiraf,,
driver-auto-on,pos,jenkinsci_ldap-plugin__3eee59e25a,jenkinsci_ldap-plugin__3eee59e25a__src_main_java_hudson_security_LDAPSecurityRealm.java,clean,,FP,test-label,103.604,mergiraf,,
driver-auto-on,pos,jenkinsci_ui-samples-plugin__81bf937a3d,jenkinsci_ui-samples-plugin__81bf937a3d__src_main_java_io_jenkins_plugins_designlibrary_Root.java,conflict,textual,TN,dev-match,77.865,git,,
driver-auto-on,pos,jline_jline2__348cb9dada,jline_jline2__348cb9dada__src_main_java_jline_console_ConsoleReader.java,clean,,FP,test-label,115.828,mergiraf,,
driver-auto-on,pos,jline_jline2__348cb9dada,jline_jline2__348cb9dada__src_test_java_jline_console_ConsoleReaderTestSupport.java,clean,,FP,test-label,85.12,git,,
driver-auto-on,pos,jline_jline2__5869eaa93a,jline_jline2__5869eaa93a__src_main_java_jline_console_ConsoleReader.java,conflict,textual,TN,dev-match,90.147,mergiraf,,
driver-auto-on,pos,jmetal_jmetal__162d1a63b7,jmetal_jmetal__162d1a63b7__jmetal-core_src_main_java_org_uma_jmetal_util_SolutionListUtils.java,clean,,FP,test-label,87.214,mergiraf,,
driver-auto-on,pos,jmetal_jmetal__162d1a63b7,jmetal_jmetal__162d1a63b7__jmetal-core_src_main_java_org_uma_jmetal_util_neighborhood_impl_AdaptiveRandomNeighborhood.java,clean,,FP,test-label,83.803,mergiraf,,
driver-auto-on,pos,jmetal_jmetal__7d9295f890,jmetal_jmetal__7d9295f890__jmetal-problem_src_main_java_org_uma_jmetal_problem_multiobjective_MultiobjectiveTSP.java,clean,,FP,test-label,84.812,mergiraf,,
driver-auto-on,pos,jmetal_jmetal__b4630972a8,jmetal_jmetal__b4630972a8__jmetal-auto_src_main_java_org_uma_jmetal_auto_parameter_Parameter.java,clean,,FP,test-label,83.449,mergiraf,,
driver-auto-on,pos,jnr_jnr-unixsocket__467698b6bd,jnr_jnr-unixsocket__467698b6bd__src_main_java_jnr_unixsocket_Native.java,conflict,semantic,TN,dev-match,85.178,mergiraf,ImportPruneUsage,ImportPruneUsage L161: Stale usage of pruned import: merged file uses 'Pointer' (line 161) but the import that provided it  | ImportPruneUsage L160: Stale usage of pruned import: merged file uses 'Struct' (line 160) but the import that provided it w
driver-auto-on,pos,jnr_jnr-unixsocket__467698b6bd,jnr_jnr-unixsocket__467698b6bd__src_main_java_jnr_unixsocket_UnixSocketChannel.java,clean,,FP,test-label,84.193,git,,
driver-auto-on,pos,jnr_jnr-unixsocket__f8f34e5634,jnr_jnr-unixsocket__f8f34e5634__src_main_java_jnr_unixsocket_Native.java,conflict,semantic,TN,dev-match,84.659,mergiraf,ImportPruneUsage,ImportPruneUsage L71: Stale usage of pruned import: merged file uses 'LibraryLoader' (line 71) but the import that provide
driver-auto-on,pos,joel-costigliola_assertj-core__1b4ad829f3,joel-costigliola_assertj-core__1b4ad829f3__src_test_java_org_assertj_core_api_SoftAssertionsTest.java,clean,,FP,test-label,92.441,mergiraf,,
driver-auto-on,pos,joel-costigliola_assertj-core__74baae279d,joel-costigliola_assertj-core__74baae279d__src_main_java_org_assertj_core_api_AbstractMapAssert.java,clean,,FP,test-label,85.753,mergiraf,,
driver-auto-on,pos,joel-costigliola_assertj-core__74baae279d,joel-costigliola_assertj-core__74baae279d__src_main_java_org_assertj_core_api_AbstractObjectAssert.java,clean,,TP,dev-match,82.856,git,,
driver-auto-on,pos,jparsec_jparsec__ef02642abd,jparsec_jparsec__ef02642abd__src_main_java_org_codehaus_jparsec_Parser.java,conflict,textual,TN,dev-match,81.472,git,,
driver-auto-on,pos,jsprit_jsprit__5cf6758085,jsprit_jsprit__5cf6758085__jsprit-core_src_test_java_jsprit_core_analysis_SolutionAnalyserTest.java,clean,,FP,test-label,110.593,git,,
driver-auto-on,pos,jwtk_jjwt__ff932e9838,jwtk_jjwt__ff932e9838__src_main_java_io_jsonwebtoken_impl_DefaultJwtParser.java,clean,,FP,test-label,90.866,mergiraf,,
driver-auto-on,pos,k3po_k3po__084cc0b426,k3po_k3po__084cc0b426__specification_wse_src_test_java_org_kaazing_specification_wse_data_BinaryAsEscapedTextIT.java,clean,,FP,test-label,80.687,mergiraf,,
driver-auto-on,pos,kaazing_k3po__084cc0b426,kaazing_k3po__084cc0b426__specification_wse_src_test_java_org_kaazing_specification_wse_data_BinaryAsEscapedTextIT.java,clean,,FP,test-label,81.297,mergiraf,,
driver-auto-on,pos,kaazing_robot__084cc0b426,kaazing_robot__084cc0b426__specification_wse_src_test_java_org_kaazing_specification_wse_data_BinaryAsEscapedTextIT.java,clean,,FP,test-label,81.25,mergiraf,,
driver-auto-on,pos,kohsuke_github-api__4e56b8bb78,kohsuke_github-api__4e56b8bb78__src_main_java_org_kohsuke_github_GHRepository.java,conflict,textual,TN,dev-match,97.484,git,,
driver-auto-on,pos,kohsuke_github-api__4e56b8bb78,kohsuke_github-api__4e56b8bb78__src_main_java_org_kohsuke_github_Requester.java,clean,,FP,test-label,92.582,git,,
driver-auto-on,pos,kongchen_swagger-maven-plugin__1e61731653,kongchen_swagger-maven-plugin__1e61731653__src_main_java_com_github_kongchen_swagger_docgen_reader_SpringMvcApiReader.java,clean,,FP,test-label,91.842,git,,
driver-auto-on,pos,kongchen_swagger-maven-plugin__3d2ea22d07,kongchen_swagger-maven-plugin__3d2ea22d07__src_main_java_com_github_kongchen_swagger_docgen_reader_AbstractReader.java,clean,,FP,test-label,92.183,mergiraf,,
driver-auto-on,pos,learning-layers_socialsemanticserver__4ada3cddc3,learning-layers_socialsemanticserver__4ada3cddc3__serv_serv.custom_serv.custom.caller_src_main_java_at_tugraz_sss_serv_caller_SSServCaller.java,conflict,textual,TN,dev-match,90.347,git,,
driver-auto-on,pos,learning-layers_socialsemanticserver__4ada3cddc3,learning-layers_socialsemanticserver__4ada3cddc3__serv_serv.custom_serv.custom.ops_src_main_java_at_tugraz_sss_serv_SSServOpE.java,clean,,FP,test-label,82.038,git,,
driver-auto-on,pos,lwhite1_tablesaw__13178c81a1,lwhite1_tablesaw__13178c81a1__core_src_main_java_tech_tablesaw_api_DateTimeColumn.java,clean,,FP,test-label,92.695,mergiraf,,
driver-auto-on,pos,mashape_unirest-java__121f85b819,mashape_unirest-java__121f85b819__src_test_java_com_mashape_unirest_test_http_UnirestTest.java,conflict,textual,TN,dev-match,85.647,git,,
driver-auto-on,pos,mashape_unirest-java__b43fb95f4a,mashape_unirest-java__b43fb95f4a__src_test_java_com_mashape_unirest_test_http_UnirestTest.java,conflict,textual,TN,dev-match,85.319,git,,
driver-auto-on,pos,mbosecke_pebble__617aab328f,mbosecke_pebble__617aab328f__src_main_java_com_mitchellbosecke_pebble_extension_core_CoreExtension.java,clean,,FP,test-label,85.021,mergiraf,,
driver-auto-on,pos,mbosecke_pebble__617aab328f,mbosecke_pebble__617aab328f__src_test_java_com_mitchellbosecke_pebble_CoreTagsTest.java,clean,,FP,test-label,91.26,mergiraf,,
driver-auto-on,pos,mercadopago_sdk-java__b7498c6f9d,mercadopago_sdk-java__b7498c6f9d__src_main_java_com_mercadopago_client_payment_PaymentRefundClient.java,clean,,FP,test-label,82.924,git,,
driver-auto-on,pos,mikera_vectorz__d93ef1b341,mikera_vectorz__d93ef1b341__src_test_java_mikera_matrixx_TestMatrices.java,conflict,semantic,TN,dev-match,90.744,git,ImportPruneUsage,ImportPruneUsage L581: Stale usage of pruned import: merged file uses 'Random' (line 581) but the import that provided it w
driver-auto-on,pos,mitre_http-proxy-servlet__b7a68118f2,mitre_http-proxy-servlet__b7a68118f2__src_main_java_org_mitre_dsmiley_httpproxy_ProxyServlet.java,clean,,FP,test-label,88.52,mergiraf,,
driver-auto-on,pos,mixpanel_mixpanel-java__bcdd1ed28f,mixpanel_mixpanel-java__bcdd1ed28f__src_main_java_com_mixpanel_mixpanelapi_MixpanelAPI.java,conflict,textual,TN,dev-match,80.338,git,,
driver-auto-on,pos,monitorjbl_excel-streaming-reader__8698befdf4,monitorjbl_excel-streaming-reader__8698befdf4__src_main_java_com_monitorjbl_xlsx_impl_StreamingRow.java,clean,,TP,dev-match,82.796,git,,
driver-auto-on,pos,monitorjbl_excel-streaming-reader__8698befdf4,monitorjbl_excel-streaming-reader__8698befdf4__src_test_java_com_monitorjbl_xlsx_StreamingReaderTest.java,conflict,textual,TN,dev-match,84.491,git,,
driver-auto-on,pos,movsim_movsim__00d5222b61,movsim_movsim__00d5222b61__src_main_java_org_movsim_simulator_roadSection_impl_RoadSectionImpl.java,conflict,textual,TN,dev-match,81.672,mergiraf,,
driver-auto-on,pos,movsim_movsim__6dae25caf7,movsim_movsim__6dae25caf7__core_src_main_java_org_movsim_SimulationScan.java,conflict,semantic,TN,dev-match,83.343,mergiraf,ImportPruneUsage,ImportPruneUsage L41: Stale usage of pruned import: merged file uses 'ProjectMetaData' (line 41) but the import that provi | ImportPruneUsage L41: Stale usage of pruned import: merged file uses 'MovsimInputLoader' (line 41) but the import that pro
driver-auto-on,pos,movsim_movsim__6dae25caf7,movsim_movsim__6dae25caf7__core_src_main_java_org_movsim_simulator_roadnetwork_RoadSegment.java,clean,,FP,test-label,96.721,mergiraf,,
driver-auto-on,pos,msopentech_azure-activedirectory-library-for-java__d3f143872b,msopentech_azure-activedirectory-library-for-java__d3f143872b__src_test_java_com_microsoft_aad_adal4j_AuthenticationContextTest.java,clean,,FP,test-label,88.26,mergiraf,,
driver-auto-on,pos,named-data_jndn__3d47402192,named-data_jndn__3d47402192__src_net_named_data_jndn_NetworkNack.java,clean,,FP,test-label,82.147,git,,
driver-auto-on,pos,named-data_jndn__e0db451bf1,named-data_jndn__e0db451bf1__src_net_named_data_jndn_Face.java,clean,,FP,test-label,88.405,mergiraf,,
driver-auto-on,pos,ninjaframework_ninja__31737c1a10,ninjaframework_ninja__31737c1a10__ninja-servlet_src_main_java_ninja_servlet_ContextImpl.java,clean,,FP,test-label,89.85,mergiraf,,
driver-auto-on,pos,ninjaframework_ninja__31737c1a10,ninjaframework_ninja__31737c1a10__ninja-servlet_src_test_java_ninja_servlet_ContextImplTest.java,clean,,FP,test-label,91.442,mergiraf,,
driver-auto-on,pos,ninjaframework_ninja__45bb542cb4,ninjaframework_ninja__45bb542cb4__ninja-core_src_main_java_ninja_AssetsController.java,conflict,textual,TN,dev-match,79.031,git,,
driver-auto-on,pos,ninjaframework_ninja__45bb542cb4,ninjaframework_ninja__45bb542cb4__ninja-demo-application_src_test_java_controllers_ApplicationControllerTest.java,conflict,textual,TN,dev-match,79.09,git,,
driver-auto-on,pos,ninjaframework_ninja__663883c228,ninjaframework_ninja__663883c228__ninja-core_src_main_java_ninja_utils_NinjaProperties.java,clean,,FP,test-label,79.533,git,,
driver-auto-on,pos,ninjaframework_ninja__663883c228,ninjaframework_ninja__663883c228__ninja-core_src_main_java_ninja_utils_NinjaPropertiesImpl.java,clean,,FP,test-label,86.044,mergiraf,,
driver-auto-on,pos,ninjaframework_ninja__94b2365be3,ninjaframework_ninja__94b2365be3__ninja-core_src_main_java_ninja_Context.java,clean,,FP,test-label,82.18,mergiraf,,
driver-auto-on,pos,ninjaframework_ninja__94b2365be3,ninjaframework_ninja__94b2365be3__ninja-core_src_main_java_ninja_ContextImpl.java,conflict,semantic,TN,dev-match,87.063,mergiraf,ImportPruneUsage,ImportPruneUsage L185: Stale usage of pruned import: merged file uses 'Cookie' (line 185) but the import that provided it w
driver-auto-on,pos,northlander_a__c3f2865b88,northlander_a__c3f2865b88__src_test_java_co_nordlander_a_BaseTest.java,conflict,textual,TN,dev-match,84.042,git,,
driver-auto-on,pos,nuodb_migration-tools__2e1f6973c4,nuodb_migration-tools__2e1f6973c4__src_test_java_com_nuodb_tools_migration_jdbc_metamodel_DatabaseIntrospectorTest.java,clean,,FP,test-label,83.377,mergiraf,,
driver-auto-on,pos,nurkiewicz_java8-workshop__f5918aa79c,nurkiewicz_java8-workshop__f5918aa79c__src_main_java_com_nurkiewicz_java8_holidays_PolishHolidays.java,clean,,FP,test-label,81.736,git,,
driver-auto-on,pos,nysenate_openlegislation__9c7cf034c1,nysenate_openlegislation__9c7cf034c1__src_main_java_gov_nysenate_openleg_search_committee_ElasticCommitteeSearchDao.java,clean,,FP,test-label,85.791,mergiraf,,
driver-auto-on,pos,okleine_ncoap__99de16a6d2,okleine_ncoap__99de16a6d2__src_main_java_de_uniluebeck_itm_spitfire_nCoap_message_CoapRequest.java,clean,,FP,test-label,87.345,git,,
driver-auto-on,pos,onebusaway_onebusaway-application-modules__915e2f3ffe,onebusaway_onebusaway-application-modules__915e2f3ffe__onebusaway-transit-data-federation_src_main_java_org_onebusaway_transit_data_federation_impl_beans_StopWithArrivalsAndDeparturesBeanServiceImpl.java,clean,,FP,test-label,86.779,git,,
driver-auto-on,pos,onebusaway_onebusaway-application-modules__e779e9fce1,onebusaway_onebusaway-application-modules__e779e9fce1__onebusaway-transit-data_src_main_java_org_onebusaway_transit_data_model_ArrivalsAndDeparturesQueryBean.java,clean,,FP,test-label,84.163,mergiraf,,
driver-auto-on,pos,openhft_chronicle-bytes__5bad7e86ea,openhft_chronicle-bytes__5bad7e86ea__src_main_java_net_openhft_chronicle_bytes_NativeBytes.java,clean,,FP,test-label,87.981,git,,
driver-auto-on,pos,openhft_chronicle-bytes__a9e7269a84,openhft_chronicle-bytes__a9e7269a84__src_main_java_net_openhft_chronicle_bytes_MappedFile.java,conflict,textual,TN,dev-match,82.005,mergiraf,,
driver-auto-on,pos,openhft_chronicle-bytes__e3ac571d25,openhft_chronicle-bytes__e3ac571d25__src_test_java_net_openhft_chronicle_bytes_BytesTest.java,conflict,textual,TN,dev-match,85.788,git,,
driver-auto-on,pos,openhft_chronicle-network__fb39c8ca3b,openhft_chronicle-network__fb39c8ca3b__src_main_java_net_openhft_chronicle_network_cluster_Cluster.java,conflict,textual,TN,dev-match,80.96,mergiraf,,
driver-auto-on,pos,openpnp_openpnp__93126880a6,openpnp_openpnp__93126880a6__src_main_java_org_openpnp_gui_MainFrame.java,clean,,FP,test-label,207.769,mergiraf,,
driver-auto-on,pos,openpnp_openpnp__a3cca4daba,openpnp_openpnp__a3cca4daba__src_main_java_org_openpnp_machine_reference_ReferenceNozzle.java,conflict,textual,TN,dev-match,88.189,git,,
driver-auto-on,pos,openpnp_openpnp__a3cca4daba,openpnp_openpnp__a3cca4daba__src_main_java_org_openpnp_machine_reference_ReferenceNozzleTip.java,clean,,FP,test-label,90.756,mergiraf,,
driver-auto-on,pos,openpnp_openpnp__fb30708fe0,openpnp_openpnp__fb30708fe0__src_main_java_org_openpnp_machine_reference_driver_GcodeDriver.java,clean,,FP,test-label,101.038,mergiraf,,
driver-auto-on,pos,prism_prism-bukkit__15140fadb2,prism_prism-bukkit__15140fadb2__src_main_java_me_botsko_prism_Prism.java,clean,,FP,test-label,92.482,mergiraf,,
driver-auto-on,pos,prism_prism-bukkit__6dfb9ef0cf,prism_prism-bukkit__6dfb9ef0cf__src_main_java_me_botsko_prism_commands_NearCommand.java,clean,,FP,test-label,85.749,git,,
driver-auto-on,pos,prism_prism-bukkit__74927cacad,prism_prism-bukkit__74927cacad__src_main_java_me_botsko_prism_actionlibs_ActionsQuery.java,conflict,textual,TN,dev-match,79.944,git,,
driver-auto-on,pos,prism_prism-bukkit__74927cacad,prism_prism-bukkit__74927cacad__src_main_java_me_botsko_prism_database_DeleteQuery.java,clean,,FP,test-label,77.828,git,,
driver-auto-on,pos,progether_jadventure__9ce4a7106c,progether_jadventure__9ce4a7106c__src_main_java_com_jadventure_game_navigation_LocationType.java,conflict,textual,TN,dev-match,76.78,git,,
driver-auto-on,pos,progether_jadventure__9ce4a7106c,progether_jadventure__9ce4a7106c__src_main_java_com_jadventure_game_prompts_CommandCollection.java,clean,,FP,test-label,88.107,mergiraf,,
driver-auto-on,pos,progether_jadventure__e28401af85,progether_jadventure__e28401af85__src_main_java_com_jadventure_game_prompts_CommandParser.java,conflict,semantic,FN,dev-match,78.013,git,RM2RenameConflict,"RM2RenameConflict L0: RM2RenameConflict analysis inconclusive: RM2 invocation failed on (base, merged); see stderr for det"
driver-auto-on,pos,projectblueshift_blueshiftapi__004679e5bb,projectblueshift_blueshiftapi__004679e5bb__src_main_java_net_tridentsdk_chat_ChatComponent.java,clean,,FP,test-label,86.929,mergiraf,,
driver-auto-on,pos,recruit-tech_redpen__58d3096f6c,recruit-tech_redpen__58d3096f6c__redpen-core_src_test_java_cc_redpen_parser_SentenceExtractorTest.java,clean,,FP,test-label,87.472,git,,
driver-auto-on,pos,relayrides_pushy__6badde9538,relayrides_pushy__6badde9538__src_main_java_com_relayrides_pushy_apns_PushManager.java,clean,,FP,test-label,89.193,mergiraf,,
driver-auto-on,pos,sailthru_sailthru-java-client__ee1f917600,sailthru_sailthru-java-client__ee1f917600__src_main_com_sailthru_client_exceptions_ApiException.java,clean,,FP,test-label,83.285,mergiraf,,
driver-auto-on,pos,samskivert_jmustache__940af397c4,samskivert_jmustache__940af397c4__src_main_java_com_samskivert_mustache_Mustache.java,clean,,FP,test-label,96.794,mergiraf,,
driver-auto-on,pos,sander2798_enderstone__3de930e0ed,sander2798_enderstone__3de930e0ed__src_org_enderstone_server_entity_EnderPlayer.java,clean,,FP,test-label,102.198,git,,
driver-auto-on,pos,sander2798_enderstone__b515bac1b0,sander2798_enderstone__b515bac1b0__src_org_enderstone_server_packet_codec_MinecraftServerCodex.java,conflict,semantic,FN,dev-match,86.239,mergiraf,ImportPruneUsage,ImportPruneUsage L116: Stale usage of pruned import: merged file uses 'EnderLogger' (line 116) but the import that provided
driver-auto-on,pos,sandergielisse_enderstone__3de930e0ed,sandergielisse_enderstone__3de930e0ed__src_org_enderstone_server_entity_EnderPlayer.java,clean,,FP,test-label,103.188,git,,
driver-auto-on,pos,sandergielisse_enderstone__b515bac1b0,sandergielisse_enderstone__b515bac1b0__src_org_enderstone_server_packet_codec_MinecraftServerCodex.java,conflict,semantic,FN,dev-match,85.744,mergiraf,ImportPruneUsage,ImportPruneUsage L116: Stale usage of pruned import: merged file uses 'EnderLogger' (line 116) but the import that provided
driver-auto-on,pos,segmentio_analytics-java__0d4a7b4e69,segmentio_analytics-java__0d4a7b4e69__analytics_src_main_java_com_segment_analytics_internal_AnalyticsClient.java,clean,,FP,test-label,89.688,mergiraf,,
driver-auto-on,pos,segmentio_analytics-java__0d4a7b4e69,segmentio_analytics-java__0d4a7b4e69__analytics_src_test_java_com_segment_analytics_internal_AnalyticsClientTest.java,conflict,semantic,TN,dev-match,95.178,mergiraf,ImportPruneUsage,ImportPruneUsage L733: Stale usage of pruned import: merged file uses 'spy' (line 733) but the import that provided it was 
driver-auto-on,pos,skyscreamer_nevado__cdc23cde46,skyscreamer_nevado__cdc23cde46__nevado-jms_src_main_java_org_skyscreamer_nevado_jms_connector_amazonaws_AmazonAwsSQSConnectorFactory.java,clean,,FP,test-label,82.605,mergiraf,,
driver-auto-on,pos,softinstigate_restheart__98dda32101,softinstigate_restheart__98dda32101__graphql_src_main_java_org_restheart_graphql_GraphQLService.java,conflict,semantic,TN,dev-match,90.229,mergiraf,JoernUnresolvedReference;RM2RenameConflict,JoernUnresolvedReference L138: Unresolved identifier 'request' in method 'handle': referenced in the merged file but resolvable in  | JoernUnresolvedReference L143: Unresolved identifier 'response' in method 'handle': referenced in the merged file but resolvable in | RM2RenameConflict L138: Stale reference to renamed variable/field: 'request' (renamed to 'req') still referenced at this lin | RM2RenameConflict L141: Stale reference to renamed variable/field: 'request' (renamed to 'req') still ref
driver-auto-on,pos,softinstigate_restheart__b196d4fc15,softinstigate_restheart__b196d4fc15__graphql_src_main_java_org_restheart_graphql_scalars_BsonScalars.java,clean,,FP,test-label,84.209,mergiraf,,
driver-auto-on,pos,softinstigate_restheart__d8673744dc,softinstigate_restheart__d8673744dc__src_main_java_org_restheart_handlers_RequestContext.java,clean,,FP,test-label,98.125,git,,
driver-auto-on,pos,softinstigate_restheart__d8673744dc,softinstigate_restheart__d8673744dc__src_main_java_org_restheart_handlers_RequestDispatcherHandler.java,conflict,textual,TN,dev-match,89.777,git,,
driver-auto-on,pos,sps_pushover4j__88cd636fab,sps_pushover4j__88cd636fab__src_main_java_net_pushover_client_PushoverResponseFactory.java,conflict,textual,TN,dev-match,80.183,git,,
driver-auto-on,pos,sps_pushover4j__88cd636fab,sps_pushover4j__88cd636fab__src_test_java_net_pushover_client_PushoverResponseFactoryTest.java,clean,,FP,test-label,85.57,git,,
driver-auto-on,pos,square_javapoet__d019b6f624,square_javapoet__d019b6f624__src_main_java_com_squareup_javawriter_JavaWriter.java,conflict,semantic,TN,dev-match,93.957,mergiraf,ImportPruneUsage,ImportPruneUsage L95: Stale usage of pruned import: merged file uses 'ArrayList' (line 95) but the import that provided it
driver-auto-on,pos,square_javapoet__d019b6f624,square_javapoet__d019b6f624__src_test_java_com_squareup_javawriter_JavaWriterTest.java,clean,,FP,test-label,92.546,git,,
driver-auto-on,pos,sstrickx_yahoofinance-api__216ad70070,sstrickx_yahoofinance-api__216ad70070__src_main_java_stockagent_RuleBasedAgent.java,clean,,FP,test-label,83.947,git,,
driver-auto-on,pos,steveice10_mcprotocollib__5c8a435832,steveice10_mcprotocollib__5c8a435832__src_main_java_com_github_steveice10_mc_protocol_data_message_style_MessageStyle.java,clean,,FP,test-label,84.187,mergiraf,,
driver-auto-on,pos,steveice10_packetlib__295cf3e47a,steveice10_packetlib__295cf3e47a__src_main_java_com_github_steveice10_packetlib_tcp_TcpClientSession.java,conflict,textual,TN,dev-match,84.092,mergiraf,,
driver-auto-on,pos,swagger-api_swagger-parser__41ccee4da3,swagger-api_swagger-parser__41ccee4da3__modules_swagger-parser-v3_src_test_java_io_swagger_v3_parser_test_OpenAPIV3ParserTest.java,conflict,textual,TN,dev-match,99.107,git,,
driver-auto-on,pos,swagger-api_swagger-parser__59a85a29da,swagger-api_swagger-parser__59a85a29da__modules_swagger-parser-v3_src_test_java_io_swagger_v3_parser_test_OpenAPIV3ParserTest.java,conflict,textual,TN,dev-match,98.218,git,,
driver-auto-on,pos,tabulapdf_tabula-java__767699f3aa,tabulapdf_tabula-java__767699f3aa__src_main_java_technology_tabula_detectors_RegexSearch.java,conflict,textual,TN,dev-match,91.952,mergiraf,,
driver-auto-on,pos,tabulapdf_tabula-java__767699f3aa,tabulapdf_tabula-java__767699f3aa__src_test_java_technology_tabula_TestRegexSearch.java,clean,,FP,test-label,95.189,mergiraf,,
driver-auto-on,pos,tcurdt_jdeb__77d052996a,tcurdt_jdeb__77d052996a__src_main_java_org_vafer_jdeb_DataBuilder.java,clean,,FP,test-label,90.08,mergiraf,,
driver-auto-on,pos,tcurdt_jdeb__77d052996a,tcurdt_jdeb__77d052996a__src_test_java_org_vafer_jdeb_DataBuilderTestCase.java,clean,,FP,test-label,83.022,git,,
driver-auto-on,pos,thenewcircle_spring-hibernate-20120924__7ec9c1b4bb,thenewcircle_spring-hibernate-20120924__7ec9c1b4bb__src_main_java_com_marakana_contacts_controllers_ContactController.java,conflict,textual,TN,dev-match,79.208,git,,
driver-auto-on,pos,tridentsdk_tridentsdk__004679e5bb,tridentsdk_tridentsdk__004679e5bb__src_main_java_net_tridentsdk_chat_ChatComponent.java,clean,,FP,test-label,87.416,mergiraf,,
driver-auto-on,pos,tumblr_jumblr__31bd6f8335,tumblr_jumblr__31bd6f8335__src_main_java_com_tumblr_jumblr_exceptions_JumblrException.java,conflict,semantic,TN,dev-match,84.163,mergiraf,ImportPruneUsage,ImportPruneUsage L36: Stale usage of pruned import: merged file uses 'JsonElement' (line 36) but the import that provided 
driver-auto-on,pos,tumblr_jumblr__31bd6f8335,tumblr_jumblr__31bd6f8335__src_main_java_com_tumblr_jumblr_request_RequestBuilder.java,clean,,FP,test-label,85.596,mergiraf,,
driver-auto-on,pos,urbanairship_datacube__b8bef94f4d,urbanairship_datacube__b8bef94f4d__src_main_java_com_urbanairship_datacube_DataCubeIo.java,clean,,FP,test-label,88.671,mergiraf,,
driver-auto-on,pos,urbanairship_datacube__b8bef94f4d,urbanairship_datacube__b8bef94f4d__src_main_java_com_urbanairship_datacube_dbharnesses_HBaseDbHarness.java,clean,,FP,test-label,90.173,mergiraf,,
driver-auto-on,pos,urbanairship_java-library__bbe0297a10,urbanairship_java-library__bbe0297a10__src_test_java_com_urbanairship_api_customevents_model_CustomEventPayloadTest.java,clean,,FP,test-label,88.014,mergiraf,,
driver-auto-on,pos,urbanairship_java-library__bbe0297a10,urbanairship_java-library__bbe0297a10__src_test_java_com_urbanairship_api_customevents_parse_CustomEventPayloadSerializerTest.java,clean,,FP,test-label,83.786,mergiraf,,
driver-auto-on,pos,uwolfer_gerrit-rest-java-client__8e688db702,uwolfer_gerrit-rest-java-client__8e688db702__src_main_java_com_urswolfer_gerrit_client_rest_http_GerritRestClient.java,conflict,textual,TN,dev-match,83.494,mergiraf,,
driver-auto-on,pos,vkostyukov_la4j__d216aa8928,vkostyukov_la4j__d216aa8928__src_main_java_org_la4j_vector_AbstractVector.java,clean,,FP,test-label,88.39,mergiraf,,
driver-auto-on,pos,vkostyukov_la4j__d216aa8928,vkostyukov_la4j__d216aa8928__src_test_java_org_la4j_vector_sparse_SparseVectorTest.java,clean,,FP,test-label,82.72,mergiraf,,
driver-auto-on,pos,vojtechhabarta_typescript-generator__51835d3c16,vojtechhabarta_typescript-generator__51835d3c16__typescript-generator-spring_src_test_java_cz_habarta_typescript_generator_spring_SpringTest.java,conflict,semantic,TN,dev-match,88.746,git,ImportPruneUsage,ImportPruneUsage L177: Stale usage of pruned import: merged file uses 'Assert' (line 177) but the import that provided it w
driver-auto-on,pos,warmuuh_libsass-maven-plugin__5ca7b3f086,warmuuh_libsass-maven-plugin__5ca7b3f086__src_main_java_wrm_CompilationMojo.java,conflict,textual,TN,dev-match,79.98,mergiraf,,
driver-auto-on,pos,winder_universal-g-code-sender__84d687330a,winder_universal-g-code-sender__84d687330a__ugs-core_src_com_willwinder_universalgcodesender_model_GUIBackend.java,clean,,FP,test-label,95.987,git,,
driver-auto-on,pos,winder_universal-g-code-sender__84d687330a,winder_universal-g-code-sender__84d687330a__ugs-core_src_com_willwinder_universalgcodesender_utils_ControllerSettings.java,clean,,FP,test-label,84.249,mergiraf,,
driver-auto-on,pos,winder_universal-g-code-sender__bc742cb4c4,winder_universal-g-code-sender__bc742cb4c4__ugs-core_src_com_willwinder_universalgcodesender_GrblController.java,clean,,FP,test-label,93.509,mergiraf,,
driver-auto-on,pos,winder_universal-g-code-sender__c93fec43ee,winder_universal-g-code-sender__c93fec43ee__ugs-core_src_com_willwinder_universalgcodesender_gcode_util_CommandProcessorLoader.java,conflict,semantic,TN,dev-match,84.855,mergiraf,ImportPruneUsage,ImportPruneUsage L250: Stale usage of pruned import: merged file uses 'EmptyLineRemoverProcessor' (line 250) but the import
driver-auto-on,pos,xebia_xebium__2808ba14a8,xebia_xebium__2808ba14a8__src_main_java_com_xebia_incubator_xebium_SeleniumDriverFixture.java,clean,,FP,test-label,88.424,git,,
driver-auto-on,pos,xebia_xebium__a82603c978,xebia_xebium__a82603c978__src_main_java_com_xebia_incubator_xebium_SeleniumDriverFixture.java,conflict,textual,TN,dev-match,82.442,git,,
driver-auto-on,ctl,adoptopenjdk_mjprof__44b7a2b3db,adoptopenjdk_mjprof__44b7a2b3db__src_main_java_com_performizeit_mjstack_MJStack.java,clean,,TP,test-label,87.757,mergiraf,,
driver-auto-on,ctl,aerospike_aerospike-client-java__b77316ac92,aerospike_aerospike-client-java__b77316ac92__proxy_src_com_aerospike_client_proxy_grpc_GrpcChannelExecutor.java,clean,,TP,test-label,91.592,mergiraf,,
driver-auto-on,ctl,aerospike_aerospike-client-java__b77316ac92,aerospike_aerospike-client-java__b77316ac92__proxy_src_com_aerospike_client_proxy_grpc_GrpcStreamingCall.java,clean,,TP,test-label,83.463,mergiraf,,
driver-auto-on,ctl,aerospike_aerospike-client-java__dfa7c50814,aerospike_aerospike-client-java__dfa7c50814__test_src_com_aerospike_test_util_Args.java,clean,,TP,test-label,86.911,mergiraf,,
driver-auto-on,ctl,aleksandr-m_gitflow-maven-plugin__7482fdb5b6,aleksandr-m_gitflow-maven-plugin__7482fdb5b6__src_main_java_com_amashchenko_maven_plugin_gitflow_AbstractGitFlowMojo.java,clean,,TP,test-label,93.306,mergiraf,,
driver-auto-on,ctl,alexcojocaru_elasticsearch-maven-plugin__6c23c6286d,alexcojocaru_elasticsearch-maven-plugin__6c23c6286d__src_main_java_com_github_alexcojocaru_mojo_elasticsearch_v2_StopMojo.java,clean,,TP,test-label,82.084,mergiraf,,
driver-auto-on,ctl,alibaba_canal__10930b9e3d,alibaba_canal__10930b9e3d__parse_src_main_java_com_alibaba_otter_canal_parse_inbound_mysql_dbsync_LogEventConvert.java,clean,,TP,test-label,96.988,mergiraf,,
driver-auto-on,ctl,alibaba_canal__10930b9e3d,alibaba_canal__10930b9e3d__parse_src_main_java_com_alibaba_otter_canal_parse_inbound_mysql_dbsync_SimpleDdlParser.java,clean,,TP,test-label,86.746,git,,
driver-auto-on,ctl,andrewphorn_classicube-client__645941b423,andrewphorn_classicube-client__645941b423__src_main_java_com_mojang_minecraft_gui_FontRenderer.java,clean,,TP,test-label,86.434,mergiraf,,
driver-auto-on,ctl,anjuke_hwi__93f975a6d0,anjuke_hwi__93f975a6d0__src_main_java_org_apache_hadoop_hive_hwi_servlet_RQuery.java,clean,,TP,test-label,87.953,git,,
driver-auto-on,ctl,apache_commons-csv__2e851bc960,apache_commons-csv__2e851bc960__src_test_java_org_apache_commons_csv_CSVParserTest.java,clean,,TP,test-label,99.811,git,,
driver-auto-on,ctl,apache_commons-ognl__c1132d8fb3,apache_commons-ognl__c1132d8fb3__src_main_java_org_apache_commons_ognl_internal_entry_PropertyDescriptorCacheEntryFactory.java,clean,,TP,test-label,86.579,mergiraf,,
driver-auto-on,ctl,apache_maven-enforcer__f4f8c2559e,apache_maven-enforcer__f4f8c2559e__enforcer-rules_src_main_java_org_apache_maven_plugins_enforcer_AbstractBanDependencies.java,clean,,TP,test-label,82.697,git,,
driver-auto-on,ctl,apache_metamodel__f9f2bc07f3,apache_metamodel__f9f2bc07f3__core_src_main_java_org_apache_metamodel_query_parser_QueryPartParser.java,clean,,TP,test-label,82.552,git,,
driver-auto-on,ctl,apache_metamodel__f9f2bc07f3,apache_metamodel__f9f2bc07f3__core_src_test_java_org_apache_metamodel_query_parser_QueryParserTest.java,clean,,TP,test-label,87.441,git,,
driver-auto-on,ctl,apache_roller__d362f5d1ee,apache_roller__d362f5d1ee__app_src_main_java_org_apache_roller_weblogger_business_search_IndexManagerImpl.java,clean,,TP,test-label,87.012,git,,
driver-auto-on,ctl,apache_tomcat-maven-plugin__74e25e53e8,apache_tomcat-maven-plugin__74e25e53e8__tomcat7-war-runner_src_main_java_org_apache_tomcat_maven_runner_Tomcat7Runner.java,clean,,TP,test-label,94.833,mergiraf,,
driver-auto-on,ctl,apache_tomcat-maven-plugin__74e25e53e8,apache_tomcat-maven-plugin__74e25e53e8__tomcat7-war-runner_src_main_java_org_apache_tomcat_maven_runner_Tomcat7RunnerCli.java,clean,,TP,test-label,88.502,git,,
driver-auto-on,ctl,bronx_saci-vraptor__cb9355ed08,bronx_saci-vraptor__cb9355ed08__src_main_java_net_diegomaia_vraptor_saci_component_startup_PageHandler.java,clean,,TP,test-label,82.912,mergiraf,,
driver-auto-on,ctl,brunoribeiro_sql-parser__a1ddf59b7c,brunoribeiro_sql-parser__a1ddf59b7c__src_main_java_com_akiban_sql_unparser_NodeToString.java,clean,,TP,test-label,94.269,git,,
driver-auto-on,ctl,bserdar_jcliff__206c63ba6f,bserdar_jcliff__206c63ba6f__src_main_java_com_redhat_jcliff_Main.java,clean,,TP,test-label,94.291,git,,
driver-auto-on,ctl,buddycloud_buddycloud-server-java__e05c0ee54a,buddycloud_buddycloud-server-java__e05c0ee54a__src_main_java_org_buddycloud_channelserver_packetprocessor_iq_namespace_pubsub_set_Publish.java,clean,,TP,test-label,87.864,git,,
driver-auto-on,ctl,chrsan_css-selectors__0f725a05d1,chrsan_css-selectors__0f725a05d1__src_main_java_se_fishtank_css_selectors_dom_internal_PseudoContainsSpecifierChecker.java,clean,,TP,test-label,81.521,git,,
driver-auto-on,ctl,citytechinc_cq-component-maven-plugin__2fb3c23f39,citytechinc_cq-component-maven-plugin__2fb3c23f39__cq-component-maven-plugin_src_main_java_com_citytechinc_cq_component_dialog_impl_SelectionWidget.java,clean,,TP,test-label,82.562,mergiraf,,
driver-auto-on,ctl,citytechinc_cq-component-maven-plugin__2fb3c23f39,citytechinc_cq-component-maven-plugin__2fb3c23f39__cq-component-maven-plugin_src_main_java_com_citytechinc_cq_component_dialog_maker_impl_SelectionWidgetMaker.java,clean,,TP,test-label,85.699,mergiraf,,
driver-auto-on,ctl,citytechinc_cq-component-maven-plugin__79dfb91780,citytechinc_cq-component-maven-plugin__79dfb91780__cq-component-maven-plugin_src_main_java_com_citytechinc_cq_component_dialog_impl_SelectionWidget.java,clean,,TP,test-label,82.353,mergiraf,,
driver-auto-on,ctl,clickntap_vimeo__85bd093b58,clickntap_vimeo__85bd093b58__src_main_java_com_clickntap_vimeo_Vimeo.java,clean,,TP,test-label,91.261,mergiraf,,
driver-auto-on,ctl,clickntap_vimeo__cedaf74fc7,clickntap_vimeo__cedaf74fc7__src_main_java_com_clickntap_vimeo_Vimeo.java,clean,,TP,test-label,91.808,mergiraf,,
driver-auto-on,ctl,clojure_clojure__c862603a33,clojure_clojure__c862603a33__src_jvm_clojure_lang_Compiler.java,clean,,TP,test-label,159.788,mergiraf,,
driver-auto-on,ctl,cloudfoundry_cf-java-client__0d588aa1e7,cloudfoundry_cf-java-client__0d588aa1e7__cloudfoundry-client-reactor_src_main_java_org_cloudfoundry_reactor_util_Operator.java,clean,,TP,test-label,87.62,mergiraf,,
driver-auto-on,ctl,cloudfoundry_cf-java-client__f994a25985,cloudfoundry_cf-java-client__f994a25985__cloudfoundry-client-reactor_src_main_java_org_cloudfoundry_reactor_util_Operator.java,clean,,TP,test-label,88.392,mergiraf,,
driver-auto-on,ctl,cloudfoundry_cf-java-client__f994a25985,cloudfoundry_cf-java-client__f994a25985__cloudfoundry-client-reactor_src_test_java_org_cloudfoundry_reactor_util_ErrorPayloadMappersTest.java,clean,,TP,test-label,89.959,mergiraf,,
driver-auto-on,ctl,cloudslang_score__49b00c4bf9,cloudslang_score__49b00c4bf9__runtime-management_runtime-management-impl_src_main_java_io_cloudslang_runtime_impl_python_PythonExecutor.java,clean,,TP,test-label,87.396,mergiraf,,
driver-auto-on,ctl,coutume_imageonmap__20d2a60d29,coutume_imageonmap__20d2a60d29__src_main_java_fr_moribus_imageonmap_ui_MapItemManager.java,clean,,TP,test-label,87.514,git,,
driver-auto-on,ctl,dankurka_gwtphonegap__e19aa67e33,dankurka_gwtphonegap__e19aa67e33__src_main_java_com_googlecode_gwtphonegap_client_notification_NotificationBrowserImpl.java,clean,,TP,test-label,82.38,git,,
driver-auto-on,ctl,davidmoten_rxjava-slf4j__fbe2fde40f,davidmoten_rxjava-slf4j__fbe2fde40f__src_test_java_com_github_davidmoten_rx_slf4j_LoggingTest.java,conflict,textual,TN,dev-match,81.254,git,,
driver-auto-on,ctl,douglasrodrigo_bfmapper__b0056fd6f8,douglasrodrigo_bfmapper__b0056fd6f8__src_main_java_br_com_bfmapper_Mapping.java,clean,,TP,test-label,87.096,git,,
driver-auto-on,ctl,dspace_dspace__0a0cf18c36,dspace_dspace__0a0cf18c36__dspace-server-webapp_src_test_java_org_dspace_app_rest_ExternalSourcesRestControllerIT.java,clean,,TP,test-label,86.737,git,,
driver-auto-on,ctl,dspace_dspace__2e3c4f033d,dspace_dspace__2e3c4f033d__dspace-api_src_main_java_org_dspace_curate_CitationPage.java,clean,,TP,test-label,87.788,mergiraf,,
driver-auto-on,ctl,dspace_dspace__eb28c639a0,dspace_dspace__eb28c639a0__dspace-server-webapp_src_main_java_org_dspace_app_rest_repository_DiscoveryRestRepository.java,clean,,TP,test-label,84.888,mergiraf,,
driver-auto-on,ctl,dtrules_dtrules__621afc4ef5,dtrules_dtrules__621afc4ef5__compilerutil_src_main_java_com_dtrules_compiler_decisiontables_DTCompiler.java,clean,,TP,test-label,90.198,git,,
driver-auto-on,ctl,dtrules_dtrules__621afc4ef5,dtrules_dtrules__621afc4ef5__dsl_el_src_main_java_com_dtrules_compiler_el_EL.java,clean,,TP,test-label,89.422,git,,
driver-auto-on,ctl,eirslett_frontend-maven-plugin__3e67ca8791,eirslett_frontend-maven-plugin__3e67ca8791__frontend-plugin-core_src_main_java_com_github_eirslett_maven_plugins_frontend_lib_NodeAndNPMInstaller.java,clean,,TP,test-label,87.564,git,,
driver-auto-on,ctl,ekryd_sortpom__b918df820e,ekryd_sortpom__b918df820e__sorter_src_main_java_sortpom_wrapper_content_ChildElementSorter.java,clean,,TP,test-label,85.271,mergiraf,,
driver-auto-on,ctl,farin_jcloisterzone__4a38e3b926,farin_jcloisterzone__4a38e3b926__src_main_java_com_jcloisterzone_engine_Engine.java,clean,,TP,test-label,92.687,mergiraf,,
driver-auto-on,ctl,fasseg_exp4j__184e5535f9,fasseg_exp4j__184e5535f9__src_main_java_de_congrace_exp4j_Tokenizer.java,clean,,TP,test-label,86.711,mergiraf,,
driver-auto-on,ctl,fasseg_exp4j__184e5535f9,fasseg_exp4j__184e5535f9__src_test_java_de_congrace_exp4j_ExpressionBuilderTest.java,clean,,TP,test-label,101.185,git,,
driver-auto-on,ctl,fasterxml_jackson-core__be2854d5c6,fasterxml_jackson-core__be2854d5c6__src_test_java_com_fasterxml_jackson_core_filter_BasicParserFilteringTest.java,clean,,TP,test-label,92.839,git,,
driver-auto-on,ctl,fernandezpablo85_scribe-java__33d45e1797,fernandezpablo85_scribe-java__33d45e1797__scribejava-core_src_main_java_com_github_scribejava_core_oauth_OAuth10aService.java,clean,,TP,test-label,87.484,mergiraf,,
driver-auto-on,ctl,fiji_trackmate__1792dcc505,fiji_trackmate__1792dcc505__src_main_java_fiji_plugin_trackmate_io_TmXmlReader.java,clean,,TP,test-label,97.912,git,,
driver-auto-on,ctl,fiji_trackmate__97cfa79dd2,fiji_trackmate__97cfa79dd2__src_main_java_fiji_plugin_trackmate_action_CopyOverlayAction.java,clean,,TP,test-label,93.613,git,,
driver-auto-on,ctl,fiji_trackmate__97cfa79dd2,fiji_trackmate__97cfa79dd2__src_main_java_fiji_plugin_trackmate_gui_TrackMateGUIController.java,clean,,TP,test-label,97.682,git,,
driver-auto-on,ctl,fincatto_nfe__6758366981,fincatto_nfe__6758366981__src_main_java_com_fincatto_documentofiscal_nfe400_classes_lote_envio_NFLoteEnvioRetorno.java,clean,,TP,test-label,82.682,mergiraf,,
driver-auto-on,ctl,fincatto_nfe__bd66db2a72,fincatto_nfe__bd66db2a72__src_main_java_com_fincatto_documentofiscal_utils_DFSocketFactory.java,clean,,TP,test-label,83.898,mergiraf,,
driver-auto-on,ctl,findwise_hydra__76fe21c315,findwise_hydra__76fe21c315__admin-service_src_main_java_com_findwise_hydra_admin_rest_ConfigurationController.java,clean,,TP,test-label,84.536,mergiraf,,
driver-auto-on,ctl,flaxsearch_luwak__2805c0447a,flaxsearch_luwak__2805c0447a__luwak_src_main_java_uk_co_flax_luwak_util_SpanExtractor.java,conflict,textual,TN,dev-match,81.175,git,,
driver-auto-on,ctl,fluentlenium_fluentlenium__2cd4ecb82f,fluentlenium_fluentlenium__2cd4ecb82f__fluentlenium-core_src_main_java_org_fluentlenium_core_inject_FluentInjector.java,clean,,TP,test-label,92.32,mergiraf,,
driver-auto-on,ctl,fluentlenium_fluentlenium__d88fff0f59,fluentlenium_fluentlenium__d88fff0f59__fluentlenium-core_src_test_java_org_fluentlenium_integration_FluentLeniumWaitTest.java,conflict,textual,TN,dev-match,85.934,git,,
driver-auto-on,ctl,flyingsaucerproject_flyingsaucer__5a2a7d36a1,flyingsaucerproject_flyingsaucer__5a2a7d36a1__flying-saucer-core_src_main_java_org_xhtmlrenderer_css_newmatch_Condition.java,clean,,TP,test-label,87.517,git,,
driver-auto-on,ctl,flyingsaucerproject_flyingsaucer__9b83c56a8c,flyingsaucerproject_flyingsaucer__9b83c56a8c__flying-saucer-pdf_src_main_java_org_xhtmlrenderer_pdf_ITextRenderer.java,clean,,TP,test-label,91.944,git,,
driver-auto-on,ctl,flyingsaucerproject_flyingsaucer__b2ef06a76f,flyingsaucerproject_flyingsaucer__b2ef06a76f__flying-saucer-pdf-itext5_src_main_java_org_xhtmlrenderer_pdf_ITextOutputDevice.java,clean,,TP,test-label,101.289,mergiraf,,
driver-auto-on,ctl,forcedotcom_wsc__332e09483d,forcedotcom_wsc__332e09483d__src_main_java_com_sforce_ws_bind_TypeMapper.java,clean,,TP,test-label,96.511,git,,
driver-auto-on,ctl,fusesource_jansi__f4065227fc,fusesource_jansi__f4065227fc__src_main_java_org_fusesource_jansi_WindowsAnsiOutputStream.java,conflict,textual,FN,dev-match,81.101,git,,
driver-auto-on,ctl,galenframework_galen__7567dd8d2f,galenframework_galen__7567dd8d2f__galen-core_src_main_java_com_galenframework_speclang2_specs_SpecImageProcessor.java,clean,,TP,test-label,87.868,mergiraf,,
driver-auto-on,ctl,galenframework_galen__7567dd8d2f,galenframework_galen__7567dd8d2f__galen-core_src_test_java_com_galenframework_tests_speclang2_SpecsReaderV2Test.java,clean,,TP,test-label,100.772,git,,
driver-auto-on,ctl,gitools_gitools__8f2043e3c5,gitools_gitools__8f2043e3c5__org.gitools.ui.app_src_main_java_org_gitools_ui_app_fileimport_wizard_text_ListItemTransferHandler.java,clean,,TP,test-label,86.45,git,,
driver-auto-on,ctl,gitools_gitools__9f09acdad0,gitools_gitools__9f09acdad0__org.gitools.ui.app_src_main_java_org_gitools_ui_app_actions_Actions.java,clean,,TP,test-label,84.323,git,,
driver-auto-on,ctl,glenkpeterson_j-sicle__8ad8d6f00e,glenkpeterson_j-sicle__8ad8d6f00e__src_test_java_org_organicdesign_fp_permanent_SequenceTest.java,clean,,TP,test-label,83.732,git,,
driver-auto-on,ctl,google_truth__2bb82cafdf,google_truth__2bb82cafdf__src_main_java_org_junit_contrib_truth_subjects_IterableSubject.java,clean,,TP,test-label,82.325,mergiraf,,
driver-auto-on,ctl,google_truth__6bba06199f,google_truth__6bba06199f__core_src_main_java_com_google_common_truth_Truth.java,clean,,TP,test-label,83.997,mergiraf,,
driver-auto-on,ctl,googlecloudplatform_gcloud-java__1fa53a817a,googlecloudplatform_gcloud-java__1fa53a817a__gcloud-java-storage_src_main_java_com_google_gcloud_storage_StorageImpl.java,clean,,TP,test-label,95.678,mergiraf,,
driver-auto-on,ctl,googlecloudplatform_gcloud-maven-plugin__990444129c,googlecloudplatform_gcloud-maven-plugin__990444129c__src_main_java_com_google_appengine_gcloudapp_AbstractGcloudMojo.java,clean,,TP,test-label,91.071,mergiraf,,
driver-auto-on,ctl,graphity_graphity-client__2a8e8c75e9,graphity_graphity-client__2a8e8c75e9__src_main_java_org_graphity_util_XSLTBuilder.java,conflict,semantic,TN,dev-match,80.432,mergiraf,RM2RenameConflict,RM2RenameConflict L19: Stale reference to renamed variable/field: 'stream' (renamed to 'reader') still referenced at this l | RM2RenameConflict L28: Stale reference to renamed variable/field: 'stream' (renamed to 'reader') still referenced at this l
driver-auto-on,ctl,greese_dasein-cloud-core__5fe1190801,greese_dasein-cloud-core__5fe1190801__src_main_java_org_dasein_cloud_compute_MachineImageSupport.java,clean,,TP,test-label,83.468,git,,
driver-auto-on,ctl,gwtbootstrap3_gwtbootstrap3__d558959ad2,gwtbootstrap3_gwtbootstrap3__d558959ad2__gwtbootstrap3_src_main_java_org_gwtbootstrap3_client_ui_SimpleCheckBox.java,clean,,TP,test-label,84.018,git,,
driver-auto-on,ctl,gwtbootstrap3_gwtbootstrap3__d558959ad2,gwtbootstrap3_gwtbootstrap3__d558959ad2__gwtbootstrap3_src_main_java_org_gwtbootstrap3_client_ui_SimpleRadioButton.java,clean,,TP,test-label,84.047,git,,
driver-auto-on,ctl,hdrhistogram_hdrhistogram__4faeeb6c17,hdrhistogram_hdrhistogram__4faeeb6c17__src_main_java_org_HdrHistogram_HistogramLogProcessor.java,clean,,TP,test-label,100.247,mergiraf,,
driver-auto-on,ctl,hdrhistogram_hdrhistogram__6debea175f,hdrhistogram_hdrhistogram__6debea175f__src_main_java_org_HdrHistogram_AbstractHistogram.java,clean,,TP,test-label,100.382,git,,
driver-auto-on,ctl,hdrhistogram_hdrhistogram__6debea175f,hdrhistogram_hdrhistogram__6debea175f__src_main_java_org_HdrHistogram_DoubleHistogram.java,clean,,TP,test-label,94.685,git,,
driver-auto-on,ctl,hdrhistogram_hdrhistogram__beadadbe25,hdrhistogram_hdrhistogram__beadadbe25__src_main_java_org_HdrHistogram_AbstractHistogram.java,clean,,TP,test-label,97.184,mergiraf,,
driver-auto-on,ctl,imixs_imixs-workflow__dfb841cc6c,imixs_imixs-workflow__dfb841cc6c__imixs-workflow-index-lucene_src_main_java_org_imixs_workflow_engine_lucene_LuceneIndexService.java,clean,,TP,test-label,91.913,mergiraf,,
driver-auto-on,ctl,jalkanen_speed4j__18370b9544,jalkanen_speed4j__18370b9544__src_main_java_com_ecyrd_speed4j_log_PeriodicalLog.java,clean,,TP,test-label,89.918,mergiraf,,
driver-auto-on,ctl,jasig_java-cas-client__9714053f07,jasig_java-cas-client__9714053f07__cas-client-core_src_main_java_org_jasig_cas_client_util_CommonUtils.java,clean,,TP,test-label,88.584,mergiraf,,
driver-auto-on,ctl,jasig_java-cas-client__9714053f07,jasig_java-cas-client__9714053f07__cas-client-core_src_test_java_org_jasig_cas_client_util_CommonUtilsTests.java,clean,,TP,test-label,85.813,git,,
driver-auto-on,ctl,javaparser_javaparser__091c0fab6e,javaparser_javaparser__091c0fab6e__javaparser-core_src_main_java_com_github_javaparser_PositionUtils.java,clean,,TP,test-label,85.07,mergiraf,,
driver-auto-on,ctl,javaparser_javaparser__8ca0e9b6ea,javaparser_javaparser__8ca0e9b6ea__javaparser-symbol-solver-core_src_main_java_com_github_javaparser_symbolsolver_javaparsermodel_JavaParserFacade.java,clean,,TP,test-label,94.41,mergiraf,,
driver-auto-on,ctl,jboss-remoting_jboss-remoting__1f07248ce4,jboss-remoting_jboss-remoting__1f07248ce4__src_main_java_org_jboss_remoting3_remote_RemoteConnection.java,clean,,TP,test-label,89.51,git,,
driver-auto-on,ctl,jcabi_jcabi-aspects__5780cbf85c,jcabi_jcabi-aspects__5780cbf85c__src_main_java_com_jcabi_aspects_aj_MethodCacher.java,clean,,TP,test-label,88.863,mergiraf,,
driver-auto-on,ctl,jcabi_jcabi-github__512102da91,jcabi_jcabi-github__512102da91__src_main_java_com_jcabi_github_RtReleaseAsset.java,clean,,TP,test-label,83.913,git,,
driver-auto-on,ctl,jdatepicker_jdatepicker__cc3905a9c7,jdatepicker_jdatepicker__cc3905a9c7__src_main_java_org_jdatepicker_impl_JDatePickerImpl.java,clean,,TP,test-label,100.011,mergiraf,,
driver-auto-on,ctl,jdatepicker_jdatepicker__cc74e94ac3,jdatepicker_jdatepicker__cc74e94ac3__src_main_java_org_jdatepicker_ComponentTextDefaults.java,clean,,TP,test-label,84.67,git,,
driver-auto-on,ctl,jdatepicker_jdatepicker__cc74e94ac3,jdatepicker_jdatepicker__cc74e94ac3__src_main_java_org_jdatepicker_JDatePanel.java,clean,,TP,test-label,158.473,mergiraf,,
driver-auto-on,ctl,jdeparser_jdeparser2__1da0e2349a,jdeparser_jdeparser2__1da0e2349a__src_main_java_org_jboss_jdeparser_FormatPreferences.java,clean,,TP,test-label,87.937,git,,
driver-auto-on,ctl,jenkinsci_ant-plugin__7025e65f06,jenkinsci_ant-plugin__7025e65f06__src_main_java_hudson_tasks_Ant.java,clean,,TP,test-label,91.42,mergiraf,,
driver-auto-on,ctl,jenkinsci_ant-plugin__7025e65f06,jenkinsci_ant-plugin__7025e65f06__src_test_java_hudson_tasks_AntTest.java,clean,,TP,test-label,89.764,git,,
driver-auto-on,ctl,jenkinsci_coverity-plugin__7ce14e1f97,jenkinsci_coverity-plugin__7ce14e1f97__src_test_java_jenkins_plugins_coverity_CoverityTool_CovBuildCommandTest.java,conflict,textual,TN,dev-match,80.172,git,,
driver-auto-on,ctl,jenkinsci_coverity-plugin__bd192d7108,jenkinsci_coverity-plugin__bd192d7108__src_main_java_jenkins_plugins_coverity_CoverityPublisher.java,clean,,TP,test-label,94.472,git,,
driver-auto-on,ctl,jenkinsci_coverity-plugin__db750a7a69,jenkinsci_coverity-plugin__db750a7a69__src_main_java_jenkins_plugins_coverity_CIMStream.java,clean,,TP,test-label,89.103,mergiraf,,
driver-auto-on,ctl,jenkinsci_coverity-plugin__db750a7a69,jenkinsci_coverity-plugin__db750a7a69__src_main_java_jenkins_plugins_coverity_CoverityPublisher.java,clean,,TP,test-label,97.189,mergiraf,,
driver-auto-on,ctl,jenkinsci_credentials-plugin__ccd45a5263,jenkinsci_credentials-plugin__ccd45a5263__src_main_java_com_cloudbees_plugins_credentials_CredentialsSelectHelper.java,clean,,TP,test-label,94.742,mergiraf,,
driver-auto-on,ctl,jenkinsci_email-ext-plugin__312def504a,jenkinsci_email-ext-plugin__312def504a__src_test_java_hudson_plugins_emailext_ExtendedEmailPublisherDescriptorJCasCTest.java,clean,,TP,test-label,88.605,git,,
driver-auto-on,ctl,jenkinsci_email-ext-plugin__9cc2357cac,jenkinsci_email-ext-plugin__9cc2357cac__src_main_java_hudson_plugins_emailext_EmailThrottler.java,clean,,TP,test-label,80.955,mergiraf,,
driver-auto-on,ctl,jenkinsci_email-ext-plugin__9cc2357cac,jenkinsci_email-ext-plugin__9cc2357cac__src_test_java_hudson_plugins_emailext_ExtendedEmailPublisherTest.java,clean,,TP,test-label,102.389,git,,
driver-auto-on,ctl,jenkinsci_jira-plugin__09485920f4,jenkinsci_jira-plugin__09485920f4__src_main_java_hudson_plugins_jira_JiraSite.java,clean,,TP,test-label,98.324,git,,
driver-auto-on,ctl,jenkinsci_junit-plugin__2f4179baf2,jenkinsci_junit-plugin__2f4179baf2__src_main_java_hudson_tasks_junit_CaseResult.java,clean,,TP,test-label,91.501,git,,
driver-auto-on,ctl,jenkinsci_ldap-plugin__744083390f,jenkinsci_ldap-plugin__744083390f__src_main_java_hudson_security_LDAPSecurityRealm.java,clean,,TP,test-label,116.218,mergiraf,,
driver-auto-on,ctl,jenkinsci_mailer-plugin__67ab48f1a6,jenkinsci_mailer-plugin__67ab48f1a6__src_test_java_hudson_tasks_MailerTest.java,clean,,TP,test-label,93.315,git,,
driver-auto-on,ctl,jenkinsci_maven-hpi-plugin__cfbf819e58,jenkinsci_maven-hpi-plugin__cfbf819e58__src_main_java_org_jenkinsci_maven_plugins_hpi_RunMojo.java,conflict,textual,TN,dev-match,86.961,git,,
driver-auto-on,ctl,jenkinsci_ui-samples-plugin__179ee92cdf,jenkinsci_ui-samples-plugin__179ee92cdf__src_main_java_jenkins_plugins_ui_samples_Select.java,clean,,TP,test-label,84.142,git,,
driver-auto-on,ctl,jgralab_jgralab__d631209030,jgralab_jgralab__d631209030__src_de_uni_koblenz_jgralab_greql2_funlib_FunLib.java,conflict,semantic,TN,dev-match,97.024,mergiraf,ImportPruneUsage,ImportPruneUsage L371: Stale usage of pruned import: merged file uses 'IOException' (line 371) but the import that provided
driver-auto-on,ctl,jgralab_jgralab__d631209030,jgralab_jgralab__d631209030__src_de_uni_koblenz_jgralab_greql2_funlib_schema_HasType.java,clean,,TP,test-label,82.429,mergiraf,,
driver-auto-on,ctl,jmetal_jmetal__4edc74bc22,jmetal_jmetal__4edc74bc22__jmetal-lab_src_main_java_org_uma_jmetal_lab_experiment_studies_PPSN20203DStudy.java,clean,,TP,test-label,88.228,git,,
driver-auto-on,ctl,jmetal_jmetal__d8ececa506,jmetal_jmetal__d8ececa506__jmetal-exec_src_main_java_org_uma_jmetal_runner_multiobjective_WASFGAMeasuresRunner.java,clean,,TP,test-label,86.407,git,,
driver-auto-on,ctl,jparsec_jparsec__a1fac0af65,jparsec_jparsec__a1fac0af65__jparsec_src_main_java_org_codehaus_jparsec_ScannerState.java,clean,,TP,test-label,82.56,git,,
driver-auto-on,ctl,jri_deepamehta__03658cb2e9,jri_deepamehta__03658cb2e9__modules_dm4-geomaps_src_main_java_de_deepamehta_plugins_geomaps_GeomapsPlugin.java,clean,,TP,test-label,91.491,mergiraf,,
driver-auto-on,ctl,jruby_bytelist__989a36efd0,jruby_bytelist__989a36efd0__src_org_jruby_util_ByteList.java,clean,,TP,test-label,96.004,mergiraf,,
driver-auto-on,ctl,jruby_bytelist__989a36efd0,jruby_bytelist__989a36efd0__test_org_jruby_util_ByteListTest.java,clean,,TP,test-label,91.461,mergiraf,,
driver-auto-on,ctl,jsprit_jsprit__7834e66d7c,jsprit_jsprit__7834e66d7c__jsprit-io_src_main_java_com_graphhopper_jsprit_io_algorithm_VehicleRoutingAlgorithms.java,clean,,TP,test-label,98.754,mergiraf,,
driver-auto-on,ctl,jsprit_jsprit__a6726537e9,jsprit_jsprit__a6726537e9__jsprit-core_src_test_java_jsprit_core_problem_vehicle_VehicleImplTest.java,clean,,TP,test-label,85.63,mergiraf,,
driver-auto-on,ctl,julianhyde_linq4j__c0f3b4a744,julianhyde_linq4j__c0f3b4a744__src_main_java_net_hydromatic_linq4j_QueryableFactory.java,clean,,TP,test-label,83.336,git,,
driver-auto-on,ctl,julianhyde_linq4j__c0f3b4a744,julianhyde_linq4j__c0f3b4a744__src_main_java_net_hydromatic_linq4j_QueryableRecorder.java,clean,,TP,test-label,95.858,mergiraf,,
driver-auto-on,ctl,julietkilo_canbabel__ea550c2876,julietkilo_canbabel__ea550c2876__src_main_java_com_github_canbabel_canio_dbc_DbcReader.java,clean,,TP,test-label,95.169,mergiraf,,
driver-auto-on,ctl,kevinbayes_vest__3209c8480f,kevinbayes_vest__3209c8480f__src_main_java_me_bayes_vertx_vest_VestApplication.java,clean,,TP,test-label,86.007,mergiraf,,
driver-auto-on,ctl,khmarbaise_iterator-maven-plugin__99d1681276,khmarbaise_iterator-maven-plugin__99d1681276__src_main_java_com_soebes_maven_plugins_iterator_IteratorMojo.java,clean,,TP,test-label,88.326,git,,
driver-auto-on,ctl,killbilling_recurly-java-library__fafb064903,killbilling_recurly-java-library__fafb064903__src_main_java_com_ning_billing_recurly_model_RecurlyObject.java,clean,,TP,test-label,87.905,git,,
driver-auto-on,ctl,killme2008_aviator__eb6c698603,killme2008_aviator__eb6c698603__src_main_java_com_googlecode_aviator_utils_Env.java,clean,,TP,test-label,91.228,git,,
driver-auto-on,ctl,kohsuke_github-api__432585cb75,kohsuke_github-api__432585cb75__src_main_java_org_kohsuke_github_GitHub.java,conflict,textual,FN,dev-match,85.834,git,,
driver-auto-on,ctl,kohsuke_github-api__432585cb75,kohsuke_github-api__432585cb75__src_test_java_org_kohsuke_github_GitHubTest.java,clean,,TP,test-label,84.52,git,,
driver-auto-on,ctl,kohsuke_github-api__5ea8638369,kohsuke_github-api__5ea8638369__src_test_java_org_kohsuke_github_GHRepositoryTest.java,clean,,TP,test-label,95.828,git,,
driver-auto-on,ctl,kohsuke_github-api__f6674a9aef,kohsuke_github-api__f6674a9aef__src_main_java_org_kohsuke_github_GHWorkflowJob.java,clean,,TP,test-label,85.169,git,,
driver-auto-on,ctl,kongchen_swagger-maven-plugin__335021b217,kongchen_swagger-maven-plugin__335021b217__src_main_java_com_github_kongchen_swagger_docgen_mustache_MustacheDocument.java,clean,,TP,test-label,88.924,mergiraf,,
driver-auto-on,ctl,kongchen_swagger-maven-plugin__335021b217,kongchen_swagger-maven-plugin__335021b217__src_main_java_com_github_kongchen_swagger_docgen_mustache_OutputTemplate.java,clean,,TP,test-label,88.656,git,,
driver-auto-on,ctl,kongchen_swagger-maven-plugin__5060afbf1d,kongchen_swagger-maven-plugin__5060afbf1d__src_main_java_com_github_kongchen_swagger_docgen_AbstractDocumentSource.java,clean,,TP,test-label,92.0,git,,
driver-auto-on,ctl,kongchen_swagger-maven-plugin__5060afbf1d,kongchen_swagger-maven-plugin__5060afbf1d__src_test_java_com_github_kongchen_smp_integration_SwaggerMavenPluginTest.java,clean,,TP,test-label,89.806,git,,
driver-auto-on,ctl,koraktor_steam-condenser-java__81c376e088,koraktor_steam-condenser-java__81c376e088__src_main_java_com_github_koraktor_steamcondenser_steam_community_SteamId.java,clean,,TP,test-label,91.944,mergiraf,,
driver-auto-on,ctl,kvladislav_ticketmanager__0ffb612f18,kvladislav_ticketmanager__0ffb612f18__src_main_java_org_JavaArt_TicketManager_controllers_EventsController.java,clean,,TP,test-label,98.833,mergiraf,,
driver-auto-on,ctl,lemire_javaewah__5829fc009b,lemire_javaewah__5829fc009b__src_main_java_com_googlecode_javaewah_IteratorAggregation.java,clean,,TP,test-label,90.066,git,,
driver-auto-on,ctl,linkedin_camus__288c5aae77,linkedin_camus__288c5aae77__camus-etl-kafka_src_test_java_com_linkedin_camus_etl_kafka_CamusJobTestWithMock.java,clean,,TP,test-label,92.416,git,,
driver-auto-on,ctl,linkedin_camus__fd747243ca,linkedin_camus__fd747243ca__camus-etl-kafka_src_main_java_com_linkedin_camus_etl_kafka_mapred_EtlInputFormat.java,clean,,TP,test-label,94.394,git,,
driver-auto-on,ctl,lwhite1_tablesaw__86cd643c39,lwhite1_tablesaw__86cd643c39__src_main_java_com_github_lwhite1_tablesaw_io_csv_CsvReader.java,clean,,TP,test-label,90.659,git,,
driver-auto-on,ctl,lyncode_xoai__dc7a68da97,lyncode_xoai__dc7a68da97__xoai-service-provider_src_main_java_org_dspace_xoai_serviceprovider_client_HttpOAIClient.java,clean,,TP,test-label,85.569,mergiraf,,
driver-auto-on,ctl,mambu-gmbh_mambu-apis-java__9975c4d9e5,mambu-gmbh_mambu-apis-java__9975c4d9e5__src_demo_DemoTestLoanService.java,clean,,TP,test-label,110.706,git,,
driver-auto-on,ctl,marginallyclever_makelangelo__bfbac0b14d,marginallyclever_makelangelo__bfbac0b14d__src_main_java_com_marginallyclever_makelangelo_Makelangelo.java,clean,,TP,test-label,102.905,mergiraf,,
driver-auto-on,ctl,marloncarvalho_aliendroid-activerecord__f03a2f645f,marloncarvalho_aliendroid-activerecord__f03a2f645f__src_main_java_org_alienlabs_aliendroid_activerecord_Model.java,clean,,TP,test-label,89.985,mergiraf,,
driver-auto-on,ctl,maven-nar_nar-maven-plugin__00d2e833de,maven-nar_nar-maven-plugin__00d2e833de__src_main_java_com_github_maven_nar_AbstractNarMojo.java,clean,,TP,test-label,85.869,git,,
driver-auto-on,ctl,maven-nar_nar-maven-plugin__bd5a26aed9,maven-nar_nar-maven-plugin__bd5a26aed9__src_main_java_com_github_maven_nar_AbstractNarMojo.java,clean,,TP,test-label,87.256,mergiraf,,
driver-auto-on,ctl,maven-nar_nar-maven-plugin__bd5a26aed9,maven-nar_nar-maven-plugin__bd5a26aed9__src_main_java_com_github_maven_nar_Msvc.java,clean,,TP,test-label,94.725,git,,
driver-auto-on,ctl,maxmind_geoip-api-java__3c90dc1bd7,maxmind_geoip-api-java__3c90dc1bd7__src_main_java_com_maxmind_geoip_LookupService.java,clean,,TP,test-label,97.205,mergiraf,,
driver-auto-on,ctl,mbosecke_pebble__22c0075ed2,mbosecke_pebble__22c0075ed2__src_main_java_com_mitchellbosecke_pebble_template_EvaluationContext.java,clean,,TP,test-label,83.73,git,,
driver-auto-on,ctl,medcl_elasticsearch-analysis-ik__8c50edf0e0,medcl_elasticsearch-analysis-ik__8c50edf0e0__src_main_java_org_wltea_analyzer_help_Sleep.java,clean,,TP,test-label,84.68,mergiraf,,
driver-auto-on,ctl,medcl_elasticsearch-analysis-pinyin__acdd6eff2a,medcl_elasticsearch-analysis-pinyin__acdd6eff2a__src_main_java_org_elasticsearch_index_analysis_PinyinTokenFilter.java,clean,,TP,test-label,91.65,mergiraf,,
driver-auto-on,ctl,medcl_elasticsearch-analysis-pinyin__acdd6eff2a,medcl_elasticsearch-analysis-pinyin__acdd6eff2a__src_main_java_org_elasticsearch_index_analysis_PinyinTokenizer.java,clean,,TP,test-label,91.064,mergiraf,,
driver-auto-on,ctl,mercadopago_sdk-java__540cfa9763,mercadopago_sdk-java__540cfa9763__src_test_java_com_mercadopago_BaseClientIT.java,conflict,textual,TN,dev-match,80.076,git,,
driver-auto-on,ctl,mercadopago_sdk-java__540cfa9763,mercadopago_sdk-java__540cfa9763__src_test_java_com_mercadopago_client_cardtoken_CardTokenClientIT.java,clean,,TP,test-label,84.657,git,,
driver-auto-on,ctl,mlaccetti_javapns__21e9ae8885,mlaccetti_javapns__21e9ae8885__src_main_java_javapns_notification_transmission_NotificationThreads.java,clean,,TP,test-label,89.955,git,,
driver-auto-on,ctl,mmazi_rescu__efdd938e7a,mmazi_rescu__efdd938e7a__src_test_java_si_mazi_rescu_RestInvocationHandlerTest.java,clean,,TP,test-label,94.894,mergiraf,,
driver-auto-on,ctl,mongobee_mongobee__abf507930c,mongobee_mongobee__abf507930c__src_main_java_com_github_mongobee_Mongobee.java,clean,,TP,test-label,89.03,mergiraf,,
driver-auto-on,ctl,mongobee_mongobee__abf507930c,mongobee_mongobee__abf507930c__src_main_java_com_github_mongobee_dao_ChangeEntryDao.java,conflict,textual,TN,dev-match,81.206,git,,
driver-auto-on,ctl,mongobee_mongobee__ac5bd40a5a,mongobee_mongobee__ac5bd40a5a__src_main_java_com_github_mongobee_Mongobee.java,clean,,TP,test-label,88.991,mergiraf,,
driver-auto-on,ctl,movsim_movsim__393a33e6d0,movsim_movsim__393a33e6d0__core_src_main_java_org_movsim_simulator_vehicles_Vehicle.java,clean,,TP,test-label,95.428,git,,
driver-auto-on,ctl,mrcookieslime_slimefun-3.0__6a34470b47,mrcookieslime_slimefun-3.0__6a34470b47__src_main_java_io_github_thebusybiscuit_slimefun4_api_items_SlimefunItem.java,conflict,textual,TN,dev-match,87.791,git,,
driver-auto-on,ctl,mtedone_podam__1075ffea79,mtedone_podam__1075ffea79__src_main_java_uk_co_jemos_podam_api_PodamFactoryImpl.java,clean,,TP,test-label,120.781,mergiraf,,
driver-auto-on,ctl,mtedone_podam__1075ffea79,mtedone_podam__1075ffea79__src_test_java_uk_co_jemos_podam_test_unit_pdm3_Pdm3PojoUnitTest.java,clean,,TP,test-label,88.533,mergiraf,,
driver-auto-on,ctl,mycila_license-maven-plugin__b28809b593,mycila_license-maven-plugin__b28809b593__license-maven-plugin_src_main_java_com_mycila_maven_plugin_license_header_HeaderParser.java,clean,,TP,test-label,87.996,git,,
driver-auto-on,ctl,mycila_license-maven-plugin__b28809b593,mycila_license-maven-plugin__b28809b593__license-maven-plugin_src_test_java_com_mycila_maven_plugin_license_UpdateMojoTest.java,clean,,TP,test-label,91.844,mergiraf,,
driver-auto-on,ctl,mycila_license-maven-plugin__d3bf529757,mycila_license-maven-plugin__d3bf529757__license-maven-plugin-git_src_main_java_com_mycila_maven_plugin_license_git_GitLookup.java,clean,,TP,test-label,88.817,mergiraf,,
driver-auto-on,ctl,named-data_jndn__320742aa20,named-data_jndn__320742aa20__src_net_named_data_jndn_Data.java,clean,,TP,test-label,88.606,git,,
driver-auto-on,ctl,named-data_jndn__320742aa20,named-data_jndn__320742aa20__src_net_named_data_jndn_Node.java,clean,,TP,test-label,98.883,git,,
driver-auto-on,ctl,nysenate_openlegislation__8645aab4d6,nysenate_openlegislation__8645aab4d6__src_main_java_gov_nysenate_openleg_controller_api_bill_BillGetCtrl.java,clean,,TP,test-label,89.866,mergiraf,,
driver-auto-on,ctl,omnifaces_omnifaces__2e8d3a4ee3,omnifaces_omnifaces__2e8d3a4ee3__src_main_java_org_omnifaces_util_Components.java,clean,,TP,test-label,93.811,git,,
driver-auto-on,ctl,openhft_chronicle-bytes__dc67904a63,openhft_chronicle-bytes__dc67904a63__src_main_java_net_openhft_chronicle_bytes_Bytes.java,clean,,TP,test-label,92.059,mergiraf,,
driver-auto-on,ctl,openhft_chronicle-bytes__dc67904a63,openhft_chronicle-bytes__dc67904a63__src_test_java_net_openhft_chronicle_bytes_BytesJavaDocComplianceTest.java,conflict,textual,TN,dev-match,89.072,mergiraf,,
driver-auto-on,ctl,openhft_chronicle-threads__8b940638d7,openhft_chronicle-threads__8b940638d7__src_main_java_net_openhft_chronicle_threads_MonitorEventLoop.java,clean,,TP,test-label,85.798,git,,
driver-auto-on,ctl,openpnp_openpnp__17a7443913,openpnp_openpnp__17a7443913__src_main_java_org_openpnp_gui_importer_EagleBoardImporter.java,conflict,textual,TN,dev-match,96.446,git,,
driver-auto-on,ctl,openpnp_openpnp__99835c7c58,openpnp_openpnp__99835c7c58__src_main_java_org_openpnp_gui_JobPanel.java,clean,,TP,test-label,153.711,git,,
driver-auto-on,ctl,openpnp_openpnp__99835c7c58,openpnp_openpnp__99835c7c58__src_main_java_org_openpnp_gui_support_Icons.java,clean,,TP,test-label,84.913,git,,
driver-auto-on,ctl,openpnp_openpnp__e8a35b8e6f,openpnp_openpnp__e8a35b8e6f__src_main_java_org_openpnp_gui_importer_EagleBoardImporter.java,clean,,TP,test-label,108.043,git,,
driver-auto-on,ctl,openskynetwork_java-adsb__14f216cddf,openskynetwork_java-adsb__14f216cddf__src_main_java_org_opensky_libadsb_Decoder.java,clean,,TP,test-label,85.105,git,,
driver-auto-on,ctl,outbrain_ob1k__8b2c257efe,outbrain_ob1k__8b2c257efe__ob1k-example_src_main_java_com_outbrain_ob1k_example_hello_server_HelloServer.java,conflict,textual,TN,dev-match,83.744,git,,
driver-auto-on,ctl,pandcorps_pandam__e736609b61,pandcorps_pandam__e736609b61__game-furguardians_src_main_java_org_pandcorps_furguardians_FurGuardiansGame.java,clean,,TP,test-label,135.102,git,,
driver-auto-on,ctl,poetix_protonpack__2ce321af89,poetix_protonpack__2ce321af89__src_main_java_com_codepoetics_protonpack_StreamUtils.java,clean,,TP,test-label,88.978,git,,
driver-auto-on,ctl,progether_jadventure__d4407d1e77,progether_jadventure__d4407d1e77__src_main_java_com_jadventure_game_repository_ItemRepository.java,clean,,TP,test-label,87.499,git,,
driver-auto-on,ctl,progether_jadventure__d62cfd35b9,progether_jadventure__d62cfd35b9__src_main_java_com_jadventure_game_menus_BattleMenu.java,clean,,TP,test-label,90.93,git,,
driver-auto-on,ctl,reckart_shib-http-client__536fe936a3,reckart_shib-http-client__536fe936a3__src_main_java_de_tudarmstadt_ukp_shibhttpclient_ShibHttpClient.java,clean,,TP,test-label,96.373,git,,
driver-auto-on,ctl,reckart_shib-http-client__8f3bd71757,reckart_shib-http-client__8f3bd71757__src_main_java_de_tudarmstadt_ukp_shibhttpclient_ShibHttpClient.java,clean,,TP,test-label,94.2,git,,
driver-auto-on,ctl,recommenders_rival__aa1752831e,recommenders_rival__aa1752831e__rival-examples_src_main_java_net_recommenders_rival_examples_movielens100k_CrossValidatedMahoutKNNRecommenderEvaluator.java,clean,,TP,test-label,90.822,mergiraf,,
driver-auto-on,ctl,recommenders_rival__aa1752831e,recommenders_rival__aa1752831e__rival-examples_src_main_java_net_recommenders_rival_examples_movielens100k_TemporalSplitMahoutKNNRecommenderEvaluator.java,clean,,TP,test-label,90.067,mergiraf,,
driver-auto-on,ctl,relayrides_pushy__43129f9c9a,relayrides_pushy__43129f9c9a__src_main_java_com_relayrides_pushy_apns_PushManager.java,clean,,TP,test-label,87.736,mergiraf,,
driver-auto-on,ctl,relayrides_pushy__9446136376,relayrides_pushy__9446136376__src_main_java_com_relayrides_pushy_apns_ApnsClientThread.java,clean,,TP,test-label,100.635,mergiraf,,
driver-auto-on,ctl,renepickhardt_generalized-language-modeling-toolkit__f8105ddc44,renepickhardt_generalized-language-modeling-toolkit__f8105ddc44__src_de_typology_utils_Config.java,clean,,TP,test-label,88.454,git,,
driver-auto-on,ctl,richardwarburton_lambda-behave__8695b13525,richardwarburton_lambda-behave__8695b13525__lambda-behave_src_main_java_com_insightfullogic_lambdabehave_BehaveRunner.java,clean,,TP,dev-match,86.816,git,,
driver-auto-on,ctl,sachin-handiekar_jinstagram__210897a17d,sachin-handiekar_jinstagram__210897a17d__src_main_java_org_jinstagram_realtime_Constants.java,clean,,TP,test-label,83.671,mergiraf,,
driver-auto-on,ctl,sachin-handiekar_jinstagram__210897a17d,sachin-handiekar_jinstagram__210897a17d__src_main_java_org_jinstagram_realtime_InstagramSubscription.java,clean,,TP,test-label,89.488,mergiraf,,
driver-auto-on,ctl,sander2798_enderstone__4cf9ea9f17,sander2798_enderstone__4cf9ea9f17__src_org_enderstone_server_Main.java,clean,,TP,test-label,89.298,mergiraf,,
driver-auto-on,ctl,sander2798_enderstone__4cf9ea9f17,sander2798_enderstone__4cf9ea9f17__src_org_enderstone_server_packet_NetworkManager.java,clean,,TP,test-label,89.225,git,,
driver-auto-on,ctl,sander2798_enderstone__ba66c3e8b2,sander2798_enderstone__ba66c3e8b2__src_org_enderstone_server_Location.java,clean,,TP,test-label,86.958,mergiraf,,
driver-auto-on,ctl,sander2798_enderstone__bd46a612d1,sander2798_enderstone__bd46a612d1__src_org_enderstone_server_Main.java,clean,,TP,test-label,95.655,mergiraf,,
driver-auto-on,ctl,sandergielisse_enderstone__272bbb1c0f,sandergielisse_enderstone__272bbb1c0f__src_org_enderstone_server_inventory_CraftingInventory.java,clean,,TP,test-label,86.036,git,,
driver-auto-on,ctl,sandergielisse_enderstone__272bbb1c0f,sandergielisse_enderstone__272bbb1c0f__src_org_enderstone_server_inventory_PlayerInventory.java,clean,,TP,test-label,86.721,git,,
driver-auto-on,ctl,sandergielisse_enderstone__8e17a2983e,sandergielisse_enderstone__8e17a2983e__src_org_enderstone_server_packet_NetworkManager.java,clean,,TP,test-label,91.886,git,,
driver-auto-on,ctl,sandergielisse_enderstone__bae18e3ef8,sandergielisse_enderstone__bae18e3ef8__src_org_enderstone_server_entity_EnderEntity.java,clean,,TP,test-label,90.483,git,,
driver-auto-on,ctl,sandergielisse_enderstone__bae18e3ef8,sandergielisse_enderstone__bae18e3ef8__src_org_enderstone_server_entity_EntityMob.java,clean,,TP,test-label,90.242,mergiraf,,
driver-auto-on,ctl,sd4324530_fastweixin__53b5138ff7,sd4324530_fastweixin__53b5138ff7__src_main_java_com_github_sd4324530_fastweixin_servlet_WeixinSupport.java,clean,,TP,test-label,95.601,git,,
driver-auto-on,ctl,sebfz1_wicket-jquery-ui__0f6ed11d6f,sebfz1_wicket-jquery-ui__0f6ed11d6f__wicket-kendo-ui_src_main_java_com_googlecode_wicket_kendo_ui_widget_treeview_AjaxTreeView.java,clean,,TP,test-label,88.923,mergiraf,,
driver-auto-on,ctl,semanticvectors_semanticvectors__4dbe868ff9,semanticvectors_semanticvectors__4dbe868ff9__src_main_java_pitt_search_semanticvectors_LuceneUtils.java,clean,,TP,test-label,92.159,git,,
driver-auto-on,ctl,socialsensor_graphdb-benchmarks__87e995db56,socialsensor_graphdb-benchmarks__87e995db56__src_main_java_eu_socialsensor_graphdatabases_Neo4jGraphDatabase.java,clean,,TP,test-label,94.533,git,,
driver-auto-on,ctl,socialsensor_graphdb-benchmarks__87e995db56,socialsensor_graphdb-benchmarks__87e995db56__src_main_java_eu_socialsensor_graphdatabases_TitanGraphDatabase.java,clean,,TP,test-label,96.564,git,,
driver-auto-on,ctl,square_javapoet__c0f4a89bc0,square_javapoet__c0f4a89bc0__src_main_java_com_squareup_javawriter_JavaWriter.java,clean,,TP,test-label,97.778,mergiraf,,
driver-auto-on,ctl,square_javapoet__c0f4a89bc0,square_javapoet__c0f4a89bc0__src_test_java_com_squareup_javawriter_JavaWriterTest.java,clean,,TP,test-label,95.428,git,,
driver-auto-on,ctl,srt_asterisk-java__99ba7cc5bd,srt_asterisk-java__99ba7cc5bd__src_main_java_org_asteriskjava_live_internal_AsteriskServerImpl.java,clean,,TP,test-label,96.723,mergiraf,,
driver-auto-on,ctl,steveice10_mcprotocollib__ba0c6af56c,steveice10_mcprotocollib__ba0c6af56c__src_main_java_com_github_steveice10_mc_protocol_MinecraftConstants.java,conflict,textual,TN,dev-match,80.853,mergiraf,,
driver-auto-on,ctl,structr_structr__b0df448496,structr_structr__b0df448496__structr-core_src_main_java_org_structr_common_SecurityContext.java,clean,,TP,test-label,95.846,git,,
driver-auto-on,ctl,swagger-api_swagger-parser__2316e42a34,swagger-api_swagger-parser__2316e42a34__modules_swagger-parser_src_test_java_io_swagger_parser_OpenAPIParserTest.java,clean,,TP,test-label,94.394,git,,
driver-auto-on,ctl,synbiodex_libsbolj__0ceaff01a9,synbiodex_libsbolj__0ceaff01a9__core2_src_main_java_org_sbolstandard_core2_SBOLDocument.java,clean,,TP,test-label,117.686,git,,
driver-auto-on,ctl,syncleus_ferma__dc1fdab4a2,syncleus_ferma__dc1fdab4a2__totorom-tinkerpop2_src_main_java_org_jglue_totorom_FramedGraph.java,clean,,TP,test-label,87.837,git,,
driver-auto-on,ctl,t-oster_liblasercut__f64046a00a,t-oster_liblasercut__f64046a00a__src_main_java_de_thomas_oster_liblasercut_drivers_GenericGcodeDriver.java,clean,,TP,test-label,100.06,mergiraf,,
driver-auto-on,ctl,tabulapdf_tabula-java__c603b0f4aa,tabulapdf_tabula-java__c603b0f4aa__src_main_java_technology_tabula_ObjectExtractorStreamEngine.java,clean,,TP,test-label,90.581,git,,
driver-auto-on,ctl,techblue_alfresco-restclient__8e71d5b8d7,techblue_alfresco-restclient__8e71d5b8d7__src_test_java_uk_co_techblue_alfresco_client_test_AlfrescoServiceTest.java,clean,,TP,test-label,88.705,git,,
driver-auto-on,ctl,teknux-org_jetty-bootstrap__993299fa8b,teknux-org_jetty-bootstrap__993299fa8b__src_main_java_org_genux_jettybootstrap_JettyBootstrap.java,clean,,TP,test-label,90.411,mergiraf,,
driver-auto-on,ctl,teknux-org_jetty-bootstrap__993299fa8b,teknux-org_jetty-bootstrap__993299fa8b__src_main_java_org_genux_jettybootstrap_configuration_JettyConfiguration.java,clean,,TP,test-label,85.507,git,,
driver-auto-on,ctl,threeten_threeten-extra__419518c223,threeten_threeten-extra__419518c223__src_main_java_org_threeten_extra_chrono_Symmetry010Date.java,clean,,TP,test-label,94.014,git,,
driver-auto-on,ctl,threeten_threeten-extra__419518c223,threeten_threeten-extra__419518c223__src_test_java_org_threeten_extra_chrono_TestSymmetry010Chronology.java,clean,,TP,test-label,100.003,git,,
driver-auto-on,ctl,threeten_threeten-extra__f0bf686f17,threeten_threeten-extra__f0bf686f17__src_main_java_org_threeten_extra_scale_UtcInstant.java,clean,,TP,test-label,89.786,git,,
driver-auto-on,ctl,titokone_titokone__b4ac484b6a,titokone_titokone__b4ac484b6a__src_main_java_fi_helsinki_cs_titokone_Compiler.java,clean,,TP,test-label,103.01,git,,
driver-auto-on,ctl,tkelley-eg_collectd-fast-jmx__558343d132,tkelley-eg_collectd-fast-jmx__558343d132__src_main_java_org_collectd_AttributePermutation.java,clean,,TP,test-label,93.468,git,,
driver-auto-on,ctl,tupilabs_tap4j__99628e2c44,tupilabs_tap4j__99628e2c44__tap4j-ext_src_main_java_org_tap4j_ext_junit_listener_TapListener.java,clean,,TP,test-label,90.404,mergiraf,,
driver-auto-on,ctl,uklimaschewski_evalex__15aa26eab7,uklimaschewski_evalex__15aa26eab7__src_com_udojava_evalex_Expression.java,clean,,TP,test-label,102.035,mergiraf,,
driver-auto-on,ctl,unitsofmeasurement_uom-se__c2ae9d4caa,unitsofmeasurement_uom-se__c2ae9d4caa__src_main_java_tec_uom_se_AbstractUnit.java,clean,,TP,test-label,88.711,mergiraf,,
driver-auto-on,ctl,unitsofmeasurement_uom-se__c2ae9d4caa,unitsofmeasurement_uom-se__c2ae9d4caa__src_main_java_tec_uom_se_format_SimpleUnitFormat.java,clean,,TP,test-label,95.554,mergiraf,,
driver-auto-on,ctl,uwolfer_gerrit-rest-java-client__35856ab8bd,uwolfer_gerrit-rest-java-client__35856ab8bd__src_test_java_com_urswolfer_gerrit_client_rest_http_GerritRestClientTest.java,clean,,TP,test-label,91.47,mergiraf,,
driver-auto-on,ctl,verhas_djcproxy__db3b9bf795,verhas_djcproxy__db3b9bf795__src_main_java_com_javax0_djcproxy_ProxySourceFactory.java,clean,,TP,test-label,92.083,mergiraf,,
driver-auto-on,ctl,vojtechhabarta_typescript-generator__05aea6d7c1,vojtechhabarta_typescript-generator__05aea6d7c1__typescript-generator-core_src_main_java_cz_habarta_typescript_generator_ext_BeanPropertyPathExtension.java,clean,,TP,test-label,88.754,git,,
driver-auto-on,ctl,wokier_teh__4291bbd98f,wokier_teh__4291bbd98f__src_test_java_teh_perf_PerfTest.java,clean,,TP,dev-match,86.361,git,,
driver-auto-on,ctl,wvengen_proguard-maven-plugin__1cc9601e1f,wvengen_proguard-maven-plugin__1cc9601e1f__src_main_java_com_github_wvengen_maven_proguard_ProGuardMojo.java,clean,,TP,test-label,99.094,git,,
driver-auto-on,ctl,xebia_xebium__817270a3db,xebia_xebium__817270a3db__src_main_java_com_xebia_incubator_xebium_SeleniumDriverFixture.java,clean,,TP,test-label,91.915,mergiraf,,
driver-auto-on,ctl,yubico_ykneo-openpgp__2766bd7444,yubico_ykneo-openpgp__2766bd7444__applet_src_openpgpcard_OpenPGPApplet.java,clean,,TP,test-label,100.916,git,,
driver-auto-on,ctl,yubico_ykneo-openpgp__2766bd7444,yubico_ykneo-openpgp__2766bd7444__test_test_openpgpcardTest_OpenPGPAppletTest.java,conflict,semantic,TN,dev-match,93.781,mergiraf,SignatureStaleCall,SignatureStaleCall L171: Stale call to 'doVerify' with pre-change argument count 2: ours changed the signature 'private doVer | SignatureStaleCall L174: Stale call to 'doVerify' with pre-change argument count 2: ours changed the signature 'private doVer | SignatureStaleCall L190: Stale call to 'doVerify' with pre-change argument count 2: ours changed the signature 'private doVer | SignatureStaleCall L193: Stale call to 'doVerify' with pre-change argument count 2: ours changed the signature 'priv
driver-auto-on,ctl,yubico_ykneo-openpgp__b145a6bdbc,yubico_ykneo-openpgp__b145a6bdbc__applet_src_openpgpcard_OpenPGPApplet.java,conflict,textual,FN,dev-match,90.684,git,,
driver-auto-on,ctl,yubico_ykneo-openpgp__b145a6bdbc,yubico_ykneo-openpgp__b145a6bdbc__applet_src_openpgpcard_PGPKey.java,clean,,TP,test-label,86.888,git,,
